# Blender 5.1.2
# www.blender.org
mtllib a.mtl
o 5_Megaman_1_0_0.004
v -0.590789 0.963579 -0.033189
v -0.590158 0.989299 -0.022107
v -0.605506 0.969309 -0.044366
v -0.604824 0.935793 -0.046611
v -0.589066 0.933118 -0.034074
v -0.608897 0.903065 -0.038808
v -0.584725 0.902840 -0.023275
v -0.600210 0.880340 -0.022658
v -0.580046 0.930782 -0.021194
v -0.582955 0.884243 0.000249
v -0.588915 0.877252 0.023475
v -0.596345 0.864544 -0.000638
v -0.598662 0.858202 0.024417
v -0.623531 0.848230 -0.016993
v -0.609598 0.844747 0.000122
v -0.624261 0.876653 -0.033056
v -0.607670 0.839951 0.024854
v -0.621376 0.822454 0.002773
v -0.634540 0.825390 -0.012793
v -0.639138 0.850514 -0.027303
v -0.647365 0.827168 -0.022588
v -0.657045 0.852914 -0.036709
v -0.664967 0.829211 -0.031791
v -0.645988 0.879911 -0.044358
v -0.634448 0.907106 -0.052006
v -0.625488 0.939300 -0.056927
v -0.621904 0.974611 -0.054090
v -0.642956 0.982444 -0.060949
v -0.642416 1.011022 -0.055378
v -0.620717 1.003048 -0.042695
v -0.645510 1.031270 -0.045375
v -0.623268 1.022576 -0.025597
v -0.608584 1.014508 -0.018608
v -0.606182 0.997374 -0.034771
v -0.627708 1.034570 -0.026903
v -0.618905 1.032710 -0.004530
v -0.611879 1.023620 0.000852
v -0.620981 1.020765 0.015288
v -0.626613 1.031404 0.010550
v -0.627181 1.042828 0.007388
v -0.619635 1.045378 -0.007415
v -0.625955 1.062530 0.005254
v -0.617300 1.067617 -0.010871
v -0.623556 1.087784 0.009516
v -0.613340 1.098916 -0.014697
v -0.617833 1.112041 0.007065
v -0.617201 1.108331 0.031330
v -0.621658 1.092146 0.034810
v -0.612230 1.116191 -0.013659
v -0.632344 1.077373 0.017700
v -0.635530 1.058757 0.015806
v -0.647362 1.055015 0.022491
v -0.644184 1.067763 0.024759
v -0.660218 1.060264 0.027335
v -0.645347 1.068173 0.038861
v -0.663296 1.051175 0.026372
v -0.677561 1.056547 0.020961
v -0.679266 1.049424 0.021130
v -0.634140 1.077250 0.037531
v -0.658014 1.058692 0.039756
v -0.668438 1.053580 0.039202
v -0.682142 1.049648 0.036252
v -0.637647 1.040454 0.018655
v -0.649244 1.038682 0.025144
v -0.638487 1.030186 0.022664
v -0.650635 1.029152 0.029581
v -0.665851 1.036462 0.028496
v -0.670046 1.027368 0.033726
v -0.686432 1.027124 0.029320
v -0.673838 1.011227 0.037414
v -0.689672 1.011206 0.031769
v -0.647869 1.008090 0.038632
v -0.634092 1.013984 0.027688
v -0.626723 1.009273 0.033631
v -0.612519 1.016930 0.019704
v -0.646101 0.994586 0.052106
v -0.664773 1.004308 0.046727
v -0.670434 0.985256 0.060507
v -0.679086 1.003260 0.045897
v -0.686796 0.983870 0.056935
v -0.679650 0.957047 0.074816
v -0.696306 0.959027 0.069209
v -0.659763 0.956372 0.078199
v -0.639277 0.957374 0.077412
v -0.667370 0.929600 0.090964
v -0.644115 0.930192 0.086467
v -0.620222 0.935092 0.080427
v -0.645442 0.913538 0.090568
v -0.616307 0.964430 0.077035
v -0.704930 0.932943 0.080462
v -0.687330 0.930701 0.087042
v -0.710225 0.914879 0.085419
v -0.691677 0.913057 0.092966
v -0.725787 0.938782 0.068619
v -0.669796 0.912554 0.096882
v -0.673239 0.895993 0.097965
v -0.695736 0.895814 0.094791
v -0.677621 0.873649 0.095895
v -0.654398 0.876349 0.090156
v -0.658679 0.854447 0.086230
v -0.681117 0.853683 0.092052
v -0.699167 0.873627 0.093413
v -0.715140 0.896689 0.087427
v -0.734428 0.901547 0.072452
v -0.718904 0.875083 0.086518
v -0.739754 0.877968 0.074925
v -0.702185 0.854235 0.091608
v -0.684895 0.829154 0.088068
v -0.705803 0.829403 0.089619
v -0.664404 0.829711 0.083822
v -0.669050 0.803339 0.082348
v -0.687975 0.802280 0.085452
v -0.708017 0.801019 0.087616
v -0.727836 0.830906 0.084042
v -0.730020 0.801700 0.082344
v -0.722851 0.856034 0.085335
v -0.735661 0.831834 0.080010
v -0.651850 0.779356 0.071324
v -0.670824 0.775695 0.083518
v -0.709047 0.773328 0.085551
v -0.731149 0.773203 0.081131
v -0.749892 0.774232 0.072282
v -0.689007 0.774450 0.085531
v -0.670053 0.749364 0.087128
v -0.644881 0.733426 0.078810
v -0.666667 0.727012 0.091311
v -0.660856 0.708557 0.094009
v -0.684328 0.722781 0.089780
v -0.680412 0.698520 0.090759
v -0.704757 0.697386 0.087356
v -0.706787 0.720676 0.087479
v -0.688150 0.748015 0.087827
v -0.708463 0.747073 0.086085
v -0.731423 0.720422 0.081655
v -0.731794 0.746745 0.080762
v -0.751477 0.747569 0.071422
v -0.730781 0.697672 0.081630
v -0.701736 0.670602 0.084715
v -0.728674 0.670595 0.079447
v -0.752322 0.698089 0.071260
v -0.654476 0.708615 0.078860
v -0.676413 0.668265 0.091502
v -0.698625 0.645809 0.079959
v -0.673417 0.678738 0.089401
v -0.694855 0.658784 0.084446
v -0.650134 0.692251 0.086949
v -0.646775 0.703984 0.089862
v -0.634717 0.711479 0.065408
v -0.710640 0.639923 0.076419
v -0.707401 0.649938 0.092098
v -0.719161 0.610099 0.040054
v -0.730230 0.610215 0.035076
v -0.723368 0.626549 0.059843
v -0.745723 0.645675 0.061911
v -0.726139 0.645679 0.071063
v -0.622812 1.006438 0.037753
v -0.628425 0.989046 0.057020
v -0.618419 1.005170 0.041391
v -0.608355 1.015329 0.024798
v -0.597598 1.017497 0.008121
v -0.602843 1.019335 0.004295
v -0.606884 1.004338 0.050525
v -0.614756 0.986658 0.066334
v -0.597503 1.016727 0.033166
v -0.587700 1.018847 0.015450
v -0.585162 1.006502 0.063931
v -0.593502 0.990013 0.078406
v -0.604516 0.964857 0.081668
v -0.566513 1.022076 0.027395
v -0.575738 1.017952 0.046733
v -0.561498 1.014132 0.012919
v -0.579304 1.009171 0.000637
v -0.574751 0.990809 -0.011004
v -0.586268 0.989829 -0.019556
v -0.589952 1.008141 -0.006896
v -0.559834 1.001465 0.004082
v -0.584405 0.977108 -0.021525
v -0.594873 1.009381 -0.011327
v -0.541532 1.008573 0.018384
v -0.545467 0.993926 0.007015
v -0.543096 1.014489 0.036014
v -0.550345 1.009710 0.056970
v -0.537795 0.979183 0.005572
v -0.535222 0.952259 -0.002163
v -0.518334 0.958024 0.010095
v -0.526275 0.990510 0.017108
v -0.522901 0.993421 0.036263
v -0.510233 0.958194 0.028076
v -0.527569 0.988117 0.059208
v -0.512119 0.952379 0.050805
v -0.514284 0.936894 0.009400
v -0.507934 0.936215 0.024905
v -0.530407 0.932804 -0.002712
v -0.543387 0.927999 -0.005448
v -0.511538 0.916848 0.008050
v -0.505727 0.916073 0.022955
v -0.508159 0.911745 0.038624
v -0.510056 0.931050 0.044965
v -0.516765 0.925016 0.060186
v -0.520923 0.944578 0.066764
v -0.533905 0.936183 0.075814
v -0.527789 0.918721 0.068231
v -0.513384 0.906620 0.052412
v -0.521721 0.901747 0.059136
v -0.519337 0.897748 -0.004658
v -0.506584 0.900774 0.005405
v -0.500761 0.900030 0.020121
v -0.503207 0.895739 0.035810
v -0.549663 0.965124 0.086112
v -0.537049 0.978114 0.076068
v -0.559780 0.998440 0.074717
v -0.570040 0.982333 0.086747
v -0.562527 0.951992 0.091877
v -0.582421 0.964863 0.092825
v -0.595615 0.893877 0.046040
v -0.602092 0.878100 0.047580
v -0.609712 0.900510 0.065164
v -0.620597 0.883729 0.070020
v -0.610277 0.857447 0.049918
v -0.631131 0.856170 0.071560
v -0.619048 0.835345 0.049945
v -0.640749 0.831582 0.071702
v -0.617500 0.817564 0.025143
v -0.627611 0.811644 0.049836
v -0.647907 0.806126 0.071709
v -0.632381 0.785207 0.049395
v -0.623424 0.791085 0.024981
v -0.623507 0.766152 0.026638
v -0.629813 0.759967 0.052067
v -0.650998 0.753574 0.074101
v -0.618416 0.746368 0.029659
v -0.624078 0.741102 0.056272
v -0.610915 0.721775 0.032550
v -0.618828 0.723341 0.058054
v -0.640133 0.717017 0.081753
v -0.615331 0.705978 0.044833
v -0.605637 0.698455 0.032826
v -0.608689 0.690389 0.052618
v -0.599873 0.673810 0.034003
v -0.605080 0.686516 0.057715
v -0.629637 0.694640 0.074205
v -0.625651 0.700206 0.076634
v -0.623041 1.116858 -0.036488
v -0.623251 1.101338 -0.036652
v -0.625807 1.070210 -0.032437
v -0.626873 1.047215 -0.028254
v -0.614415 1.127644 0.028871
v -0.742619 0.858652 0.074795
v -0.748523 0.803304 0.073429
v -0.619876 0.911237 0.075930
v -0.648545 0.898456 0.091810
v -0.583398 0.905999 0.051947
v -0.594588 0.911819 0.068198
v -0.602754 0.920928 0.078590
v -0.602877 0.941274 0.083750
v -0.582192 0.892713 0.022395
v -0.569004 0.903986 0.029513
v -0.584995 0.948464 0.090715
v -0.585948 0.937444 0.086691
v -0.583915 0.931379 0.076349
v -0.578246 0.928148 0.059860
v -0.579970 0.934463 0.082349
v -0.583262 0.931537 0.072164
v -0.583561 0.931651 0.056049
v -0.573239 0.941271 0.088383
v -0.561124 0.926311 0.080607
v -0.546147 0.934788 0.082583
v -0.571593 0.920766 0.074771
v -0.564350 0.903621 0.067879
v -0.573996 0.901298 0.059985
v -0.578329 0.918072 0.065623
v -0.549883 0.908669 0.072366
v -0.567376 0.882986 0.058546
v -0.554393 0.886756 0.066024
v -0.572113 0.884781 0.040877
v -0.579077 0.902771 0.043197
v -0.580658 0.907156 0.020564
v -0.547150 0.871257 0.065774
v -0.529518 0.878618 0.065311
v -0.534780 0.895121 0.064905
v -0.540819 0.912561 0.071772
v -0.534519 0.915339 0.071004
v -0.562325 0.866870 0.056946
v -0.567908 0.873527 0.014831
v -0.566921 0.868974 0.038092
v -0.511170 0.830562 0.058148
v -0.498394 0.837291 0.051861
v -0.485837 0.797236 0.042435
v -0.496789 0.792516 0.047833
v -0.477527 0.802184 0.034660
v -0.488051 0.843663 0.042580
v -0.528394 0.823186 0.058660
v -0.511692 0.787785 0.048509
v -0.517179 0.885334 0.057661
v -0.508339 0.890623 0.049757
v -0.543310 0.818877 0.049320
v -0.548845 0.825803 0.005837
v -0.547851 0.821071 0.029977
v -0.531235 0.788009 0.024628
v -0.525539 0.785575 0.040743
v -0.498223 0.782504 0.041373
v -0.508217 0.788423 0.039776
v -0.483228 0.848856 0.027645
v -0.481525 0.853067 0.011274
v -0.474693 0.809739 0.007963
v -0.481075 0.810918 -0.003925
v -0.487323 0.853742 -0.003339
v -0.474705 0.806102 0.021742
v -0.502544 0.849602 -0.013924
v -0.539167 0.890873 -0.010805
v -0.530408 0.911367 -0.003165
v -0.544835 0.906526 -0.008047
v -0.551010 0.925086 -0.006646
v -0.569455 0.916702 -0.003255
v -0.568932 0.934001 0.003283
v -0.550352 0.946230 -0.001091
v -0.562704 0.898519 -0.005317
v -0.556133 0.883259 -0.007991
v -0.577421 0.911505 0.005571
v -0.570795 0.893437 0.002712
v -0.573926 0.888997 0.017553
v -0.564068 0.878178 0.000332
v -0.520251 0.843040 -0.018247
v -0.537069 0.835387 -0.015739
v -0.545255 0.830392 -0.008387
v -0.554012 0.962868 0.003548
v -0.567874 0.948746 0.008611
v -0.543984 0.964377 0.007980
v -0.549814 0.947574 0.013692
v -0.557790 0.936593 -0.001106
v -0.562432 0.932434 0.022014
v -0.561621 0.911798 0.013190
v -0.576317 0.899075 0.003438
v -0.554791 0.961660 -0.002755
v -0.572685 0.965037 -0.015496
v -0.571743 0.927198 0.036349
v -0.576390 0.939870 0.018061
v -0.577479 0.927240 0.012300
v -0.581556 0.934270 0.033030
v -0.663662 1.011004 0.037666
v -0.623685 0.975000 0.067725
v -0.525929 0.799864 -0.014010
v -0.511395 0.805016 -0.016352
v -0.529813 0.790111 0.019186
v -0.535143 0.795046 0.021143
v -0.521059 0.784019 0.019220
v -0.495686 0.808884 -0.012815
v -0.510066 0.777578 0.021200
v -0.534891 0.796873 0.023862
v -0.532662 0.796343 -0.007205
v -0.534299 0.792422 0.004319
v -0.538894 0.782673 0.049909
v -0.538479 0.793922 0.051644
v -0.547551 0.779886 0.087348
v -0.541396 0.797457 0.088884
v -0.525707 0.758633 0.045422
v -0.534415 0.770441 0.047755
v -0.547273 0.761595 0.083001
v -0.540896 0.744369 0.076353
v -0.515845 0.753347 0.043860
v -0.529880 0.737483 0.069855
v -0.501457 0.773875 0.024730
v -0.504969 0.752966 0.042953
v -0.514911 0.738346 0.063417
v -0.494726 0.772243 0.029432
v -0.489736 0.771913 0.033895
v -0.489571 0.773810 0.037360
v -0.491908 0.777205 0.040010
v -0.489705 0.761060 0.042965
v -0.486660 0.769612 0.043934
v -0.489584 0.752962 0.055590
v -0.481127 0.766732 0.054922
v -0.500275 0.742286 0.057063
v -0.495139 0.754813 0.042044
v -0.487646 0.781121 0.045712
v -0.476828 0.784396 0.057105
v -0.495246 0.792085 0.047956
v -0.482055 0.800374 0.063178
v -0.498024 0.806185 0.071762
v -0.508457 0.796947 0.049793
v -0.518600 0.792350 0.034760
v -0.529905 0.795870 0.028065
v -0.581323 0.922467 0.027048
v -0.581114 0.918909 0.049805
v -0.532125 0.806049 0.086034
v -0.519375 0.808607 0.081807
v -0.524819 0.799912 0.051519
v -0.533765 0.799125 0.051656
v -0.691769 0.981385 -0.092388
v -0.701477 0.995405 -0.089742
v -0.674073 0.981400 -0.084564
v -0.681066 0.949236 -0.091309
v -0.699611 0.952610 -0.098882
v -0.696139 0.917256 -0.089865
v -0.720501 0.925030 -0.102743
v -0.720256 0.898869 -0.092837
v -0.747043 0.909502 -0.095671
v -0.764476 0.920711 -0.084158
v -0.745272 0.886176 -0.087599
v -0.722686 0.861285 -0.074790
v -0.744654 0.862527 -0.078601
v -0.701290 0.888307 -0.078069
v -0.745945 0.836095 -0.069629
v -0.767851 0.834029 -0.062244
v -0.725730 0.835376 -0.065794
v -0.705995 0.859316 -0.066273
v -0.710830 0.834118 -0.059475
v -0.688964 0.857117 -0.055315
v -0.694093 0.832401 -0.048719
v -0.675718 0.854303 -0.041509
v -0.665701 0.882243 -0.050758
v -0.680790 0.885166 -0.064694
v -0.682172 0.829796 -0.035895
v -0.672157 0.913227 -0.074073
v -0.661971 0.945733 -0.078315
v -0.654946 0.910181 -0.060321
v -0.647215 0.946030 -0.062147
v -0.656963 0.980792 -0.074644
v -0.659939 1.009971 -0.065689
v -0.668647 1.030633 -0.052174
v -0.683320 1.027564 -0.062372
v -0.674765 1.009457 -0.074975
v -0.667104 1.034570 -0.049648
v -0.690881 1.032710 -0.046085
v -0.696849 1.038065 -0.048757
v -0.645245 1.035105 -0.042018
v -0.706555 1.034668 -0.034481
v -0.700087 1.031404 -0.031870
v -0.695808 1.041543 -0.032223
v -0.687003 1.044117 -0.046300
v -0.693875 1.059345 -0.033934
v -0.684995 1.064442 -0.049929
v -0.699711 1.080617 -0.034394
v -0.684711 1.085398 -0.055792
v -0.704595 1.095608 -0.042893
v -0.724295 1.088047 -0.030335
v -0.720680 1.073391 -0.022208
v -0.690884 1.101294 -0.058948
v -0.700633 1.070946 -0.021674
v -0.697664 1.055842 -0.020043
v -0.697038 1.052685 -0.006171
v -0.699185 1.062587 -0.006954
v -0.692171 1.057257 0.008911
v -0.706492 1.056592 0.003653
v -0.691946 1.049831 0.009841
v -0.713071 1.062300 -0.007918
v -0.698760 1.050975 0.016294
v -0.692055 1.049107 0.025603
v -0.700112 1.039285 -0.017400
v -0.699769 1.037735 -0.004019
v -0.704641 1.030186 -0.015530
v -0.704557 1.029152 -0.001551
v -0.694196 1.035931 0.012135
v -0.698441 1.027368 0.017332
v -0.681941 1.035518 0.023706
v -0.702105 1.015467 0.020804
v -0.716586 1.019163 -0.001377
v -0.712833 1.026408 -0.018038
v -0.723065 1.022728 -0.022010
v -0.706439 1.035536 -0.055824
v -0.731464 1.008027 0.002329
v -0.715823 1.011857 0.016893
v -0.729055 0.995131 0.026121
v -0.708252 1.007963 0.028705
v -0.718918 0.989784 0.037968
v -0.695425 1.004840 0.040761
v -0.705012 0.984163 0.050291
v -0.745147 0.968596 0.036418
v -0.732282 0.965371 0.048118
v -0.715183 0.961907 0.060092
v -0.756014 0.972151 0.021826
v -0.763974 0.976280 0.004619
v -0.771544 0.947969 0.029891
v -0.778132 0.953823 0.007899
v -0.785299 0.938199 0.008576
v -0.771611 0.982593 -0.012783
v -0.744649 0.939947 0.057177
v -0.758840 0.943310 0.045119
v -0.751102 0.922087 0.061455
v -0.766441 0.926240 0.049135
v -0.779861 0.931961 0.032355
v -0.786043 0.913278 0.032030
v -0.772830 0.907676 0.049725
v -0.787888 0.889642 0.031510
v -0.793430 0.896303 0.008992
v -0.793158 0.872607 0.007810
v -0.793418 0.877731 -0.023050
v -0.787554 0.868353 0.029962
v -0.775576 0.884803 0.048791
v -0.757295 0.903180 0.062785
v -0.730323 0.918522 0.072868
v -0.760071 0.881132 0.062475
v -0.777026 0.864720 0.047936
v -0.787397 0.842648 0.028321
v -0.778759 0.839008 0.047094
v -0.793831 0.851735 -0.017528
v -0.793368 0.846690 0.008650
v -0.794513 0.817079 0.009427
v -0.788230 0.813258 0.027182
v -0.780631 0.808971 0.045412
v -0.763230 0.835566 0.063412
v -0.765375 0.805572 0.061795
v -0.795104 0.822245 -0.013844
v -0.755878 0.834496 0.068226
v -0.796528 0.790744 -0.012493
v -0.798191 0.785720 0.009730
v -0.781486 0.779029 0.043585
v -0.766846 0.776013 0.060450
v -0.791161 0.782490 0.026350
v -0.804996 0.758210 0.008996
v -0.811568 0.740704 -0.017610
v -0.812024 0.733359 0.007230
v -0.817273 0.711969 0.003615
v -0.802217 0.727928 0.021586
v -0.805041 0.701238 0.018736
v -0.789997 0.699245 0.038095
v -0.789228 0.724275 0.039791
v -0.796820 0.755139 0.024907
v -0.785400 0.752117 0.041538
v -0.771982 0.722193 0.058194
v -0.769335 0.749206 0.059026
v -0.752615 0.720845 0.071463
v -0.772058 0.698572 0.057777
v -0.787466 0.670602 0.035219
v -0.769435 0.670595 0.055913
v -0.823503 0.695375 -0.006494
v -0.806005 0.668265 0.016682
v -0.784902 0.645809 0.030147
v -0.820519 0.659127 0.007126
v -0.804089 0.637328 0.020344
v -0.828400 0.677309 -0.011299
v -0.786496 0.618699 0.027953
v -0.740076 0.610099 0.027979
v -0.712627 0.606220 0.004587
v -0.739906 0.626848 0.051835
v -0.755110 0.626549 0.041516
v -0.763441 0.645679 0.049526
v -0.749963 0.670593 0.069255
v -0.745175 1.004287 -0.010545
v -0.734441 1.020548 -0.025545
v -0.723067 1.031738 -0.041484
v -0.716357 1.032139 -0.040326
v -0.712588 1.035237 -0.058599
v -0.748259 1.021766 -0.030819
v -0.760307 1.004744 -0.017715
v -0.736651 1.033696 -0.046625
v -0.725136 1.037285 -0.063659
v -0.772345 1.025472 -0.040893
v -0.781016 1.008638 -0.027585
v -0.750884 1.041879 -0.075621
v -0.762323 1.037354 -0.057290
v -0.742020 1.034108 -0.089070
v -0.717934 1.028090 -0.079314
v -0.712504 1.011495 -0.091009
v -0.698758 1.009581 -0.085487
v -0.705273 1.025923 -0.073849
v -0.738929 1.022274 -0.099010
v -0.734773 0.986200 -0.107085
v -0.694944 1.007705 -0.083523
v -0.698603 1.025880 -0.071647
v -0.762184 1.032260 -0.104497
v -0.751234 1.017058 -0.110746
v -0.775347 1.038275 -0.091190
v -0.788309 1.033077 -0.072830
v -0.749278 0.986327 -0.112358
v -0.760536 1.004509 -0.120887
v -0.763501 0.978954 -0.130570
v -0.783490 0.986704 -0.133583
v -0.776387 1.017225 -0.120156
v -0.793300 1.020640 -0.109335
v -0.802011 0.987758 -0.126887
v -0.808360 1.014944 -0.091062
v -0.817566 0.981587 -0.110337
v -0.787506 0.966255 -0.138975
v -0.803106 0.966264 -0.132826
v -0.768012 0.960262 -0.136246
v -0.790063 0.946722 -0.143786
v -0.769437 0.938999 -0.138605
v -0.804868 0.946574 -0.137677
v -0.814838 0.941861 -0.125490
v -0.816523 0.960729 -0.117896
v -0.823366 0.953789 -0.103127
v -0.823643 0.972627 -0.093729
v -0.821914 0.962603 -0.078983
v -0.822089 0.946102 -0.090276
v -0.819730 0.941882 -0.083868
v -0.818357 0.959839 -0.066836
v -0.821596 0.936020 -0.112688
v -0.824465 0.920802 -0.119659
v -0.816093 0.989590 -0.059500
v -0.815813 1.003961 -0.073946
v -0.797646 1.021124 -0.055726
v -0.802050 1.004168 -0.042310
v -0.812895 0.975023 -0.047779
v -0.766537 0.903300 -0.080259
v -0.781223 0.903712 -0.056987
v -0.790436 0.908207 -0.029136
v -0.784416 0.880758 -0.051615
v -0.784734 0.857158 -0.046632
v -0.767569 0.881522 -0.074118
v -0.767715 0.861021 -0.068434
v -0.785180 0.828898 -0.041745
v -0.786441 0.797333 -0.039857
v -0.769050 0.802547 -0.059386
v -0.793436 0.770693 -0.042671
v -0.802695 0.763519 -0.013732
v -0.781236 0.753477 -0.064524
v -0.801841 0.748864 -0.046556
v -0.806555 0.727436 -0.050433
v -0.816696 0.720868 -0.020282
v -0.803913 0.710141 -0.055148
v -0.790578 0.698455 -0.073950
v -0.808448 0.689072 -0.060789
v -0.789456 0.678130 -0.078519
v -0.790562 0.668275 -0.086515
v -0.823403 0.685339 -0.033680
v -0.830239 0.677191 -0.046335
v -0.817220 0.704612 -0.028165
v -0.642659 1.114618 -0.053689
v -0.662307 1.093941 -0.059141
v -0.666842 1.108562 -0.061708
v -0.640669 1.099726 -0.052246
v -0.641825 1.070181 -0.047375
v -0.662609 1.068484 -0.053670
v -0.644084 1.047518 -0.043165
v -0.665543 1.046490 -0.050574
v -0.728863 1.105967 -0.037028
v -0.761503 0.861498 0.062777
v -0.746036 0.833086 0.074558
v -0.786236 0.926859 -0.037961
v -0.791845 0.920274 0.008060
v -0.787270 0.941021 -0.044274
v -0.779879 0.935736 -0.062743
v -0.778650 0.921377 -0.060905
v -0.784258 0.939143 -0.020353
v -0.790433 0.949539 -0.030957
v -0.780035 0.958561 -0.012790
v -0.788245 0.964280 -0.023749
v -0.781682 0.985962 -0.020722
v -0.768012 0.934273 -0.086652
v -0.800387 0.973385 -0.034165
v -0.801460 0.988946 -0.032294
v -0.797777 0.962887 -0.037388
v -0.790991 0.957105 -0.046110
v -0.780720 0.954068 -0.060959
v -0.795081 0.955443 -0.043573
v -0.785185 0.952076 -0.048394
v -0.772471 0.952056 -0.059046
v -0.803782 0.963055 -0.043596
v -0.807332 0.949565 -0.058301
v -0.796287 0.942770 -0.055361
v -0.797897 0.926537 -0.065845
v -0.785758 0.923079 -0.064650
v -0.785104 0.939276 -0.057083
v -0.810678 0.933328 -0.072586
v -0.790777 0.905753 -0.072123
v -0.804796 0.911069 -0.075853
v -0.774636 0.907069 -0.080819
v -0.770042 0.924025 -0.072519
v -0.756236 0.911194 -0.095292
v -0.810870 0.896603 -0.082680
v -0.822074 0.906121 -0.094893
v -0.816809 0.921836 -0.089840
v -0.816173 0.938330 -0.079101
v -0.794419 0.890411 -0.078379
v -0.777496 0.892059 -0.087967
v -0.833475 0.860802 -0.117551
v -0.837191 0.869126 -0.130394
v -0.842686 0.831363 -0.150377
v -0.839532 0.825325 -0.138825
v -0.842220 0.837255 -0.161654
v -0.837102 0.876813 -0.143608
v -0.822589 0.851318 -0.105598
v -0.830111 0.818701 -0.127706
v -0.824507 0.914389 -0.108369
v -0.821100 0.930090 -0.102535
v -0.805941 0.845240 -0.101830
v -0.788696 0.846988 -0.111787
v -0.798701 0.816069 -0.130202
v -0.814898 0.814606 -0.123163
v -0.835713 0.815883 -0.140559
v -0.825882 0.819405 -0.132728
v -0.829236 0.882679 -0.156913
v -0.817530 0.926623 -0.132505
v -0.818267 0.887190 -0.169076
v -0.823586 0.844770 -0.182102
v -0.810179 0.844955 -0.185734
v -0.803689 0.887238 -0.175002
v -0.834184 0.841339 -0.172597
v -0.807557 0.931302 -0.144720
v -0.792882 0.931417 -0.150692
v -0.777098 0.926888 -0.148849
v -0.785921 0.881298 -0.171863
v -0.759578 0.917623 -0.139601
v -0.756383 0.932421 -0.132147
v -0.757496 0.953887 -0.129330
v -0.751623 0.950049 -0.124993
v -0.742053 0.939392 -0.110267
v -0.743949 0.956373 -0.105012
v -0.752420 0.970831 -0.120104
v -0.746703 0.922215 -0.118254
v -0.750547 0.907920 -0.126259
v -0.743354 0.933172 -0.098954
v -0.747333 0.916100 -0.107393
v -0.752285 0.928342 -0.086662
v -0.751498 0.901823 -0.115305
v -0.759682 0.896622 -0.102954
v -0.771151 0.872598 -0.162838
v -0.762006 0.862877 -0.149817
v -0.762076 0.856841 -0.139349
v -0.770229 0.851734 -0.127362
v -0.745346 0.948583 -0.093376
v -0.755764 0.954762 -0.075745
v -0.747206 0.960860 -0.088960
v -0.744938 0.970652 -0.100501
v -0.750611 0.990774 -0.113497
v -0.754912 0.974778 -0.107493
v -0.740307 0.965095 -0.107597
v -0.757931 0.960289 -0.095643
v -0.755991 0.941691 -0.100263
v -0.715297 0.954630 -0.100486
v -0.748712 0.926541 -0.097409
v -0.714511 0.985070 -0.097861
v -0.765375 0.954213 -0.080715
v -0.707384 1.017066 0.012135
v -0.728953 1.020847 -0.023523
v -0.758729 0.991964 -0.010473
v -0.772496 0.828021 -0.160623
v -0.788487 0.813112 -0.139514
v -0.780382 0.834994 -0.172620
v -0.785879 0.817217 -0.131459
v -0.795806 0.808890 -0.148266
v -0.793583 0.840922 -0.181412
v -0.806810 0.805102 -0.156583
v -0.788719 0.819607 -0.127910
v -0.773219 0.823743 -0.151099
v -0.796762 0.820288 -0.127149
v -0.800279 0.800702 -0.112695
v -0.800973 0.811736 -0.107084
v -0.816146 0.792302 -0.079780
v -0.820151 0.810269 -0.076593
v -0.811471 0.781484 -0.132250
v -0.803967 0.790231 -0.121440
v -0.816246 0.775671 -0.088551
v -0.820224 0.761910 -0.101833
v -0.820116 0.779459 -0.140473
v -0.827033 0.759097 -0.114351
v -0.817308 0.803815 -0.160350
v -0.829787 0.782515 -0.146748
v -0.836345 0.764609 -0.126565
v -0.827348 0.804391 -0.160607
v -0.835782 0.805927 -0.159402
v -0.839119 0.808362 -0.154815
v -0.839684 0.811705 -0.148792
v -0.843579 0.795185 -0.151142
v -0.846473 0.804464 -0.148532
v -0.852167 0.785957 -0.141066
v -0.857430 0.801229 -0.141850
v -0.845063 0.772967 -0.137711
v -0.838394 0.787502 -0.151693
v -0.845878 0.815333 -0.142106
v -0.860180 0.818730 -0.137221
v -0.839395 0.823581 -0.132230
v -0.857027 0.831675 -0.125303
v -0.847204 0.831917 -0.108996
v -0.827794 0.824122 -0.122280
v -0.812492 0.820280 -0.129242
v -0.781025 0.819786 -0.142010
v -0.771386 0.939790 -0.065861
v -0.754056 0.943339 -0.080976
v -0.825578 0.821177 -0.081005
v -0.813306 0.821846 -0.111609
v -0.833946 0.827390 -0.089855
v -0.805119 0.818365 -0.107431
v -0.666770 1.107470 0.087398
v -0.652093 1.099694 0.085613
v -0.649399 1.108603 0.087175
v -0.669864 1.100773 0.086804
v -0.639551 1.098438 0.082988
v -0.647232 1.084288 0.079526
v -0.656475 1.087999 0.082107
v -0.630715 1.097188 0.078649
v -0.640315 1.082084 0.075554
v -0.636179 1.109330 0.084216
v -0.627283 1.109510 0.079724
v -0.620696 1.109362 0.073524
v -0.624111 1.096567 0.072759
v -0.654713 1.068642 0.071347
v -0.659274 1.072055 0.074474
v -0.666232 1.077526 0.076131
v -0.619627 1.096822 0.061539
v -0.628664 1.088194 0.071604
v -0.630200 1.081186 0.058507
v -0.634826 1.081207 0.070023
v -0.614947 1.109425 0.061173
v -0.646726 1.067379 0.052220
v -0.650535 1.067078 0.065200
v -0.666156 1.056913 0.060553
v -0.669897 1.059253 0.066343
v -0.683071 1.048669 0.055342
v -0.687501 1.049659 0.063031
v -0.688341 1.054007 0.065190
v -0.672469 1.062425 0.069316
v -0.697443 1.050155 0.062659
v -0.695501 1.046164 0.060599
v -0.690291 1.062508 0.068681
v -0.703634 1.063356 0.069069
v -0.691832 1.067722 0.071828
v -0.676654 1.071001 0.072804
v -0.684131 1.076813 0.073210
v -0.694827 1.070483 0.075519
v -0.696666 1.075522 0.076201
v -0.701899 1.080314 0.083039
v -0.706381 1.089077 0.086262
v -0.689236 1.085333 0.080208
v -0.698552 1.094870 0.085081
v -0.682294 1.089331 0.081052
v -0.693627 1.098320 0.085973
v -0.674938 1.093838 0.083505
v -0.712879 1.098667 0.091191
v -0.711400 1.101749 0.089200
v -0.689101 1.102232 0.086420
v -0.712789 1.094951 0.089956
v -0.723083 1.096233 0.092031
v -0.724200 1.099438 0.092916
v -0.713528 1.092185 0.087544
v -0.709315 1.107153 0.085071
v -0.708025 1.112804 0.081505
v -0.707825 1.117966 0.078686
v -0.684022 1.116001 0.083381
v -0.684880 1.112332 0.084616
v -0.665482 1.113927 0.086785
v -0.664679 1.117267 0.085467
v -0.647764 1.117374 0.086951
v -0.648056 1.122672 0.085522
v -0.710407 1.130205 0.079221
v -0.721554 1.127526 0.079083
v -0.725873 1.143507 0.081326
v -0.714735 1.145651 0.083978
v -0.717264 1.157262 0.085276
v -0.689447 1.127356 0.082130
v -0.706313 1.174001 0.086685
v -0.693711 1.170448 0.089712
v -0.694169 1.176125 0.088801
v -0.719956 1.171362 0.085330
v -0.722768 1.187095 0.085059
v -0.710196 1.189742 0.087389
v -0.697037 1.192515 0.089608
v -0.679976 1.196082 0.093207
v -0.651761 1.201424 0.093226
v -0.635241 1.187685 0.085749
v -0.639629 1.202796 0.090494
v -0.633112 1.177395 0.082309
v -0.642493 1.170066 0.083169
v -0.630699 1.166898 0.078462
v -0.638104 1.160803 0.080191
v -0.630173 1.155928 0.077638
v -0.632783 1.140590 0.079843
v -0.649780 1.126571 0.083999
v -0.628090 1.199719 0.085698
v -0.626201 1.191955 0.083211
v -0.624652 1.170790 0.077144
v -0.625438 1.182513 0.079963
v -0.619200 1.174659 0.074022
v -0.618316 1.162275 0.071101
v -0.614337 1.177276 0.067306
v -0.619321 1.187066 0.077768
v -0.624106 1.159086 0.074902
v -0.618429 1.148555 0.071067
v -0.624259 1.145882 0.075396
v -0.625695 1.133394 0.076420
v -0.618717 1.136729 0.070983
v -0.619107 1.124063 0.071718
v -0.613917 1.125577 0.058930
v -0.613150 1.141567 0.059972
v -0.626213 1.122480 0.077653
v -0.636132 1.129937 0.082708
v -0.636127 1.120389 0.083111
v -0.686085 1.106398 0.086093
v -0.672649 1.083365 0.076766
v -0.681170 1.119821 0.081741
v -0.674113 1.118304 0.082443
v -0.656393 1.122463 0.083751
v -0.723226 1.102393 0.090254
v -0.716183 1.086797 0.083152
v -0.691799 1.168402 0.089210
v -0.677839 1.177982 0.092677
v -0.676614 1.175673 0.092351
v -0.662738 1.179792 0.091444
v -0.698435 1.159389 0.087478
v -0.696686 1.158214 0.086830
v -0.698846 1.151866 0.086065
v -0.650066 1.176794 0.086975
v -0.615670 1.143945 0.038769
v -0.612628 1.126517 0.045162
v -0.614107 1.109520 0.046532
v -0.618015 1.095552 0.046451
v -0.618173 1.108526 0.029529
v -0.622209 1.092362 0.033444
v -0.630247 1.081205 0.045436
v -0.634310 1.077455 0.036607
v -0.644566 1.069081 0.042579
v -0.657957 1.058798 0.039422
v -0.660325 1.058614 0.047126
v -0.675879 1.051534 0.041652
v -0.682198 1.049618 0.036359
v -0.668382 1.053645 0.039021
v -0.680996 1.050147 0.034098
v -0.645355 1.068345 0.038216
v -0.662520 1.176578 0.091042
v -0.657077 1.154268 0.087513
v -0.671618 1.149778 0.088332
v -0.653156 1.173600 0.086484
v -0.646265 1.157942 0.083673
v -0.686999 1.146119 0.085386
v -0.694261 1.136203 0.082936
v -0.665376 1.119467 0.083557
v -0.646674 1.167240 0.083310
v -0.642180 1.159425 0.080349
v -0.638770 1.149185 0.079895
v -0.641279 1.137461 0.080652
v -0.621219 1.194405 0.081354
v -0.613098 1.167884 0.044745
v -0.613033 1.164673 0.063642
v -0.612649 1.152696 0.061745
v -0.614396 1.154408 0.041335
v -0.615915 1.127744 0.026623
v -0.756507 1.088315 0.025502
v -0.751477 1.080870 0.028387
v -0.748344 1.092019 0.040427
v -0.744557 1.086626 0.043795
v -0.754720 1.076624 0.016673
v -0.744332 1.065897 0.023616
v -0.743257 1.071562 0.032138
v -0.754807 1.073685 0.007196
v -0.743575 1.062526 0.016097
v -0.760331 1.085814 0.012728
v -0.760714 1.084237 0.002894
v -0.758499 1.083261 -0.005823
v -0.752730 1.072205 -0.001300
v -0.729648 1.054449 0.028200
v -0.731118 1.058447 0.033107
v -0.730809 1.065295 0.038948
v -0.745426 1.072995 -0.010896
v -0.747332 1.065717 0.003275
v -0.733650 1.061592 -0.001060
v -0.741214 1.061056 0.008765
v -0.750774 1.083698 -0.017036
v -0.716885 1.054091 0.011822
v -0.725971 1.052790 0.021764
v -0.712015 1.048228 0.034147
v -0.715809 1.050557 0.039907
v -0.697518 1.045933 0.047023
v -0.702219 1.046871 0.054557
v -0.704852 1.050879 0.055683
v -0.718001 1.053801 0.043098
v -0.690884 1.046004 0.052633
v -0.700730 1.058369 0.065666
v -0.709245 1.058918 0.057767
v -0.712627 1.063784 0.059854
v -0.721379 1.062530 0.047051
v -0.719872 1.070043 0.052631
v -0.715115 1.066640 0.063837
v -0.707051 1.067919 0.073501
v -0.716235 1.071815 0.064934
v -0.720900 1.076715 0.072099
v -0.708838 1.073847 0.074655
v -0.713281 1.078086 0.080977
v -0.723968 1.085746 0.076135
v -0.725764 1.078415 0.059175
v -0.728201 1.089254 0.068009
v -0.730794 1.080144 0.053126
v -0.732185 1.091017 0.063771
v -0.737511 1.081986 0.047476
v -0.727770 1.095846 0.082617
v -0.727632 1.098675 0.079854
v -0.735740 1.093399 0.059566
v -0.725742 1.092497 0.082498
v -0.722603 1.090466 0.082318
v -0.720272 1.092051 0.088525
v -0.726615 1.103876 0.075109
v -0.721573 1.107655 0.085651
v -0.725775 1.109442 0.071284
v -0.719958 1.114029 0.080750
v -0.724923 1.114728 0.068841
v -0.739344 1.105523 0.051527
v -0.738971 1.102087 0.053470
v -0.750213 1.097878 0.037996
v -0.750400 1.101031 0.036109
v -0.759504 1.096210 0.022611
v -0.759634 1.101539 0.021275
v -0.719819 1.119637 0.078664
v -0.727570 1.126955 0.069339
v -0.733853 1.142030 0.072970
v -0.728621 1.154963 0.082331
v -0.736992 1.153525 0.073916
v -0.739829 1.127573 0.056698
v -0.738926 1.117984 0.053640
v -0.747882 1.166128 0.062750
v -0.755871 1.164438 0.053273
v -0.739699 1.167623 0.073962
v -0.731246 1.169934 0.081965
v -0.742528 1.183352 0.073681
v -0.733521 1.184943 0.080979
v -0.751039 1.182006 0.063872
v -0.767204 1.161056 0.041221
v -0.759763 1.180634 0.053490
v -0.771676 1.178714 0.040406
v -0.786224 1.175956 0.015802
v -0.783764 1.159554 0.000230
v -0.789915 1.174331 0.003958
v -0.779000 1.149763 -0.001693
v -0.773354 1.145280 0.007818
v -0.773969 1.139762 -0.004033
v -0.770479 1.129353 -0.003151
v -0.766880 1.115192 0.002630
v -0.762765 1.114451 0.010701
v -0.758633 1.105953 0.021321
v -0.790362 1.168984 -0.007739
v -0.786991 1.161501 -0.009372
v -0.776734 1.141985 -0.010425
v -0.781993 1.152861 -0.010181
v -0.777699 1.144638 -0.017242
v -0.772218 1.133125 -0.017515
v -0.775018 1.146842 -0.025214
v -0.784235 1.155830 -0.017190
v -0.769044 1.135124 -0.026189
v -0.771856 1.131101 -0.010173
v -0.768335 1.120162 -0.015249
v -0.768543 1.118553 -0.007683
v -0.765282 1.106955 -0.003955
v -0.764856 1.109049 -0.013164
v -0.761785 1.097039 -0.010436
v -0.753836 1.099076 -0.021636
v -0.759498 1.113847 -0.024295
v -0.763058 1.096561 -0.001143
v -0.764792 1.105568 0.008626
v -0.762489 1.096456 0.010351
v -0.738013 1.096563 0.056192
v -0.729993 1.072504 0.043747
v -0.740340 1.108613 0.047670
v -0.743776 1.105109 0.042331
v -0.754227 1.103933 0.027418
v -0.755277 1.158787 0.054262
v -0.766856 1.158581 0.040389
v -0.773652 1.158784 0.027579
v -0.748146 1.149973 0.058854
v -0.744683 1.143184 0.059672
v -0.774920 1.153146 0.015083
v -0.772193 1.151053 0.017942
v -0.770756 1.143738 0.011863
v -0.770311 1.135762 0.004066
v -0.766535 1.124986 0.006327
v -0.741135 1.120182 -0.033474
v -0.743098 1.101805 -0.029962
v -0.738859 1.085891 -0.025301
v -0.733113 1.073751 -0.019823
v -0.722382 1.088788 -0.030475
v -0.719335 1.073966 -0.022481
v -0.722625 1.063708 -0.007756
v -0.712271 1.062688 -0.008284
v -0.710237 1.056643 0.004766
v -0.698534 1.051112 0.016057
v -0.703875 1.050365 0.022049
v -0.690109 1.048839 0.033458
v -0.691946 1.049182 0.025453
v -0.705993 1.056859 0.003300
v -0.772524 1.155743 0.027701
v -0.765890 1.133658 0.024859
v -0.758609 1.133302 0.038243
v -0.768675 1.134757 0.013189
v -0.755172 1.156399 0.052720
v -0.747999 1.134566 0.050262
v -0.748084 1.148479 0.057235
v -0.749078 1.103613 0.035361
v -0.768176 1.135560 0.007800
v -0.788410 1.162738 -0.014915
v -0.764306 1.123972 -0.025580
v -0.753988 1.141198 -0.036380
v -0.726304 1.106835 -0.036939
v -0.746784 1.129333 -0.034894
v -0.740107 1.127258 0.056578
v -0.743780 1.126183 0.051673
v -0.740127 1.125000 0.055457
v -0.742408 1.129993 0.055387
v -0.742919 1.123561 0.051445
v -0.745955 1.123461 0.048155
v -0.748591 1.125605 0.046833
v -0.747849 1.129424 0.048722
v -0.745163 1.130709 0.052013
v -0.658143 1.147265 0.087168
v -0.664239 1.145132 0.087566
v -0.658640 1.144823 0.086847
v -0.660797 1.149763 0.087657
v -0.663433 1.142523 0.087088
v -0.668072 1.141572 0.087100
v -0.671235 1.143590 0.087387
v -0.669811 1.147670 0.088043
v -0.665386 1.149694 0.087932
v -0.675316 1.226709 0.097856
v -0.690549 1.226626 0.098750
v -0.673467 1.200588 0.100740
v -0.688409 1.197752 0.101712
v -0.662917 1.221750 0.094506
v -0.662243 1.202456 0.096779
v -0.707038 1.220271 0.096469
v -0.704010 1.195148 0.098801
v -0.712627 1.210479 0.097323
v -0.715212 1.202052 0.097981
v -0.713020 1.185883 0.099172
v -0.708972 1.176573 0.099850
v -0.701511 1.168316 0.101114
v -0.694668 1.166266 0.102363
v -0.685887 1.166750 0.103624
v -0.669655 1.172265 0.103485
v -0.676649 1.168843 0.103674
v -0.657227 1.213876 0.094347
v -0.653748 1.203850 0.093201
v -0.655603 1.192483 0.094887
v -0.659996 1.181515 0.098667
v -0.779914 1.209700 0.047294
v -0.786231 1.205701 0.033991
v -0.782279 1.179978 0.038086
v -0.775400 1.181275 0.051623
v -0.787772 1.198102 0.022615
v -0.784653 1.179271 0.026295
v -0.768604 1.208610 0.061018
v -0.765010 1.183594 0.063677
v -0.764026 1.200743 0.067728
v -0.761050 1.193370 0.071588
v -0.758588 1.177252 0.072934
v -0.758452 1.167201 0.071360
v -0.760681 1.157109 0.067044
v -0.764330 1.153072 0.062251
v -0.769588 1.150896 0.055429
v -0.778508 1.151648 0.040807
v -0.774484 1.150313 0.047340
v -0.788089 1.189089 0.018997
v -0.785955 1.178809 0.017075
v -0.783368 1.168283 0.021320
v -0.781482 1.158505 0.028716
v -0.635153 0.584359 0.032319
v -0.607994 0.590090 0.041692
v -0.631191 0.574708 0.043465
v -0.610888 0.597435 0.033691
v -0.589530 0.610062 0.044330
v -0.583907 0.629448 0.052919
v -0.590098 0.640095 0.038898
v -0.652945 0.567879 0.048396
v -0.677019 0.572483 0.061404
v -0.706028 0.601434 0.062978
v -0.571516 0.609393 0.080984
v -0.645722 0.551899 0.069724
v -0.622116 0.557220 0.064489
v -0.670454 0.556354 0.082027
v -0.693946 0.571120 0.100874
v -0.609477 0.530552 0.095830
v -0.633333 0.528248 0.102307
v -0.559022 0.582427 0.115421
v -0.596500 0.570044 0.063602
v -0.577824 0.589431 0.069778
v -0.564692 0.562160 0.102994
v -0.548041 0.548097 0.156659
v -0.553603 0.529140 0.145124
v -0.543060 0.522790 0.204548
v -0.549414 0.510174 0.192716
v -0.533776 0.509697 0.220335
v -0.542103 0.504703 0.206234
v -0.514270 0.464838 0.198015
v -0.506996 0.468203 0.212707
v -0.484668 0.422200 0.190366
v -0.477705 0.425443 0.204048
v -0.501586 0.413050 0.178732
v -0.530252 0.456246 0.186158
v -0.521598 0.401726 0.173503
v -0.551009 0.444448 0.181621
v -0.537394 0.392401 0.175952
v -0.568774 0.433923 0.185027
v -0.551264 0.383584 0.188810
v -0.580518 0.426313 0.198365
v -0.559963 0.377427 0.207544
v -0.589788 0.419841 0.216815
v -0.475843 0.425628 0.219323
v -0.609573 0.468190 0.208704
v -0.596348 0.475073 0.195671
v -0.630026 0.495257 0.204352
v -0.609203 0.482350 0.188417
v -0.578359 0.484632 0.190598
v -0.558142 0.495625 0.193949
v -0.567190 0.496298 0.184855
v -0.589119 0.485947 0.183201
v -0.642606 0.497409 0.221993
v -0.596669 0.501102 0.139903
v -0.572856 0.511697 0.139313
v -0.584334 0.543617 0.096538
v -0.618382 0.498013 0.145096
v -0.659014 0.533518 0.114768
v -0.640958 0.505353 0.157968
v -0.586730 0.418936 0.262462
v -0.617033 0.465682 0.270612
v -0.622782 0.461890 0.250636
v -0.592583 0.416812 0.240705
v -0.557563 0.376223 0.251783
v -0.562693 0.374513 0.230134
v -0.577243 0.423613 0.276698
v -0.548869 0.380387 0.266912
v -0.534084 0.388581 0.273699
v -0.562020 0.432057 0.283586
v -0.606518 0.471999 0.284828
v -0.591846 0.480371 0.292537
v -0.543503 0.442831 0.283384
v -0.571621 0.491504 0.293431
v -0.515215 0.399502 0.274486
v -0.593665 0.545745 0.279077
v -0.571430 0.550716 0.269198
v -0.615080 0.536084 0.278734
v -0.630156 0.525625 0.271153
v -0.642032 0.514483 0.259168
v -0.647898 0.504323 0.243001
v -0.619265 0.463259 0.226717
v -0.647726 0.578622 0.212161
v -0.630469 0.594063 0.217232
v -0.666497 0.612457 0.173220
v -0.645050 0.630997 0.179062
v -0.605754 0.602911 0.215098
v -0.619595 0.640320 0.177013
v -0.595256 0.635796 0.165536
v -0.631519 0.668247 0.143495
v -0.641426 0.687236 0.114443
v -0.670465 0.692105 0.096234
v -0.665807 0.676239 0.119781
v -0.692296 0.671270 0.096516
v -0.686657 0.654714 0.117670
v -0.701974 0.634275 0.111574
v -0.678143 0.638027 0.140434
v -0.693994 0.618224 0.132916
v -0.711612 0.612365 0.101004
v -0.704039 0.596921 0.122199
v -0.701274 0.587150 0.080467
v -0.716395 0.626528 0.082981
v -0.688906 0.573136 0.152988
v -0.680643 0.593889 0.164878
v -0.656920 0.658454 0.146363
v -0.680154 0.548231 0.132374
v -0.665503 0.541284 0.191759
v -0.658116 0.519903 0.174105
v -0.660231 0.560131 0.203315
v -0.521330 0.456234 0.274621
v -0.533932 0.510993 0.261308
v -0.549958 0.503020 0.283974
v -0.506061 0.466456 0.251677
v -0.493562 0.412629 0.265277
v -0.477901 0.423093 0.242110
v -0.502825 0.469719 0.228170
v -0.552555 0.549043 0.248641
v -0.559218 0.585543 0.186980
v -0.581740 0.600019 0.204888
v -0.571817 0.620771 0.146928
v -0.562646 0.601675 0.130285
v -0.607907 0.663106 0.131146
v -0.585144 0.647723 0.112152
v -0.619282 0.683151 0.101088
v -0.598557 0.667962 0.081854
v -0.587992 0.649308 0.065825
v -0.575377 0.628940 0.095720
v -0.633777 0.593625 0.011185
v -0.610909 0.605560 0.016383
v -0.610518 0.618744 -0.004634
v -0.594615 0.633364 0.010249
v -0.592198 0.617905 0.035123
v -0.631467 0.608042 -0.013734
v -0.598009 0.652735 -0.005729
v -0.592936 0.653691 0.018263
v -0.594756 0.663971 0.045001
v -0.611351 0.640879 -0.024457
v -0.603136 0.668876 -0.012889
v -0.615735 0.658865 -0.030314
v -0.631154 0.632469 -0.036054
v -0.634864 0.651410 -0.041171
v -0.651483 0.629265 -0.041087
v -0.653980 0.647458 -0.047406
v -0.652112 0.603516 -0.017890
v -0.656357 0.589365 0.011665
v -0.609022 0.692127 -0.016297
v -0.605154 0.702335 0.003318
v -0.598268 0.675042 0.007130
v -0.613927 0.727839 0.006929
v -0.623535 0.751000 0.008022
v -0.626130 0.734086 -0.009630
v -0.617348 0.715983 -0.013235
v -0.667454 0.628669 -0.042607
v -0.670874 0.604240 -0.018399
v -0.667143 0.646701 -0.048342
v -0.678138 0.592055 0.011978
v -0.686674 0.629455 -0.040365
v -0.634351 0.753142 -0.007118
v -0.629955 0.770017 0.006946
v -0.630049 0.710072 -0.030568
v -0.640494 0.731247 -0.024039
v -0.649335 0.755151 -0.020223
v -0.628732 0.794774 0.006466
v -0.640144 0.771404 -0.005281
v -0.641168 0.796965 -0.006335
v -0.649111 0.706468 -0.041338
v -0.659189 0.729781 -0.034456
v -0.665632 0.705635 -0.048617
v -0.667666 0.756724 -0.029377
v -0.653203 0.773606 -0.016737
v -0.674758 0.729721 -0.040684
v -0.658812 0.675954 -0.051630
v -0.668409 0.675516 -0.054328
v -0.688101 0.756526 -0.037165
v -0.684529 0.729697 -0.044690
v -0.670598 0.775328 -0.026184
v -0.687083 0.800419 -0.032504
v -0.670012 0.800326 -0.027816
v -0.676864 0.683056 -0.057356
v -0.640762 0.678425 -0.044504
v -0.621367 0.683691 -0.033800
v -0.653539 0.798588 -0.017506
v -0.683568 0.590712 0.030775
v -0.681528 0.586310 0.044286
v -0.708549 0.605659 0.006356
v -0.657575 0.579630 0.033110
v -0.529912 0.512381 0.237555
v -0.546297 0.541522 0.227295
v -0.549986 0.566115 0.170081
v -0.750640 0.604871 -0.092076
v -0.735512 0.599412 -0.067589
v -0.741231 0.586478 -0.073341
v -0.746725 0.614498 -0.087795
v -0.765296 0.624035 -0.104911
v -0.782803 0.637250 -0.105210
v -0.774711 0.652022 -0.097174
v -0.738834 0.574028 -0.053759
v -0.748480 0.566780 -0.028772
v -0.799594 0.608744 -0.120984
v -0.779439 0.596208 -0.120273
v -0.750897 0.551313 -0.063806
v -0.752611 0.562999 -0.085565
v -0.759758 0.544162 -0.038247
v -0.779365 0.542717 -0.011070
v -0.769151 0.527320 -0.103074
v -0.769902 0.517519 -0.080276
v -0.840071 0.579428 -0.129415
v -0.818654 0.571245 -0.138297
v -0.761960 0.579258 -0.107236
v -0.797396 0.559183 -0.138331
v -0.839883 0.523843 -0.155679
v -0.820037 0.512468 -0.155456
v -0.866242 0.479749 -0.165283
v -0.848694 0.472427 -0.164025
v -0.880942 0.458404 -0.179730
v -0.863993 0.455412 -0.177599
v -0.862423 0.424843 -0.217136
v -0.879055 0.426300 -0.218284
v -0.859950 0.392655 -0.258495
v -0.875521 0.394158 -0.259706
v -0.841913 0.382891 -0.249294
v -0.844591 0.415865 -0.208695
v -0.828398 0.368928 -0.235937
v -0.831384 0.401131 -0.194583
v -0.823755 0.356046 -0.223489
v -0.826759 0.386459 -0.180395
v -0.829489 0.341705 -0.209455
v -0.833860 0.373623 -0.167802
v -0.890328 0.391273 -0.256664
v -0.838175 0.405384 -0.125732
v -0.831314 0.418073 -0.139597
v -0.834037 0.434225 -0.093932
v -0.822364 0.437617 -0.114891
v -0.833967 0.432375 -0.154731
v -0.845574 0.446396 -0.169074
v -0.832310 0.459956 -0.151729
v -0.822523 0.447108 -0.133742
v -0.849164 0.427264 -0.078049
v -0.795436 0.482990 -0.120902
v -0.803703 0.496867 -0.141365
v -0.779922 0.542898 -0.124162
v -0.795042 0.473581 -0.100425
v -0.779135 0.510794 -0.053591
v -0.806101 0.469005 -0.076219
v -0.889879 0.350697 -0.144614
v -0.872461 0.386084 -0.103317
v -0.893930 0.385923 -0.101722
v -0.867392 0.352335 -0.146569
v -0.884440 0.319030 -0.186529
v -0.862368 0.321196 -0.188989
v -0.846722 0.361250 -0.155568
v -0.842861 0.329692 -0.197563
v -0.907058 0.353990 -0.147539
v -0.902092 0.321459 -0.188606
v -0.914756 0.330948 -0.197627
v -0.920006 0.363789 -0.156857
v -0.911951 0.390606 -0.105448
v -0.925506 0.399771 -0.114267
v -0.927895 0.378135 -0.170676
v -0.934870 0.414483 -0.129330
v -0.923704 0.345286 -0.211421
v -0.932758 0.461565 -0.098900
v -0.929690 0.474424 -0.120220
v -0.924364 0.448318 -0.081618
v -0.909962 0.438311 -0.071896
v -0.891671 0.429912 -0.066261
v -0.870945 0.425093 -0.066884
v -0.851209 0.394105 -0.113072
v -0.886669 0.502708 -0.049312
v -0.901099 0.516595 -0.061995
v -0.865964 0.547036 -0.024415
v -0.883191 0.563974 -0.040357
v -0.907344 0.529938 -0.083829
v -0.889851 0.577820 -0.062786
v -0.900923 0.537231 -0.108218
v -0.881612 0.584426 -0.087946
v -0.872133 0.615785 -0.045749
v -0.854375 0.644363 -0.032684
v -0.840151 0.669708 -0.024399
v -0.836307 0.651894 -0.004129
v -0.849943 0.627676 -0.011571
v -0.823241 0.629896 0.011875
v -0.834631 0.606474 0.003213
v -0.806930 0.611121 0.021047
v -0.817254 0.589246 0.012741
v -0.847810 0.582698 -0.008198
v -0.829417 0.566612 0.001945
v -0.796202 0.574102 0.016221
v -0.808460 0.551974 0.005962
v -0.768107 0.564996 -0.000871
v -0.786529 0.594110 0.023594
v -0.758957 0.584847 0.006526
v -0.826280 0.519492 -0.013273
v -0.847712 0.532735 -0.015652
v -0.865969 0.601146 -0.023455
v -0.798014 0.510379 -0.028757
v -0.848509 0.477824 -0.042172
v -0.824259 0.469955 -0.055340
v -0.868276 0.489041 -0.042141
v -0.929533 0.397724 -0.189693
v -0.934932 0.432494 -0.148564
v -0.920006 0.449259 -0.167447
v -0.915168 0.415997 -0.207688
v -0.924707 0.364600 -0.230181
v -0.910309 0.383239 -0.248532
v -0.895041 0.425145 -0.216904
v -0.913154 0.484374 -0.142302
v -0.882113 0.538265 -0.134345
v -0.862080 0.585522 -0.115125
v -0.859735 0.532029 -0.148786
v -0.862731 0.622161 -0.070393
v -0.842589 0.623016 -0.097024
v -0.844368 0.651848 -0.055689
v -0.823788 0.652589 -0.080308
v -0.810617 0.679014 -0.070422
v -0.802739 0.646835 -0.095812
v -0.821005 0.617197 -0.111803
v -0.742760 0.620280 -0.089506
v -0.727903 0.607702 -0.072007
v -0.735628 0.631398 -0.093306
v -0.758688 0.643776 -0.099880
v -0.760607 0.634726 -0.100777
v -0.717417 0.620930 -0.079378
v -0.753181 0.659501 -0.100033
v -0.771784 0.662564 -0.094374
v -0.728871 0.648980 -0.097781
v -0.746011 0.677002 -0.096607
v -0.723421 0.668265 -0.094221
v -0.708922 0.640791 -0.086227
v -0.704544 0.661006 -0.082829
v -0.695447 0.637133 -0.070696
v -0.690367 0.656785 -0.068997
v -0.705542 0.615444 -0.062779
v -0.721279 0.600150 -0.051753
v -0.744614 0.695752 -0.093663
v -0.764405 0.705299 -0.087099
v -0.767432 0.681018 -0.091440
v -0.788435 0.725647 -0.070039
v -0.764522 0.731123 -0.080100
v -0.759639 0.756942 -0.070708
v -0.743881 0.736654 -0.077679
v -0.744833 0.715983 -0.086838
v -0.687340 0.635937 -0.057196
v -0.699048 0.614509 -0.045578
v -0.683955 0.655482 -0.057763
v -0.717261 0.599417 -0.030461
v -0.694829 0.619407 -0.026241
v -0.681351 0.644607 -0.049585
v -0.701389 0.614282 -0.014878
v -0.741014 0.757799 -0.068817
v -0.753334 0.778105 -0.064491
v -0.723471 0.710072 -0.084505
v -0.724324 0.733075 -0.072484
v -0.722095 0.758328 -0.062311
v -0.773930 0.776012 -0.060456
v -0.750019 0.804321 -0.063800
v -0.736981 0.778270 -0.061697
v -0.732606 0.804162 -0.059309
v -0.704614 0.706468 -0.073382
v -0.706025 0.730802 -0.061522
v -0.690049 0.705635 -0.062714
v -0.704970 0.758353 -0.050955
v -0.720428 0.778169 -0.056010
v -0.692871 0.730116 -0.051151
v -0.689095 0.679987 -0.067853
v -0.682186 0.679484 -0.060764
v -0.679813 0.704844 -0.052249
v -0.703199 0.778181 -0.045078
v -0.688490 0.775921 -0.033010
v -0.699512 0.802648 -0.044906
v -0.678228 0.663978 -0.054995
v -0.703993 0.682514 -0.080115
v -0.722834 0.687748 -0.091694
v -0.716700 0.803560 -0.054097
v -0.739475 0.586107 -0.021709
v -0.716199 0.605659 0.001940
v -0.730554 0.593395 -0.020904
v -0.730415 0.590665 -0.047016
v -0.899006 0.457444 -0.177549
v -0.891077 0.486570 -0.154371
v -0.564146 1.209445 0.067666
v -0.557516 1.216694 0.057056
v -0.580269 1.237996 0.051844
v -0.570747 1.240364 0.032788
v -0.557075 1.224620 -0.007521
v -0.553369 1.187691 -0.031526
v -0.554502 1.166590 -0.036811
v -0.533657 1.158576 -0.003375
v -0.558621 1.147290 -0.035716
v -0.564042 1.128570 -0.031123
v -0.542902 1.134167 0.008694
v -0.550010 1.125988 0.020564
v -0.590801 1.098425 0.018336
v -0.556922 1.122689 0.033065
v -0.563772 1.123760 0.046290
v -0.601072 1.099583 0.037504
v -0.609330 1.107150 0.053169
v -0.577164 1.152372 0.077980
v -0.577229 1.167537 0.081749
v -0.610661 1.178250 0.083747
v -0.575157 1.181650 0.081337
v -0.553081 1.165708 0.037633
v -0.571439 1.195766 0.077896
v -0.549483 1.219986 0.042768
v -0.543287 1.218839 0.030753
v -0.570321 1.129269 0.059837
v -0.561804 1.153196 0.051172
v -0.537472 1.145635 0.000853
v -0.531891 1.172483 -0.003247
v -0.537434 1.211536 0.017702
v -0.545057 1.179382 0.025806
v -0.533931 1.202215 0.008532
v -0.574764 1.138823 0.070326
v -0.531768 1.188062 0.000609
v -0.598908 1.162936 0.016141
v -0.580498 1.103175 -0.001061
v -0.571112 1.112650 -0.018585
v -0.615421 1.119142 0.066366
v -0.621115 1.136231 0.077152
v -0.623103 1.156584 0.082626
v -0.622627 1.178531 0.083433
v -0.604125 1.204628 0.083943
v -0.592481 1.227109 0.070575
v -0.563006 1.238561 0.013053
v -0.554401 1.208733 -0.022457
v -0.807451 1.163362 -0.072429
v -0.808903 1.150789 -0.058836
v -0.794577 1.197405 -0.071555
v -0.783590 1.200051 -0.089767
v -0.788616 1.172372 -0.110508
v -0.712053 1.136749 -0.127529
v -0.747635 1.118047 -0.126584
v -0.701898 1.102460 -0.110500
v -0.746760 1.095555 -0.108688
v -0.751203 1.087881 -0.095283
v -0.712568 1.078160 -0.077107
v -0.722821 1.073419 -0.057681
v -0.757619 1.084676 -0.082497
v -0.765885 1.085479 -0.070087
v -0.734533 1.074305 -0.039343
v -0.757620 1.092209 -0.015512
v -0.778133 1.127220 -0.006640
v -0.801650 1.125031 -0.047473
v -0.790834 1.144124 -0.019997
v -0.806171 1.137895 -0.051681
v -0.775160 1.123645 -0.090240
v -0.794304 1.111244 -0.047050
v -0.803591 1.170086 -0.084634
v -0.796186 1.173259 -0.099284
v -0.772700 1.136265 -0.105271
v -0.775791 1.090352 -0.058473
v -0.745846 1.106168 -0.119129
v -0.752412 1.130715 -0.130224
v -0.760033 1.144828 -0.130826
v -0.779062 1.112046 -0.073925
v -0.778309 1.165913 -0.120994
v -0.785215 1.098962 -0.050852
v -0.769624 1.157573 -0.127181
v -0.735093 1.137142 -0.062274
v -0.746001 1.081264 -0.025526
v -0.704776 1.087333 -0.095549
v -0.768803 1.108258 -0.007888
v -0.785112 1.147756 -0.010126
v -0.801330 1.167276 -0.029608
v -0.705723 1.119428 -0.120418
v -0.801686 1.187484 -0.049886
v -0.770051 1.199346 -0.106164
v -0.751605 1.187775 -0.119532
v -0.735863 1.174363 -0.126944
v -0.722873 1.155586 -0.129127
v -0.464616 0.715744 0.171193
v -0.479824 0.722027 0.179255
v -0.448362 0.709239 0.238619
v -0.486814 0.734068 0.185232
v -0.456559 0.718919 0.244526
v -0.459620 0.730338 0.248464
v -0.490236 0.750360 0.190726
v -0.451388 0.754020 0.250361
v -0.481282 0.770054 0.191253
v -0.467345 0.780888 0.187712
v -0.438775 0.762542 0.246837
v -0.450909 0.783951 0.181144
v -0.423900 0.765222 0.240883
v -0.435168 0.704342 0.231645
v -0.445462 0.718509 0.163343
v -0.418452 0.706848 0.224835
v -0.406939 0.715101 0.221671
v -0.432031 0.729556 0.159956
v -0.399900 0.732316 0.222560
v -0.424745 0.747031 0.160762
v -0.401373 0.749613 0.227221
v -0.426187 0.764935 0.165585
v -0.435678 0.778037 0.172948
v -0.410152 0.760238 0.233616
v -0.417190 0.713431 0.339056
v -0.425529 0.708480 0.346391
v -0.428185 0.707525 0.343371
v -0.415812 0.710718 0.344766
v -0.419141 0.698293 0.336551
v -0.414025 0.698160 0.340237
v -0.403905 0.690178 0.360870
v -0.406332 0.700145 0.364956
v -0.397479 0.693103 0.373792
v -0.401148 0.702210 0.375886
v -0.390489 0.704738 0.386440
v -0.395801 0.711992 0.384592
v -0.385423 0.716957 0.394317
v -0.391238 0.722621 0.392204
v -0.388399 0.738332 0.394558
v -0.388967 0.738041 0.387600
v -0.381925 0.740443 0.397443
v -0.370674 0.737910 0.395519
v -0.369022 0.736630 0.384159
v -0.367099 0.732435 0.390333
v -0.369787 0.715372 0.386209
v -0.375070 0.713738 0.391652
v -0.373595 0.704670 0.378657
v -0.379613 0.700679 0.383428
v -0.387270 0.688877 0.368575
v -0.380210 0.701946 0.358773
v -0.380157 0.692848 0.365074
v -0.393239 0.685344 0.355696
v -0.385082 0.690302 0.353114
v -0.403398 0.692648 0.334430
v -0.392695 0.697721 0.331461
v -0.405068 0.690329 0.329041
v -0.422453 0.690972 0.317455
v -0.440060 0.706099 0.328898
v -0.439385 0.721366 0.348191
v -0.447371 0.723018 0.332207
v -0.456491 0.712261 0.279488
v -0.460446 0.732943 0.284057
v -0.442223 0.695716 0.269452
v -0.440693 0.735858 0.339906
v -0.434237 0.729833 0.357296
v -0.425118 0.736599 0.359223
v -0.426834 0.720714 0.371976
v -0.434440 0.744047 0.339706
v -0.425458 0.710310 0.370196
v -0.421472 0.711148 0.379751
v -0.423546 0.721040 0.380767
v -0.417839 0.732571 0.382405
v -0.420965 0.725733 0.386086
v -0.417292 0.718444 0.389795
v -0.414521 0.727379 0.396395
v -0.418432 0.731758 0.391331
v -0.416016 0.742866 0.394084
v -0.412021 0.744292 0.400827
v -0.403115 0.742363 0.402878
v -0.404322 0.723800 0.397710
v -0.406316 0.713987 0.390935
v -0.398229 0.716404 0.388102
v -0.397131 0.724462 0.394396
v -0.412113 0.704685 0.376364
v -0.402644 0.708445 0.373009
v -0.399884 0.716404 0.367277
v -0.394491 0.728161 0.385883
v -0.417581 0.704964 0.363906
v -0.406663 0.707054 0.363519
v -0.434925 0.716314 0.353103
v -0.400109 0.710778 0.368965
v -0.458201 0.735328 0.265455
v -0.420428 0.691458 0.256666
v -0.426209 0.698644 0.242880
v -0.389172 0.694831 0.242407
v -0.390041 0.712118 0.229906
v -0.374437 0.707983 0.238740
v -0.382187 0.729288 0.230400
v -0.365550 0.729449 0.234834
v -0.356682 0.715474 0.244965
v -0.368490 0.758132 0.241213
v -0.351031 0.716597 0.263758
v -0.351443 0.707951 0.284613
v -0.342276 0.705060 0.301144
v -0.355958 0.693435 0.285581
v -0.348896 0.691032 0.303466
v -0.337579 0.703082 0.309164
v -0.343352 0.691533 0.312209
v -0.333369 0.689895 0.330436
v -0.328251 0.699091 0.327846
v -0.355787 0.689415 0.319170
v -0.361991 0.688392 0.311220
v -0.344106 0.688471 0.336271
v -0.364210 0.696021 0.321985
v -0.350858 0.698791 0.339361
v -0.362579 0.707151 0.327372
v -0.350083 0.709136 0.343631
v -0.369175 0.685465 0.291793
v -0.362248 0.698399 0.271340
v -0.338325 0.692922 0.346384
v -0.346442 0.702141 0.347924
v -0.334520 0.704994 0.356579
v -0.328767 0.693571 0.341429
v -0.324256 0.705339 0.352538
v -0.331393 0.716860 0.363725
v -0.344551 0.712495 0.353596
v -0.341899 0.720997 0.359904
v -0.332760 0.740647 0.366872
v -0.323634 0.741303 0.364329
v -0.338174 0.747351 0.352577
v -0.319865 0.739147 0.354799
v -0.322601 0.742566 0.347221
v -0.341569 0.739691 0.361950
v -0.343804 0.741127 0.354436
v -0.317406 0.721358 0.351497
v -0.322005 0.716929 0.359914
v -0.319613 0.713060 0.344693
v -0.323332 0.702673 0.336070
v -0.338681 0.716338 0.307197
v -0.381011 0.731894 0.325330
v -0.371816 0.727449 0.322108
v -0.384465 0.734306 0.301799
v -0.369338 0.734394 0.299595
v -0.364214 0.751723 0.286133
v -0.388489 0.748339 0.289050
v -0.358964 0.726368 0.316917
v -0.357243 0.728624 0.294953
v -0.345037 0.726034 0.312557
v -0.325634 0.710591 0.331658
v -0.333564 0.718247 0.333661
v -0.322126 0.723657 0.342321
v -0.329633 0.729194 0.339035
v -0.327647 0.747399 0.349181
v -0.351346 0.720201 0.288596
v -0.354182 0.724947 0.325446
v -0.344755 0.717693 0.339361
v -0.342404 0.728795 0.343816
v -0.345773 0.721339 0.351896
v -0.364066 0.721782 0.320461
v -0.368719 0.720149 0.328028
v -0.381848 0.721051 0.332794
v -0.390921 0.726245 0.336681
v -0.391377 0.736772 0.329312
v -0.371807 0.709726 0.354525
v -0.359825 0.706979 0.348743
v -0.353823 0.719797 0.359753
v -0.367608 0.719649 0.363988
v -0.343357 0.734134 0.372525
v -0.348521 0.739135 0.372530
v -0.352735 0.699297 0.347680
v -0.388994 0.713313 0.334419
v -0.382603 0.710578 0.358446
v -0.372228 0.715454 0.374897
v -0.376670 0.721712 0.371467
v -0.371764 0.741015 0.386269
v -0.382128 0.742868 0.388303
v -0.387311 0.724384 0.374109
v -0.394148 0.721499 0.379980
v -0.392470 0.714926 0.363557
v -0.401875 0.730689 0.340639
v -0.403035 0.740077 0.331992
v -0.414448 0.744576 0.335616
v -0.408382 0.732958 0.351849
v -0.409119 0.721292 0.346048
v -0.403129 0.727909 0.370123
v -0.400315 0.736120 0.380378
v -0.401487 0.746716 0.388655
v -0.409441 0.748037 0.387662
v -0.410519 0.736157 0.379105
v -0.415029 0.743140 0.387430
v -0.420584 0.728866 0.374939
v -0.412291 0.731103 0.372640
v -0.417207 0.738389 0.358251
v -0.426873 0.748812 0.337803
v -0.432395 0.751918 0.321625
v -0.423577 0.746624 0.318076
v -0.411669 0.743067 0.313241
v -0.400577 0.736311 0.306538
v -0.403507 0.768622 0.269792
v -0.419131 0.768518 0.276261
v -0.429634 0.767157 0.279859
v -0.415203 0.769008 0.254327
v -0.386735 0.768080 0.262316
v -0.368580 0.768150 0.260618
v -0.352696 0.755702 0.277514
v -0.350325 0.756801 0.245797
v -0.346070 0.739968 0.280679
v -0.396656 0.763320 0.244326
v -0.341175 0.727844 0.269841
v -0.311095 0.754674 0.282297
v -0.311626 0.746740 0.285825
v -0.316562 0.742591 0.278137
v -0.315214 0.751900 0.273273
v -0.318135 0.765138 0.274016
v -0.313657 0.766513 0.281997
v -0.305558 0.757170 0.290968
v -0.304585 0.758137 0.299529
v -0.308128 0.770164 0.290652
v -0.312105 0.756920 0.303261
v -0.327004 0.772005 0.280924
v -0.325472 0.761933 0.265279
v -0.333405 0.759480 0.259022
v -0.341349 0.766507 0.267963
v -0.354364 0.766041 0.260978
v -0.308045 0.771848 0.299014
v -0.315790 0.768512 0.303482
v -0.329299 0.746204 0.258640
v -0.346131 0.738371 0.243166
v -0.339988 0.726183 0.251691
v -0.328952 0.736428 0.265477
v -0.321466 0.749309 0.265568
v -0.322355 0.739662 0.271519
v -0.320784 0.774127 0.287962
v -0.327730 0.768665 0.296962
v -0.339559 0.764241 0.280850
v -0.325997 0.751834 0.297141
v -0.337694 0.746562 0.282337
v -0.333724 0.769118 0.273671
v -0.328163 0.738195 0.278698
v -0.334274 0.735064 0.274077
v -0.317824 0.744734 0.291051
v -0.371642 0.714760 0.372490
v -0.367163 0.713995 0.380756
v -0.364984 0.736431 0.381031
v -0.362221 0.735644 0.386721
v -0.360758 0.738999 0.376306
v -0.356545 0.737587 0.388921
v -0.371404 0.704956 0.374777
v -0.378436 0.702921 0.359529
v -0.376419 0.694902 0.365761
v -0.381820 0.690384 0.354666
v -0.344326 0.736492 0.384632
v -0.341499 0.732499 0.378823
v -0.360735 0.709500 0.382494
v -0.348687 0.707929 0.378930
v -0.342707 0.710104 0.371855
v -0.344816 0.711697 0.361806
v -0.344607 0.700557 0.365494
v -0.364416 0.697441 0.376463
v -0.352041 0.695932 0.372597
v -0.349806 0.690027 0.353934
v -0.354638 0.687504 0.342966
v -0.358249 0.683451 0.359610
v -0.370564 0.686142 0.364687
v -0.377504 0.680567 0.352532
v -0.364381 0.678148 0.345868
v -0.374162 0.685482 0.322152
v -0.388036 0.687502 0.328375
v -0.375123 0.685678 0.314923
v -0.392386 0.687985 0.323032
v -0.398589 0.684454 0.303990
v -0.367877 0.703143 0.255677
v -0.396922 0.738650 0.396850
v -0.396632 0.741139 0.391236
v -0.448297 0.737504 0.326715
v -0.456596 0.751287 0.286748
v -0.441774 0.746774 0.324748
v -0.443731 0.763065 0.285066
v -0.451665 0.753025 0.266655
v -0.384615 0.747847 0.235768
v -0.444601 0.704906 0.252472
v -0.405890 0.701917 0.234640
v -0.456731 0.717267 0.260626
v -0.435509 0.765008 0.262274
v -0.937116 0.735745 -0.065999
v -0.927616 0.736712 -0.050360
v -0.986356 0.721380 -0.018862
v -0.923368 0.745495 -0.038768
v -0.981317 0.727634 -0.007406
v -0.979431 0.737116 0.000457
v -0.921417 0.759269 -0.028100
v -0.984685 0.761346 0.004636
v -0.927037 0.780105 -0.026498
v -0.935817 0.794381 -0.033074
v -0.992614 0.773099 -0.001933
v -0.946056 0.802366 -0.045487
v -1.001885 0.780239 -0.013199
v -0.994545 0.721066 -0.032262
v -0.949040 0.744316 -0.080848
v -1.004960 0.728628 -0.045162
v -1.012171 0.739798 -0.050984
v -0.957444 0.758649 -0.086998
v -1.016635 0.757749 -0.048854
v -0.962046 0.776922 -0.084982
v -1.015795 0.773092 -0.039528
v -0.961246 0.792823 -0.075370
v -0.955463 0.801781 -0.061148
v -1.010404 0.780025 -0.027129
v -1.057578 0.705877 0.059048
v -1.063582 0.707021 0.062722
v -1.066234 0.714180 0.053258
v -1.070601 0.712153 0.057579
v -1.062817 0.700412 0.046548
v -1.069953 0.700673 0.047697
v -1.090977 0.697278 0.060767
v -1.087687 0.705863 0.066829
v -1.101220 0.702399 0.069981
v -1.096269 0.709724 0.074673
v -1.108616 0.715757 0.080095
v -1.101010 0.720658 0.081585
v -1.112308 0.729016 0.086986
v -1.104676 0.732249 0.088206
v -1.102784 0.747784 0.091618
v -1.099493 0.747316 0.085472
v -1.108788 0.752082 0.092039
v -1.118353 0.753771 0.085529
v -1.112552 0.756285 0.078018
v -1.121008 0.749955 0.078599
v -1.122603 0.733029 0.073188
v -1.115721 0.732195 0.063921
v -1.120968 0.729655 0.079986
v -1.119625 0.721637 0.066311
v -1.117840 0.715793 0.072451
v -1.108736 0.701860 0.060394
v -1.111893 0.707984 0.054794
v -1.099082 0.696326 0.050941
v -1.103217 0.703746 0.045853
v -1.077214 0.698798 0.036630
v -1.083281 0.707641 0.030242
v -1.071828 0.697473 0.031448
v -1.051020 0.696034 0.030090
v -1.040206 0.704280 0.052108
v -1.048654 0.714960 0.071406
v -1.033752 0.718120 0.062945
v -1.000121 0.715069 0.020075
v -0.996736 0.733075 0.031417
v -1.008984 0.704429 0.000422
v -1.041914 0.730596 0.069765
v -1.054416 0.724798 0.078555
v -1.070001 0.719001 0.088635
v -1.074417 0.728719 0.089625
v -1.046186 0.739932 0.068889
v -1.073244 0.709430 0.084996
v -1.080878 0.711559 0.091866
v -1.076827 0.720420 0.095064
v -1.080402 0.733711 0.096290
v -1.081346 0.726264 0.100005
v -1.087963 0.720102 0.100094
v -1.091956 0.729469 0.105529
v -1.085021 0.732746 0.103988
v -1.087232 0.744521 0.106829
v -1.094088 0.746677 0.110266
v -1.102697 0.746715 0.106643
v -1.101792 0.728573 0.100725
v -1.098526 0.718551 0.094602
v -1.103056 0.722956 0.088322
v -1.105699 0.731048 0.094249
v -1.089042 0.708130 0.083785
v -1.094454 0.714522 0.077097
v -1.091880 0.722888 0.071852
v -1.102363 0.735333 0.086254
v -1.078775 0.706530 0.075019
v -1.086977 0.711854 0.070222
v -1.073802 0.724313 0.057239
v -1.056022 0.711660 0.073495
v -0.989641 0.723150 0.005732
v -0.997175 0.715666 -0.010194
v -1.021419 0.707796 -0.021728
v -1.008591 0.715745 -0.028611
v -1.021245 0.725146 -0.044197
v -1.040262 0.720952 -0.047487
v -1.031110 0.739483 -0.052847
v -1.049390 0.737655 -0.053912
v -1.046341 0.764184 -0.059559
v -1.063909 0.753048 -0.059802
v -1.039764 0.789048 -0.045415
v -1.050319 0.798098 -0.057711
v -1.072190 0.776590 -0.069465
v -1.078805 0.760262 -0.052745
v -1.092530 0.734903 -0.026262
v -1.092595 0.747764 -0.021338
v -1.109155 0.731369 -0.017500
v -1.090856 0.719797 -0.027286
v -1.106333 0.715990 -0.016264
v -1.117279 0.729539 -0.013511
v -1.115946 0.716838 -0.010746
v -1.133405 0.719168 0.001206
v -1.133916 0.729470 -0.002081
v -1.109287 0.710745 0.000490
v -1.099494 0.708989 -0.004313
v -1.127724 0.714590 0.011116
v -1.101913 0.715227 0.008163
v -1.120849 0.722402 0.018514
v -1.102692 0.726475 0.013981
v -1.120813 0.732522 0.023420
v -1.083733 0.707950 -0.018028
v -1.077616 0.725583 -0.034917
v -1.136313 0.720636 0.017897
v -1.127836 0.726977 0.024418
v -1.142003 0.733494 0.026350
v -1.141656 0.724122 0.009192
v -1.148084 0.736559 0.017653
v -1.145672 0.745832 0.032452
v -1.130495 0.738018 0.030130
v -1.134102 0.746976 0.035289
v -1.141917 0.768578 0.038848
v -1.147684 0.771446 0.031870
v -1.134732 0.776349 0.022335
v -1.145808 0.770264 0.021634
v -1.138669 0.772897 0.017310
v -1.132281 0.765486 0.039431
v -1.149389 0.753852 0.015512
v -1.140050 0.754743 0.010561
v -1.151229 0.748396 0.024366
v -1.145829 0.745206 0.009732
v -1.141093 0.734417 0.003326
v -1.113247 0.742321 -0.011445
v -1.092262 0.742032 0.020108
v -1.085595 0.743528 0.028354
v -1.070280 0.749201 0.010898
v -1.081992 0.753258 0.001950
v -1.074940 0.787972 -0.019216
v -1.058692 0.763922 0.005927
v -1.099367 0.745512 0.008686
v -1.090546 0.751436 -0.009214
v -1.109048 0.749338 -0.001547
v -1.134877 0.741247 0.001735
v -1.127204 0.746156 0.008340
v -1.130885 0.758047 0.012491
v -1.106691 0.745036 0.012816
v -1.120844 0.742270 0.018474
v -1.123179 0.754261 0.023108
v -1.126537 0.746213 0.030602
v -1.128194 0.773730 0.030864
v -1.125984 0.766319 0.034617
v -1.098652 0.738746 0.013530
v -1.098776 0.734739 0.021623
v -1.089966 0.731645 0.032050
v -1.083659 0.733767 0.041001
v -1.078273 0.745025 0.037907
v -1.107157 0.726309 0.042521
v -1.115178 0.727547 0.031623
v -1.122899 0.741458 0.041445
v -1.113405 0.736995 0.051344
v -1.133365 0.736237 0.037569
v -1.122737 0.722488 0.026294
v -1.105899 0.717673 0.048822
v -1.121697 0.756643 0.063342
v -1.085617 0.722273 0.034666
v -1.101399 0.723713 0.052372
v -1.106218 0.716429 0.050450
v -1.108500 0.736463 0.063488
v -1.115429 0.753182 0.074370
v -1.104008 0.754280 0.084178
v -1.099764 0.735211 0.070502
v -1.097398 0.730118 0.078125
v -1.094084 0.724481 0.061735
v -1.091394 0.718037 0.069238
v -1.075875 0.734715 0.050692
v -1.069364 0.744946 0.046546
v -1.061012 0.745897 0.056189
v -1.073724 0.735630 0.063679
v -1.087242 0.732968 0.077427
v -1.092851 0.741606 0.085887
v -1.094996 0.751556 0.094763
v -1.087863 0.751116 0.098624
v -1.083796 0.739059 0.090198
v -1.084107 0.745117 0.100896
v -1.079752 0.733314 0.084192
v -1.061085 0.734115 0.077390
v -1.066957 0.738270 0.073518
v -1.051091 0.746613 0.065029
v -1.037721 0.751151 0.054906
v -1.043997 0.748814 0.046331
v -1.052039 0.749095 0.035697
v -1.058793 0.746460 0.023007
v -1.033696 0.783168 0.002379
v -1.023757 0.778220 0.015134
v -1.016837 0.773794 0.022727
v -1.008004 0.765622 0.032615
v -1.003046 0.773480 0.010154
v -1.044168 0.787950 -0.011937
v -1.049719 0.799237 -0.029330
v -1.085408 0.790061 -0.042797
v -1.027028 0.784257 -0.023658
v -1.105891 0.801492 -0.048454
v -1.100035 0.790432 -0.054017
v -1.107444 0.793046 -0.048167
v -1.098531 0.800682 -0.055241
v -1.095506 0.812189 -0.048727
v -1.102809 0.812063 -0.043443
v -1.112979 0.798928 -0.040567
v -1.116523 0.796370 -0.033079
v -1.110867 0.810571 -0.034606
v -1.104429 0.788543 -0.042093
v -1.110444 0.792984 -0.028226
v -1.090357 0.814929 -0.037025
v -1.085488 0.810290 -0.054144
v -1.081505 0.813024 -0.041351
v -1.075984 0.808276 -0.057008
v -1.072520 0.810768 -0.043942
v -1.107386 0.803026 -0.022076
v -1.080204 0.796858 -0.063712
v -1.057757 0.783372 -0.067302
v -1.084074 0.785940 -0.061706
v -1.089873 0.799267 -0.060022
v -1.092271 0.788484 -0.058205
v -1.090416 0.784005 -0.050484
v -1.096912 0.807182 -0.024699
v -1.098726 0.816091 -0.032949
v -1.113528 0.808656 -0.026731
v -1.079833 0.805379 -0.034838
v -1.099518 0.791863 -0.031262
v -1.083175 0.788931 -0.040677
v -1.073371 0.800502 -0.035901
v -1.056001 0.806549 -0.042596
v -1.083257 0.781247 -0.052970
v -1.084577 0.780062 -0.056499
v -1.123347 0.730705 0.064650
v -1.121011 0.752588 0.068807
v -1.126332 0.752127 0.072287
v -1.115322 0.730613 0.059620
v -1.131813 0.755398 0.072004
v -1.118908 0.721159 0.059580
v -1.112802 0.710623 0.052149
v -1.104216 0.704679 0.044048
v -1.130108 0.760558 0.054514
v -1.140204 0.758177 0.062477
v -1.140517 0.755662 0.055318
v -1.135484 0.757242 0.051080
v -1.130656 0.728192 0.062375
v -1.139412 0.730457 0.053509
v -1.140462 0.734729 0.045063
v -1.137923 0.725411 0.038501
v -1.127357 0.715924 0.056412
v -1.136226 0.718363 0.047147
v -1.130762 0.714535 0.029034
v -1.122160 0.710673 0.021108
v -1.128244 0.705535 0.036774
v -1.119621 0.704142 0.047191
v -1.109533 0.696709 0.038674
v -1.117995 0.698630 0.026539
v -1.096084 0.701430 0.010501
v -1.087059 0.698954 0.022657
v -1.090550 0.702630 0.004235
v -1.079784 0.699305 0.019796
v -1.065124 0.697853 0.005777
v -1.064232 0.731570 -0.044112
v -1.104755 0.744553 0.097723
v -1.101305 0.747138 0.093340
v -1.028479 0.732715 0.062728
v -0.999287 0.751028 0.036869
v -1.031946 0.743463 0.060537
v -1.034636 0.773850 -0.040730
v -1.036068 0.757654 -0.051443
v -0.988803 0.739194 0.015406
v -0.992944 0.757431 0.018165
v -1.015757 0.783520 -0.004982
vn 0.6204 0.2392 -0.7469
vn 0.6841 0.1310 -0.7175
vn 0.6425 0.3871 -0.6613
vn 0.3454 0.4465 -0.8254
vn 0.3962 0.4503 -0.8001
vn 0.4566 0.1795 -0.8714
vn 0.3148 0.2045 -0.9269
vn 0.3135 -0.0041 -0.9496
vn 0.4639 -0.1031 -0.8798
vn 0.4362 -0.3082 -0.8454
vn 0.1773 -0.1958 -0.9645
vn -0.3818 -0.8923 -0.2409
vn 0.0992 -0.9760 -0.1937
vn 0.0321 -0.9576 -0.2863
vn -0.2621 -0.8753 -0.4065
vn 0.1340 -0.0251 -0.9907
vn 0.3238 0.1516 -0.9339
vn 0.6625 0.0736 -0.7455
vn 0.6891 -0.3081 -0.6559
vn 0.6619 -0.0731 -0.7460
vn 0.7532 -0.1680 -0.6360
vn 0.8220 -0.4517 -0.3468
vn 0.0635 0.0432 0.9970
vn -0.2004 0.2860 0.9370
vn 0.0162 0.4242 0.9054
vn 0.1870 0.2052 0.9607
vn -0.0067 -0.9222 -0.3866
vn -0.1361 -0.7857 -0.6034
vn 0.1243 -0.8019 -0.5843
vn 0.9473 0.3108 0.0780
vn 0.8961 0.3211 -0.3063
vn 0.8921 0.1034 -0.4398
vn 0.9871 0.1505 0.0551
vn 0.7961 -0.5287 -0.2945
vn 0.6046 -0.4649 -0.6468
vn 0.8559 -0.4797 -0.1933
vn 0.2405 -0.3801 -0.8931
vn -0.1233 -0.3346 -0.9343
vn -0.2201 -0.3421 -0.9135
vn 0.1792 -0.3721 -0.9107
vn -0.5964 -0.2025 -0.7767
vn -0.8808 -0.0793 -0.4668
vn -0.8971 -0.0477 -0.4393
vn -0.6521 -0.1943 -0.7328
vn 0.4236 -0.3961 -0.8147
vn 0.4292 -0.3711 -0.8234
vn 0.4542 0.4149 -0.7884
vn 0.3031 0.6648 -0.6827
vn 0.5080 0.4945 -0.7053
vn 0.5171 0.3768 -0.7686
vn -0.7687 0.0307 0.6388
vn -0.7560 -0.0571 0.6520
vn -0.6630 -0.0709 0.7452
vn -0.6578 0.0144 0.7530
vn 0.4230 -0.2737 -0.8638
vn 0.2578 -0.2802 -0.9247
vn 0.5431 -0.3722 -0.7527
vn 0.5762 -0.2648 -0.7732
vn 0.4343 -0.3614 -0.8251
vn 0.4684 -0.2458 -0.8486
vn -0.9643 0.2066 -0.1654
vn -0.9350 0.2460 -0.2554
vn -0.9424 0.1338 0.3066
vn -0.9510 0.1509 0.2700
vn -0.4590 0.2405 0.8553
vn -0.4825 0.1418 0.8643
vn -0.4512 0.1244 0.8837
vn -0.4160 0.2599 0.8714
vn 0.5385 -0.3327 -0.7742
vn 0.5068 -0.4141 -0.7561
vn 0.6073 -0.1397 -0.7821
vn -0.3328 -0.0304 0.9425
vn -0.3194 -0.0173 0.9475
vn -0.1110 -0.0095 0.9938
vn -0.0883 -0.0557 0.9945
vn 0.4150 -0.4083 -0.8131
vn 0.4456 -0.3015 -0.8429
vn 0.7506 -0.0612 -0.6579
vn 0.7910 -0.1450 -0.5943
vn 0.8133 -0.4121 -0.4108
vn 0.7349 -0.3554 -0.5776
vn 0.6855 -0.5472 -0.4803
vn 0.7118 -0.3059 -0.6323
vn 0.9035 -0.0848 -0.4200
vn 0.8960 -0.2918 -0.3348
vn 0.8594 -0.1687 -0.4827
vn 0.9928 -0.1085 0.0515
vn 0.2952 0.7469 -0.5958
vn 0.5978 0.1112 -0.7939
vn 0.5165 0.1027 -0.8501
vn 0.6663 0.5139 -0.5403
vn 0.8165 0.0512 -0.5750
vn 0.9149 0.3980 -0.0678
vn 0.6313 -0.1405 0.7627
vn 0.8356 -0.2274 0.5000
vn 0.8010 -0.3092 0.5127
vn 0.6022 -0.2110 0.7700
vn -0.1707 0.9560 0.2388
vn -0.5783 0.8121 -0.0783
vn -0.1724 0.7259 -0.6659
vn 0.1197 0.9804 -0.1562
vn -0.8084 0.0670 0.5848
vn -0.8385 0.1281 0.5297
vn -0.9467 0.2321 0.2231
vn -0.9324 0.2044 0.2982
vn 0.5464 -0.8373 -0.0161
vn 0.4320 -0.8876 -0.1599
vn 0.3698 -0.8233 0.4306
vn 0.6549 -0.6549 0.3772
vn 0.2977 -0.8095 -0.5060
vn -0.1482 -0.8653 -0.4788
vn 0.3559 -0.8415 -0.4065
vn -0.9808 0.0520 0.1880
vn -0.8211 0.1534 0.5498
vn -0.3211 -0.9449 -0.0632
vn -0.4218 -0.8281 -0.3692
vn 0.1619 -0.9865 0.0243
vn 0.3327 -0.8656 -0.3742
vn 0.2622 -0.8641 -0.4295
vn -0.6340 -0.4323 -0.6412
vn -0.1688 -0.6976 -0.6963
vn -0.3223 -0.4873 -0.8116
vn -0.4509 -0.4852 -0.7491
vn -0.9889 -0.0430 -0.1421
vn -0.5988 -0.6528 -0.4640
vn -0.8914 -0.0962 -0.4428
vn 0.8805 -0.4739 0.0058
vn 0.7833 -0.4781 0.3973
vn 0.9388 -0.2163 0.2681
vn -0.9074 0.1639 -0.3870
vn -0.9624 0.2515 -0.1029
vn -0.3222 -0.2557 -0.9115
vn -0.7155 -0.1222 -0.6878
vn -0.7532 -0.1600 -0.6381
vn -0.2032 -0.2014 -0.9582
vn -0.8435 0.4481 0.2962
vn -0.9398 0.3222 0.1142
vn -0.7967 0.3608 0.4848
vn -0.6941 0.5117 0.5063
vn 0.1547 -0.8798 -0.4494
vn -0.4925 0.1798 0.8515
vn 0.7766 -0.4917 -0.3939
vn 0.5657 -0.4523 -0.6895
vn 0.7011 -0.7102 0.0642
vn -0.0101 0.6544 0.7561
vn 0.0786 0.5500 0.8314
vn -0.1820 0.5456 0.8181
vn -0.1820 0.6324 0.7530
vn 0.3411 -0.8977 -0.2791
vn 0.3414 -0.8909 -0.2997
vn -0.9178 0.3344 0.2140
vn -0.9315 0.0139 0.3635
vn -0.8152 0.0207 0.5788
vn -0.7855 0.0206 0.6185
vn -0.9281 -0.0085 0.3722
vn 0.5774 0.1000 -0.8103
vn 0.5533 -0.1509 -0.8192
vn 0.6752 -0.1688 -0.7181
vn 0.7181 0.1128 -0.6867
vn 0.9921 -0.1200 -0.0359
vn 0.9987 -0.0458 -0.0221
vn 0.8134 -0.1382 -0.5650
vn 0.8094 -0.1550 -0.5664
vn 0.4918 -0.2937 -0.8197
vn 0.3428 -0.2437 -0.9073
vn 0.3139 -0.3454 -0.8844
vn 0.4256 -0.3851 -0.8189
vn 0.1168 -0.0551 0.9916
vn 0.1341 -0.1218 0.9835
vn -0.1070 -0.0681 0.9919
vn -0.4784 0.6280 0.6138
vn -0.3562 0.5532 0.7530
vn -0.4371 0.4284 0.7908
vn -0.6928 0.4930 0.5263
vn -0.6826 0.7282 0.0618
vn -0.4027 0.8830 0.2412
vn -0.4947 0.8101 0.3146
vn -0.7267 0.6359 0.2598
vn 0.0784 0.7954 0.6011
vn 0.3691 0.5897 0.7183
vn 0.1929 0.6222 0.7588
vn -0.2822 0.9302 0.2348
vn -0.4351 0.8465 0.3068
vn 0.8091 -0.1005 -0.5790
vn 0.5080 -0.1779 -0.8428
vn 0.5124 -0.1170 -0.8508
vn -0.4195 0.8232 0.3826
vn -0.5684 0.7169 0.4037
vn 0.2611 0.7331 -0.6280
vn 0.0012 0.9693 -0.2458
vn 0.4092 -0.4057 -0.8173
vn 0.0452 0.6238 0.7803
vn -0.0850 0.5349 0.8406
vn -0.3738 -0.3571 -0.8560
vn -0.4245 -0.2909 -0.8574
vn -0.4065 0.6802 0.6100
vn -0.3028 0.6481 0.6987
vn -0.5511 0.7277 0.4084
vn -0.4785 0.7375 0.4766
vn -0.4560 0.5666 0.6863
vn -0.3575 0.5322 0.7675
vn 0.0900 -0.1324 -0.9871
vn 0.0983 0.0874 -0.9913
vn -0.4933 -0.0044 -0.8699
vn -0.5326 0.5420 0.6500
vn -0.4596 0.5158 0.7229
vn -0.5506 0.6228 0.5558
vn -0.3734 0.4937 0.7854
vn -0.1901 0.4725 0.8606
vn -0.0164 0.4847 0.8745
vn -0.3204 -0.1071 0.9412
vn 0.1198 -0.4884 0.8644
vn 0.0337 -0.6798 0.7326
vn -0.3075 -0.2305 0.9232
vn 0.8179 -0.3616 -0.4476
vn 0.9467 -0.3162 0.0620
vn -0.6957 0.5829 0.4198
vn -0.6595 0.3880 0.6438
vn -0.8837 0.2636 0.3869
vn -0.4987 0.6910 0.5233
vn -0.6303 0.6064 0.4847
vn -0.3435 -0.3538 0.8700
vn -0.3159 -0.2010 0.9273
vn -0.4895 -0.2120 0.8459
vn -0.4560 -0.4101 0.7899
vn -0.5568 0.4809 0.6773
vn -0.6228 0.3250 0.7117
vn -0.4906 0.2689 0.8288
vn -0.4734 0.4335 0.7668
vn 0.4894 -0.1072 -0.8654
vn -0.4082 0.4051 0.8181
vn 0.4188 0.7207 0.5524
vn 0.6934 0.3978 0.6008
vn 0.5276 0.3686 0.7653
vn 0.3865 -0.1250 -0.9138
vn -0.7614 0.4000 0.5102
vn -0.8769 0.1688 0.4501
vn -0.9833 0.1716 0.0611
vn -0.9952 0.0406 0.0896
vn -0.9136 0.0266 0.4056
vn -0.9912 -0.0048 0.1325
vn 0.3578 -0.2007 0.9120
vn 0.5933 -0.2183 0.7748
vn 0.4025 -0.1900 0.8955
vn 0.4461 -0.3181 -0.8365
vn 0.5137 -0.1132 -0.8505
vn -0.7455 0.0385 0.6654
vn 0.4984 -0.1658 -0.8509
vn -0.5191 0.1355 0.8439
vn -0.5650 0.0734 0.8218
vn -0.4912 0.0967 0.8657
vn -0.0056 0.2345 -0.9721
vn 0.3722 0.2071 -0.9048
vn 0.3472 0.0966 -0.9328
vn -0.0261 0.1724 -0.9847
vn -0.9789 0.1223 -0.1634
vn -0.9822 -0.0274 -0.1859
vn -0.9089 -0.0635 -0.4121
vn -0.9048 0.0094 -0.4256
vn 0.8543 -0.0347 0.5187
vn 0.5789 0.2433 -0.7783
vn 0.5442 0.3476 -0.7636
vn 0.4106 0.3637 -0.8361
vn 0.4255 0.2773 -0.8614
vn -0.9843 0.0630 0.1646
vn -0.9209 0.0456 0.3872
vn -0.9895 0.0221 0.1431
vn -0.8252 0.0153 0.5646
vn 0.6649 -0.0028 -0.7469
vn 0.4278 -0.0952 -0.8989
vn 0.4141 0.0943 -0.9053
vn 0.6121 0.1670 -0.7729
vn -0.9836 0.0297 -0.1778
vn -0.9879 -0.0041 -0.1548
vn 0.6178 -0.3430 -0.7076
vn -0.6992 0.1451 0.7000
vn -0.2885 -0.0245 0.9572
vn -0.4547 0.0199 0.8904
vn -0.3799 0.0177 0.9249
vn -0.0484 0.0100 0.9988
vn 0.2053 0.6109 0.7646
vn 0.4079 -0.0161 0.9129
vn -0.0356 -0.0109 0.9993
vn -0.8069 0.0444 0.5890
vn -0.6655 0.0099 0.7463
vn -0.6579 0.0005 0.7531
vn -0.5024 -0.0052 0.8646
vn -0.5032 -0.0068 0.8641
vn -0.8858 0.1035 0.4524
vn -0.2128 -0.0485 0.9759
vn -0.1560 -0.0720 0.9851
vn 0.1197 -0.1638 0.9792
vn 0.0895 -0.1393 0.9862
vn -0.9461 0.3069 -0.1037
vn -0.7828 -0.0126 0.6221
vn 0.5189 0.3886 -0.7614
vn 0.6972 0.4116 -0.5870
vn 0.7477 0.3884 -0.5386
vn 0.5407 0.3587 -0.7609
vn 0.5039 0.0659 -0.8612
vn 0.4959 0.2424 -0.8338
vn 0.5883 0.0623 -0.8063
vn 0.7876 0.5587 0.2599
vn 0.8496 0.1569 0.5036
vn 0.7034 0.0566 0.7086
vn 0.4808 0.7760 0.4083
vn 0.5835 -0.1394 -0.8001
vn 0.4900 -0.1239 -0.8629
vn -0.4585 0.4095 0.7887
vn -0.5006 0.0144 0.8656
vn -0.5009 0.0067 0.8655
vn -0.3257 0.0077 0.9455
vn -0.3218 0.0147 0.9467
vn -0.6597 0.0350 0.7507
vn -0.5005 -0.0643 0.8633
vn 0.5309 0.0557 -0.8456
vn -0.7061 -0.1462 0.6929
vn -0.6465 -0.2047 0.7350
vn -0.7392 0.0111 0.6733
vn -0.3183 -0.0650 0.9458
vn 0.3158 -0.2418 0.9175
vn -0.8717 0.3014 0.3864
vn -0.5235 0.3254 -0.7875
vn -0.1577 0.3239 -0.9329
vn -0.2501 0.2999 -0.9206
vn -0.5613 0.2433 -0.7911
vn -0.5790 -0.1417 0.8029
vn -0.5608 -0.3266 0.7608
vn -0.2409 0.5219 0.8183
vn -0.0586 0.9830 0.1742
vn -0.4268 0.2545 -0.8678
vn -0.5322 0.8083 0.2518
vn -0.8225 0.5174 -0.2360
vn -0.7245 0.6150 -0.3113
vn -0.8270 0.4961 0.2645
vn -0.4820 0.5838 -0.6533
vn -0.7347 0.5954 0.3252
vn -0.5442 0.0735 0.8357
vn -0.4706 0.1030 0.8763
vn -0.3476 -0.2908 0.8914
vn -0.9680 0.1888 0.1651
vn 0.3536 -0.1499 0.9233
vn 0.3403 -0.0679 0.9379
vn 0.6005 0.2150 0.7702
vn 0.8196 0.2122 0.5322
vn 0.6468 0.0131 0.7626
vn -0.5005 0.0276 0.8653
vn -0.5452 0.0310 0.8377
vn -0.2200 -0.8980 0.3811
vn -0.3838 -0.6408 0.6648
vn -0.3970 -0.5285 0.7504
vn -0.6927 -0.6711 0.2642
vn -0.3071 -0.6131 0.7279
vn 0.9847 0.1264 -0.1200
vn 0.9783 0.1208 -0.1681
vn 0.8623 -0.3568 -0.3593
vn -0.0041 0.7825 0.6226
vn -0.1318 0.6339 0.7621
vn -0.3047 0.8091 0.5025
vn -0.1002 -0.2117 0.9722
vn -0.1599 -0.0766 0.9842
vn -0.4759 -0.1314 0.8697
vn -0.4423 -0.2674 0.8561
vn 0.1194 0.1154 -0.9861
vn -0.2258 0.2389 -0.9444
vn 0.2963 0.2289 -0.9273
vn 0.4011 0.1083 -0.9096
vn 0.1389 0.9853 -0.0994
vn -0.0634 0.9235 0.3784
vn 0.6826 0.1912 -0.7054
vn 0.6427 0.0293 -0.7656
vn 0.5029 0.3120 -0.8061
vn 0.4106 0.3380 -0.8468
vn -0.0309 0.9138 0.4049
vn 0.1865 0.9819 -0.0318
vn -0.4125 0.5377 0.7353
vn -0.3012 0.5702 0.7643
vn -0.1624 0.7677 0.6199
vn -0.3027 0.7702 0.5614
vn -0.5415 0.2255 0.8099
vn -0.4246 0.5907 0.6861
vn -0.2642 0.5268 0.8079
vn -0.3185 0.5500 0.7721
vn -0.1982 0.7822 0.5907
vn -0.3623 0.7881 0.4976
vn -0.1748 0.9278 0.3295
vn 0.3780 0.7669 -0.5187
vn 0.3346 0.7968 -0.5032
vn 0.0549 0.9968 -0.0584
vn 0.3283 0.7580 -0.5636
vn 0.4112 0.4003 -0.8189
vn 0.4509 0.3820 -0.8067
vn 0.4010 0.5155 -0.7573
vn -0.1849 0.7901 0.5844
vn 0.5312 0.3528 -0.7703
vn 0.5071 0.4777 -0.7174
vn 0.2657 0.3363 -0.9035
vn 0.7251 0.4399 -0.5298
vn 0.7577 0.2672 -0.5954
vn 0.3772 0.1033 -0.9203
vn 0.4576 0.1161 -0.8815
vn 0.4714 0.3768 -0.7973
vn -0.3706 0.2324 0.8992
vn -0.2665 0.9315 -0.2477
vn -0.4987 0.8612 0.0977
vn 0.8367 0.1894 -0.5139
vn 0.4548 0.3166 -0.8324
vn 0.8190 0.1446 -0.5553
vn 0.4483 0.2383 -0.8616
vn -0.0633 0.3672 -0.9280
vn -0.0360 0.5558 -0.8305
vn 0.1361 0.7703 -0.6230
vn -0.5888 0.4078 -0.6978
vn -0.5280 0.6569 -0.5383
vn -0.8521 0.3350 -0.4021
vn -0.7770 0.5905 -0.2182
vn 0.7470 0.1370 -0.6506
vn 0.3776 0.1600 -0.9120
vn -0.0342 0.2344 -0.9715
vn -0.9831 0.0283 -0.1809
vn -0.9880 -0.1045 0.1134
vn -0.9827 0.0221 0.1836
vn -0.9816 0.1803 -0.0634
vn 0.6157 0.1232 -0.7783
vn 0.3362 0.2943 -0.8946
vn 0.3744 0.1804 -0.9096
vn 0.7216 0.2218 -0.6558
vn 0.6954 0.3842 -0.6073
vn 0.7719 0.4552 0.4437
vn 0.9171 0.1987 0.3457
vn 0.9637 0.2628 -0.0478
vn 0.8634 0.5024 0.0466
vn -0.8497 0.1573 -0.5033
vn 0.5920 0.3182 0.7405
vn 0.7395 0.0748 0.6690
vn 0.4128 0.1593 0.8968
vn 0.5478 -0.0496 0.8351
vn -0.8487 0.2365 -0.4730
vn -0.9692 0.1122 -0.2192
vn 0.4321 -0.2621 0.8629
vn 0.5379 -0.0829 0.8389
vn 0.5887 -0.1736 0.7895
vn 0.4373 0.3406 -0.8323
vn -0.0097 0.4728 -0.8811
vn -0.0061 0.3153 -0.9490
vn 0.4125 0.2326 -0.8808
vn -0.6007 0.3162 -0.7343
vn -0.5934 0.2399 -0.7683
vn -0.5724 0.4830 -0.6626
vn -0.8183 0.4120 -0.4007
vn 0.7728 0.2178 0.5962
vn 0.8380 0.0111 0.5456
vn -0.9438 0.3087 -0.1179
vn -0.9269 0.2158 0.3072
vn -0.9048 0.4148 0.0962
vn -0.9383 -0.2113 0.2738
vn -0.8858 -0.2217 0.4076
vn -0.6936 0.4522 0.5608
vn -0.6265 0.6893 0.3638
vn 0.8096 -0.0696 0.5828
vn 0.9642 0.0386 0.2622
vn -0.0570 0.9307 0.3612
vn -0.2494 0.9349 0.2527
vn 0.9519 0.1201 0.2820
vn 0.9014 0.3036 0.3089
vn 0.9280 0.3691 -0.0504
vn 0.9778 0.1945 -0.0785
vn -0.5189 -0.8054 -0.2865
vn -0.7199 -0.6891 -0.0830
vn -0.4756 -0.8782 -0.0503
vn 0.5814 0.1573 -0.7983
vn 0.3615 -0.0934 -0.9277
vn 0.4409 0.1369 -0.8871
vn -0.9896 0.0224 -0.1424
vn -0.8882 0.3962 0.2329
vn -0.8718 -0.0310 -0.4889
vn -0.5686 -0.1237 -0.8132
vn -0.8700 0.1123 -0.4802
vn -0.9735 0.1416 -0.1795
vn -0.5485 0.0354 -0.8354
vn 0.7195 0.3268 -0.6128
vn 0.9130 0.3461 -0.2161
vn -0.8455 0.3062 -0.4373
vn -0.9460 0.2969 -0.1299
vn -0.5213 0.2445 -0.8176
vn -0.8285 0.3351 -0.4487
vn -0.1973 -0.1783 0.9640
vn -0.1896 -0.0488 0.9806
vn -0.8437 0.2037 -0.4967
vn -0.4770 0.3317 -0.8139
vn -0.2687 0.5318 -0.8031
vn -0.5307 0.5940 -0.6045
vn -0.6904 0.4750 -0.5457
vn 0.5024 -0.0254 -0.8642
vn 0.8061 -0.0075 -0.5918
vn -0.8231 0.2023 -0.5307
vn 0.1326 -0.1814 -0.9744
vn 0.1276 -0.1360 -0.9825
vn 0.1147 -0.1923 -0.9746
vn -0.6113 0.0515 0.7897
vn -0.4973 0.0572 0.8657
vn -0.4778 -0.1682 -0.8622
vn 0.9776 -0.1931 0.0843
vn 0.9877 -0.1487 -0.0485
vn 0.9746 -0.2190 -0.0469
vn 0.3193 -0.3879 -0.8646
vn 0.3366 -0.2966 -0.8937
vn 0.5372 -0.4793 0.6941
vn 0.3642 -0.2050 0.9085
vn 0.6168 -0.1952 0.7625
vn -0.5766 0.1870 -0.7953
vn 0.9708 0.2165 -0.1033
vn 0.9560 0.2677 -0.1198
vn 0.9592 0.2435 0.1438
vn 0.9501 0.3057 0.0612
vn -0.6639 0.7379 0.1214
vn -0.5149 0.7952 0.3201
vn 0.8043 0.1979 0.5603
vn 0.8664 0.1179 0.4852
vn 0.7940 -0.2804 -0.5394
vn -0.3828 -0.4118 0.8270
vn -0.5954 -0.2333 0.7688
vn 0.1095 -0.4311 0.8957
vn 0.1721 -0.4436 0.8795
vn 0.2501 -0.1092 0.9621
vn 0.2375 -0.3293 0.9139
vn 0.0184 -0.3679 0.9297
vn -0.1685 -0.2068 0.9638
vn -0.8687 0.0091 0.4952
vn -0.9623 0.1584 0.2211
vn -0.9754 0.1148 0.1880
vn -0.8847 -0.0538 0.4630
vn -0.9817 -0.0208 0.1895
vn -0.8744 -0.0839 0.4779
vn -0.9533 -0.2082 -0.2190
vn -0.9847 0.1613 0.0651
vn -0.9322 -0.2266 0.2822
vn -0.8385 -0.3984 0.3717
vn -0.9598 -0.0906 -0.2657
vn 0.8504 -0.2947 0.4358
vn 0.7999 -0.4529 -0.3938
vn 0.3638 -0.7026 -0.6116
vn 0.8365 -0.5070 -0.2078
vn -0.7998 0.4182 -0.4305
vn -0.7612 0.5365 -0.3645
vn -0.8191 -0.0437 -0.5720
vn -0.8902 -0.0688 -0.4504
vn -0.2902 -0.5896 0.7537
vn 0.4565 -0.2900 0.8411
vn -0.6891 -0.3991 0.6049
vn -0.6823 -0.1755 0.7097
vn -0.5877 -0.2131 0.7805
vn 0.0886 -0.4577 0.8847
vn 0.6534 0.2184 0.7248
vn 0.5709 0.5013 0.6502
vn 0.7313 0.1249 -0.6705
vn 0.7205 0.1743 -0.6712
vn -0.6747 -0.4297 0.6001
vn -0.8774 -0.0592 0.4760
vn -0.3359 -0.5387 0.7726
vn 0.2763 -0.4738 0.8362
vn -0.8487 -0.2929 0.4404
vn -0.5126 0.4831 -0.7098
vn -0.7097 -0.3517 0.6105
vn -0.3660 -0.3863 0.8466
vn 0.5471 -0.4622 0.6979
vn 0.5600 -0.3881 0.7320
vn 0.6010 -0.3048 0.7388
vn -0.8152 -0.2363 -0.5288
vn -0.9294 -0.3396 -0.1447
vn -0.9352 -0.3330 -0.1209
vn -0.8259 -0.2464 -0.5072
vn -0.5686 0.2720 -0.7763
vn -0.9053 0.1799 -0.3849
vn 0.3024 -0.2594 0.9172
vn 0.8840 -0.4422 -0.1518
vn 0.7114 0.1083 -0.6944
vn 0.4307 0.2504 -0.8671
vn 0.5610 -0.4809 0.6738
vn -0.9207 -0.3658 -0.1359
vn -0.9102 -0.4083 0.0692
vn -0.9279 -0.3668 0.0664
vn 0.9139 -0.3444 0.2147
vn 0.9289 -0.0672 -0.3643
vn 0.9567 0.0258 -0.2898
vn 0.9334 -0.1922 0.3031
vn -0.9953 0.0049 0.0965
vn -0.9021 -0.1361 0.4096
vn -0.9475 0.2768 -0.1599
vn -0.9290 0.0751 -0.3624
vn -0.6070 -0.1848 -0.7729
vn -0.5160 0.2288 -0.8255
vn -0.9964 0.0251 -0.0812
vn -0.9403 -0.1029 -0.3244
vn 0.2696 -0.0855 0.9592
vn 0.2942 -0.1949 0.9357
vn 0.6023 -0.0774 0.7945
vn 0.5498 0.0485 0.8339
vn 0.8135 -0.4717 0.3401
vn 0.7577 -0.5984 0.2603
vn 0.5245 0.0996 0.8456
vn 0.0346 -0.4338 -0.9004
vn 0.2849 -0.3867 -0.8771
vn -0.2306 -0.7496 -0.6204
vn -0.4263 -0.7810 -0.4564
vn 0.5420 -0.5154 0.6638
vn 0.7015 -0.4704 0.5353
vn 0.7164 -0.4522 0.5313
vn 0.6959 -0.3110 0.6473
vn -0.7120 0.1766 -0.6796
vn 0.1738 0.2773 -0.9450
vn 0.0392 -0.6855 0.7271
vn -0.6139 -0.4034 0.6785
vn -0.8065 0.3738 -0.4581
vn -0.4038 -0.0492 -0.9135
vn -0.7088 0.0503 -0.7036
vn -0.5601 0.4187 -0.7148
vn -0.0093 0.3771 -0.9261
vn 0.1039 -0.1640 -0.9810
vn -0.8918 0.4298 -0.1415
vn -0.9349 0.3187 -0.1559
vn -0.9532 -0.0967 -0.2865
vn -0.9708 0.0705 -0.2295
vn 0.4301 -0.2462 -0.8686
vn -0.7174 -0.0195 0.6964
vn 0.8024 0.1123 -0.5861
vn 0.4986 0.5952 0.6302
vn -0.8078 0.4440 -0.3878
vn 0.9782 0.1056 -0.1786
vn -0.1378 0.1596 -0.9775
vn 0.7429 -0.1841 0.6436
vn -0.7969 -0.3611 0.4844
vn -0.9565 -0.2736 0.1017
vn -0.9332 -0.3472 0.0930
vn -0.7692 -0.3332 0.5452
vn 0.9186 -0.3459 0.1910
vn 0.9230 -0.3328 0.1931
vn 0.6419 -0.5029 0.5789
vn -0.8185 -0.4527 0.3538
vn -0.2684 -0.6140 0.7423
vn 0.1034 -0.5202 0.8477
vn 0.7037 -0.4468 0.5524
vn 0.9310 -0.0459 -0.3620
vn 0.9268 -0.0250 0.3747
vn -0.7163 -0.3892 -0.5791
vn -0.8052 -0.2614 -0.5323
vn -0.3591 -0.0593 -0.9314
vn -0.2588 -0.4479 -0.8558
vn 0.8315 0.4654 0.3033
vn -0.5039 0.1644 -0.8479
vn -0.6926 0.1416 0.7072
vn 0.0710 -0.1581 -0.9849
vn -0.3795 -0.1990 -0.9036
vn -0.8398 -0.3983 0.3689
vn -0.3646 -0.5223 0.7709
vn 0.0210 0.9614 -0.2744
vn -0.4345 0.8876 -0.1531
vn -0.4651 0.8686 -0.1711
vn -0.0570 0.9563 -0.2868
vn 0.7212 -0.3265 0.6109
vn 0.0331 0.9927 -0.1160
vn 0.4706 0.8161 0.3356
vn 0.9187 -0.3521 0.1786
vn 0.7124 -0.4400 0.5467
vn 0.8684 0.1957 0.4556
vn 0.8949 -0.0572 0.4426
vn 0.6912 -0.5423 0.4777
vn -0.7773 0.0719 0.6250
vn -0.0808 0.3700 0.9255
vn 0.2695 0.3758 0.8866
vn 0.0991 0.9012 0.4219
vn 0.8357 -0.3614 -0.4136
vn 0.7919 -0.5994 0.1168
vn 0.6565 -0.7227 -0.2160
vn 0.6460 -0.3178 -0.6940
vn 0.5657 -0.6747 -0.4741
vn -0.5983 -0.2845 0.7490
vn 0.0679 -0.5148 0.8546
vn -0.5636 -0.2864 -0.7748
vn -0.5030 0.1014 -0.8583
vn 0.9192 -0.0839 -0.3848
vn 0.5482 0.7563 0.3571
vn 0.8688 0.0934 0.4862
vn 0.9078 -0.3031 0.2897
vn 0.8405 0.2074 0.5005
vn 0.9082 -0.1663 0.3841
vn -0.8808 -0.4318 -0.1943
vn 0.8690 -0.4947 0.0104
vn 0.7432 -0.6139 -0.2659
vn 0.3906 -0.6259 -0.6751
vn 0.9025 -0.4022 0.1542
vn 0.8042 -0.5840 -0.1104
vn -0.2379 -0.4456 -0.8631
vn -0.5882 -0.3028 -0.7499
vn 0.4626 -0.7621 -0.4530
vn 0.4133 -0.7078 -0.5729
vn 0.0553 -0.5600 -0.8266
vn -0.0057 -0.7217 -0.6921
vn 0.3087 -0.6954 -0.6489
vn -0.2651 -0.6813 -0.6823
vn -0.6126 -0.5053 -0.6078
vn 0.1493 -0.7655 -0.6259
vn 0.1271 -0.6772 -0.7247
vn 0.9302 0.2558 0.2632
vn 0.9950 -0.0987 0.0127
vn 0.9067 -0.2176 -0.3613
vn 0.9513 0.2936 -0.0936
vn 0.5246 -0.6033 0.6007
vn -0.2141 -0.5385 -0.8150
vn -0.2022 -0.6340 -0.7464
vn -0.1744 0.5688 -0.8038
vn -0.1276 0.6330 -0.7635
vn 0.1564 0.8676 -0.4720
vn -0.6207 -0.6477 0.4418
vn 0.4383 -0.1888 -0.8788
vn 0.5858 -0.6814 -0.4387
vn -0.1246 -0.4243 0.8969
vn 0.2768 0.9528 -0.1246
vn 0.2306 0.9619 -0.1470
vn 0.1586 0.8752 -0.4571
vn 0.0554 0.8589 -0.5091
vn 0.3270 0.9440 0.0438
vn 0.2701 0.9621 0.0371
vn -0.8263 -0.5632 -0.0083
vn 0.5712 0.7469 0.3405
vn 0.5823 -0.6189 -0.5272
vn 0.0141 -0.7337 -0.6794
vn 0.3408 0.2665 -0.9016
vn 0.8887 0.1178 -0.4431
vn 0.8743 -0.4046 0.2679
vn 0.8778 -0.4436 0.1807
vn 0.8984 -0.4274 0.1005
vn -0.0364 0.0698 0.9969
vn 0.8484 0.0941 0.5209
vn 0.9558 0.2686 0.1194
vn 0.7990 0.3244 0.5064
vn -0.2796 0.4805 0.8312
vn -0.3302 0.4072 0.8516
vn 0.5645 0.3954 -0.7246
vn 0.5927 0.8046 -0.0362
vn 0.6059 0.6406 -0.4718
vn 0.6119 0.4081 -0.6775
vn 0.8184 0.0740 0.5698
vn 0.8597 -0.0778 0.5049
vn 0.9917 -0.1216 -0.0419
vn 0.9946 -0.0956 -0.0393
vn 0.5470 0.2981 -0.7823
vn -0.0554 0.1650 -0.9847
vn 0.2449 0.1406 -0.9593
vn 0.1946 0.3133 -0.9295
vn 0.1990 0.1950 0.9604
vn -0.1030 0.0539 0.9932
vn 0.3874 -0.0392 0.9211
vn 0.6666 -0.0765 0.7414
vn -0.0728 -0.2328 -0.9698
vn 0.2558 -0.1701 -0.9516
vn 0.3101 0.0281 -0.9503
vn -0.0105 -0.8470 -0.5314
vn 0.3315 0.3398 -0.8801
vn 0.3953 0.3640 -0.8433
vn 0.3901 0.3098 -0.8671
vn 0.3293 0.2751 -0.9033
vn -0.0540 0.3251 0.9441
vn 0.3094 0.2171 0.9258
vn 0.6123 0.1345 0.7791
vn 0.7823 -0.3024 0.5446
vn 0.7771 -0.2820 0.5626
vn 0.6207 -0.6888 -0.3746
vn 0.3879 0.9207 -0.0433
vn -0.6463 0.1413 0.7499
vn 0.3963 -0.2266 -0.8897
vn 0.3297 -0.5528 -0.7653
vn 0.5678 0.6714 -0.4762
vn 0.7104 -0.6760 -0.1958
vn 0.6093 -0.6638 -0.4336
vn 0.4118 -0.7171 -0.5623
vn 0.0003 0.3675 0.9300
vn 0.1527 -0.8475 -0.5084
vn 0.6015 -0.7984 -0.0270
vn 0.3774 0.0050 0.9260
vn -0.2079 0.4152 0.8856
vn -0.2429 0.2545 0.9361
vn 0.0392 0.1930 0.9804
vn -0.2418 0.0542 0.9688
vn 0.0627 -0.0273 0.9977
vn 0.5513 -0.7943 -0.2553
vn 0.4210 -0.6748 -0.6061
vn 0.4524 -0.5578 -0.6958
vn 0.0526 0.0335 0.9981
vn 0.4335 -0.1303 0.8917
vn 0.4134 0.0802 -0.9070
vn 0.3992 0.2662 -0.8774
vn -0.4249 0.0514 0.9038
vn 0.5539 0.3021 0.7759
vn 0.6435 -0.1038 0.7584
vn -0.6829 0.2322 0.6926
vn -0.6903 0.0257 0.7231
vn 0.3373 0.0505 0.9400
vn -0.9729 0.1485 0.1773
vn 0.4727 0.2894 -0.8324
vn 0.4801 0.3218 -0.8160
vn 0.2904 0.1662 0.9424
vn -0.0325 0.0826 0.9961
vn -0.1703 0.0185 0.9852
vn -0.1509 0.0349 0.9879
vn 0.6927 -0.6603 0.2901
vn 0.8239 -0.5621 -0.0727
vn 0.5461 -0.8265 0.1368
vn 0.6894 0.0870 -0.7192
vn 0.5933 0.1532 -0.7903
vn 0.5600 0.3184 -0.7649
vn 0.6216 0.2850 -0.7296
vn -0.9657 -0.2297 0.1207
vn -0.0268 -0.9986 0.0464
vn 0.4266 0.1049 -0.8983
vn 0.4177 -0.1307 -0.8991
vn -0.1796 0.9467 0.2675
vn 0.1301 0.9800 -0.1504
vn 0.2835 0.7389 -0.6113
vn -0.0158 0.9830 -0.1828
vn 0.1287 0.9899 -0.0587
vn 0.3098 0.7573 -0.5749
vn -0.5199 0.5678 0.6382
vn 0.3746 0.7927 0.4810
vn 0.5279 0.8446 0.0893
vn 0.2092 0.6505 0.7302
vn 0.4156 0.7170 -0.5597
vn 0.5411 0.6773 -0.4985
vn 0.0274 0.4365 0.8993
vn 0.9875 0.1161 -0.1068
vn 0.2219 -0.0743 0.9722
vn -0.1573 0.1589 0.9747
vn 0.6571 -0.5333 0.5327
vn 0.5120 0.8320 0.2137
vn 0.7948 0.5961 0.1139
vn 0.3912 0.3550 -0.8491
vn 0.7090 0.0398 -0.7041
vn 0.4464 0.0544 -0.8932
vn 0.2955 -0.1096 -0.9490
vn 0.5643 -0.2552 -0.7852
vn 0.2632 -0.3598 -0.8951
vn -0.3749 -0.4068 -0.8331
vn 0.4835 -0.6115 0.6263
vn 0.0946 -0.4386 0.8937
vn -0.2605 -0.0755 0.9625
vn -0.2263 -0.1700 0.9591
vn -0.9218 0.3779 0.0864
vn 0.7207 0.2714 -0.6379
vn 0.3617 0.1855 -0.9137
vn -0.0014 -0.3924 0.9198
vn -0.0035 -0.4435 0.8962
vn -0.9829 -0.1734 0.0613
vn -0.4665 0.1218 -0.8761
vn -0.9760 -0.1952 -0.0964
vn -0.7504 -0.3624 0.5528
vn -0.1796 -0.1850 0.9662
vn 0.4990 0.8111 -0.3053
vn 0.0407 0.9842 -0.1725
vn -0.1603 -0.2636 0.9512
vn 0.2455 -0.0148 0.9693
vn -0.8163 -0.3399 -0.4670
vn 0.8007 0.1772 0.5723
vn -0.7218 -0.4272 0.5445
vn 0.5803 -0.3268 -0.7459
vn -0.0860 -0.7936 -0.6023
vn -0.3946 -0.6862 -0.6111
vn -0.6001 0.7852 0.1529
vn -0.9950 -0.0094 -0.0998
vn 0.0053 0.1678 -0.9858
vn 0.0285 0.0845 -0.9960
vn -0.0089 0.1197 -0.9928
vn -0.3878 -0.0255 -0.9214
vn -0.3882 -0.0039 -0.9216
vn -0.8891 -0.0516 -0.4548
vn 0.7498 -0.5417 -0.3801
vn 0.3037 -0.7856 -0.5391
vn 0.9038 -0.0481 0.4252
vn -0.6434 -0.7056 -0.2968
vn 0.1468 0.8998 -0.4109
vn 0.0746 0.9137 -0.3995
vn -0.9031 -0.1944 -0.3828
vn -0.7456 -0.4135 -0.5225
vn 0.8340 -0.0855 -0.5451
vn 0.8346 -0.1972 -0.5143
vn 0.6175 0.3284 -0.7147
vn 0.6784 0.2836 -0.6777
vn 0.3405 0.6894 -0.6393
vn 0.3243 0.7270 -0.6052
vn 0.5958 0.4937 -0.6335
vn 0.3450 0.0967 0.9336
vn 0.5566 0.0604 0.8286
vn 0.5382 0.0425 0.8417
vn 0.3083 0.1307 0.9423
vn -0.0373 0.0385 0.9986
vn -0.0186 -0.1859 0.9824
vn 0.0855 -0.2392 0.9672
vn -0.8820 -0.2222 0.4157
vn -0.9279 -0.3084 0.2095
vn -0.8172 -0.5018 0.2834
vn -0.7878 -0.4047 0.4644
vn -0.7152 -0.5930 0.3699
vn -0.6634 -0.5188 0.5393
vn -0.8797 -0.4287 0.2059
vn -0.8703 -0.4632 0.1671
vn -0.8537 -0.4435 0.2730
vn -0.8551 -0.4299 0.2898
vn -0.8128 -0.5795 0.0596
vn -0.6515 -0.7474 0.1301
vn -0.0486 0.4512 0.8911
vn -0.5025 0.4921 0.7108
vn -0.4840 0.5894 0.6468
vn -0.0005 0.4664 0.8846
vn -0.2416 -0.7159 0.6550
vn -0.3433 -0.5348 0.7721
vn -0.0365 -0.3978 0.9167
vn 0.0695 -0.5147 0.8546
vn 0.1915 -0.9814 -0.0098
vn -0.0585 -0.9137 0.4022
vn -0.3723 -0.9004 0.2249
vn -0.0333 -0.9954 -0.0895
vn -0.5896 -0.4591 -0.6645
vn -0.8056 -0.4358 -0.4013
vn -0.8468 -0.3246 -0.4214
vn -0.6074 -0.3131 -0.7301
vn -0.4267 -0.7065 -0.5646
vn -0.6471 -0.6618 -0.3786
vn -0.2489 -0.8745 -0.4163
vn -0.5466 -0.7943 -0.2651
vn 0.8015 -0.3874 0.4555
vn 0.4863 -0.3335 0.8077
vn 0.6962 -0.5589 0.4505
vn 0.3988 -0.5484 0.7350
vn 0.7080 -0.6933 0.1346
vn 0.5790 -0.7408 0.3405
vn -0.7544 -0.1546 0.6379
vn -0.7287 -0.1275 0.6729
vn -0.7130 -0.1228 0.6904
vn -0.7496 -0.1752 0.6383
vn -0.2658 -0.9511 -0.1575
vn -0.5162 -0.8381 0.1765
vn -0.3494 -0.9166 -0.1941
vn -0.1377 -0.9847 -0.1069
vn -0.4305 -0.8760 0.2174
vn -0.5976 -0.5537 0.5798
vn -0.6966 -0.5735 0.4312
vn -0.7248 -0.5998 0.3391
vn -0.6610 -0.5890 0.4649
vn 0.9955 0.0326 -0.0886
vn 0.9962 -0.0419 -0.0770
vn 0.9898 -0.0467 0.1343
vn 0.9915 -0.0154 0.1292
vn -0.3655 -0.4852 0.7943
vn -0.6289 -0.5466 0.5529
vn -0.6302 -0.6169 0.4715
vn -0.6398 -0.4697 0.6083
vn -0.9342 -0.3552 -0.0327
vn -0.6662 -0.4592 0.5876
vn -0.6248 -0.5833 0.5190
vn -0.6450 -0.5131 0.5664
vn -0.6093 -0.6432 0.4637
vn -0.6588 -0.6415 0.3929
vn -0.6135 -0.6853 0.3924
vn 0.0996 -0.4343 0.8953
vn 0.1180 -0.4192 0.9002
vn -0.3221 -0.5783 0.7496
vn -0.6797 -0.5819 0.4465
vn -0.2683 -0.6744 0.6879
vn 0.1432 -0.5420 0.8281
vn 0.0260 -0.0850 0.9960
vn -0.0389 0.1930 0.9804
vn 0.0948 0.3941 0.9141
vn -0.2746 -0.6641 0.6954
vn -0.1260 -0.1393 0.9822
vn -0.1005 -0.1985 0.9749
vn -0.0839 -0.1878 0.9786
vn -0.0986 0.0864 0.9914
vn -0.8032 -0.4975 0.3276
vn -0.7666 -0.4683 0.4394
vn -0.7672 -0.3277 0.5513
vn -0.6617 -0.5082 0.5513
vn -0.8273 -0.2467 0.5047
vn -0.8611 0.0372 0.5070
vn 0.2082 0.1322 0.9691
vn 0.2335 -0.3011 0.9246
vn 0.1143 -0.3014 0.9466
vn 0.1887 -0.3880 0.9021
vn 0.0998 -0.3155 0.9437
vn -0.3113 -0.5991 0.7377
vn -0.4927 -0.0411 0.8692
vn -0.9491 -0.0870 0.3027
vn -0.7395 -0.5638 0.3676
vn 0.7295 -0.6839 0.0042
vn 0.7258 -0.6862 -0.0484
vn 0.8756 -0.4557 -0.1604
vn 0.8801 -0.4732 -0.0378
vn 0.0114 -0.6311 0.7756
vn -0.8740 0.3009 0.3816
vn -0.9229 0.2014 0.3281
vn -0.8530 0.2988 0.4279
vn -0.5059 0.0535 0.8610
vn -0.8132 -0.0489 0.5799
vn -0.8196 0.2637 0.5086
vn -0.8376 0.1563 0.5235
vn 0.4405 -0.2302 0.8678
vn 0.3903 -0.2245 0.8929
vn 0.2879 -0.2273 0.9303
vn 0.3286 -0.2311 0.9158
vn -0.0642 -0.2120 0.9751
vn -0.1223 0.3958 0.9102
vn -0.0498 0.1068 0.9930
vn -0.0987 0.3516 0.9309
vn -0.9160 -0.0629 0.3962
vn -0.8428 -0.0434 0.5364
vn -0.8357 0.2120 0.5066
vn 0.1075 0.1310 0.9855
vn 0.0364 0.2607 0.9647
vn 0.8686 -0.4612 0.1813
vn -0.7138 -0.3280 0.6189
vn -0.7333 -0.3109 0.6046
vn -0.4454 -0.2565 0.8578
vn -0.7336 -0.1853 0.6538
vn -0.7328 -0.3387 0.5902
vn -0.7196 -0.3157 0.6184
vn -0.7303 -0.2537 0.6342
vn -0.7608 -0.2069 0.6151
vn -0.1087 -0.0834 0.9906
vn -0.1723 -0.0573 0.9834
vn -0.1454 -0.0392 0.9886
vn -0.1909 -0.0430 0.9807
vn -0.9727 -0.1529 0.1749
vn -0.9720 -0.2292 -0.0516
vn -0.7895 -0.2049 0.5785
vn -0.7879 -0.2040 0.5811
vn -0.7257 -0.1443 0.6727
vn -0.7197 -0.1736 0.6722
vn -0.1355 -0.9413 -0.3093
vn 0.9596 -0.1657 0.2275
vn 0.9784 -0.1968 -0.0630
vn -0.0684 -0.0677 0.9954
vn -0.4892 -0.0622 0.8700
vn -0.4919 -0.0459 0.8694
vn -0.3839 -0.2823 -0.8792
vn -0.5632 -0.3099 -0.7660
vn -0.3950 -0.2308 -0.8892
vn 0.2556 -0.2346 0.9379
vn 0.1542 -0.1504 0.9765
vn 0.1200 -0.1205 0.9854
vn -0.8431 -0.4427 0.3052
vn -0.8520 -0.3410 0.3971
vn -0.8592 -0.4560 0.2318
vn -0.8401 -0.4498 0.3032
vn -0.9581 -0.2333 0.1661
vn -0.8912 -0.3584 0.2782
vn -0.8901 -0.4016 0.2157
vn -0.9423 -0.3290 0.0622
vn 0.3054 0.0382 0.9514
vn 0.3680 0.0179 0.9297
vn 0.2772 -0.1371 0.9510
vn 0.3194 0.0037 0.9476
vn 0.3033 0.1078 0.9468
vn 0.1418 0.0065 0.9899
vn -0.8708 -0.4785 0.1127
vn -0.8931 -0.4437 0.0737
vn -0.8663 -0.4926 -0.0824
vn -0.8742 -0.4377 -0.2102
vn -0.8809 -0.3770 -0.2864
vn -0.8213 -0.4135 -0.3929
vn -0.6537 -0.3475 -0.6723
vn 0.8254 -0.1016 0.5553
vn 0.6067 -0.2136 0.7657
vn 0.7027 -0.1390 0.6978
vn 0.7536 -0.0281 0.6568
vn 0.7531 -0.0675 0.6545
vn 0.4747 -0.0606 0.8781
vn -0.9697 -0.2365 0.0609
vn -0.8939 -0.3401 -0.2919
vn -0.8775 -0.3378 -0.3404
vn -0.9696 -0.2431 -0.0265
vn -0.9675 -0.1329 0.2150
vn 0.4628 0.0348 0.8858
vn 0.7862 -0.0227 0.6176
vn 0.8366 -0.0058 0.5478
vn -0.8649 -0.4936 0.0916
vn -0.9724 -0.1118 0.2049
vn 0.2159 -0.4216 0.8807
vn 0.0774 -0.4491 0.8901
vn -0.9011 -0.1910 0.3894
vn -0.9015 0.0830 0.4247
vn -0.8344 -0.1125 0.5396
vn -0.0036 -0.3938 0.9192
vn -0.0174 -0.3862 0.9223
vn -0.0585 -0.4516 0.8903
vn 0.1195 -0.0325 0.9923
vn 0.3383 -0.0686 0.9385
vn -0.0863 -0.3648 0.9271
vn -0.1263 -0.0934 0.9876
vn -0.1197 -0.0344 0.9922
vn -0.0503 -0.0983 0.9939
vn -0.0039 -0.0357 0.9994
vn -0.9532 -0.2002 0.2267
vn 0.4740 -0.1847 0.8609
vn 0.3413 -0.1683 0.9248
vn 0.2706 -0.2166 0.9380
vn -0.4743 0.6276 0.6174
vn -0.2170 -0.7509 0.6238
vn -0.3540 -0.5114 0.7830
vn 0.0153 -0.1532 0.9881
vn 0.2265 -0.1183 0.9668
vn -0.8520 -0.3046 0.4258
vn -0.8862 -0.3290 0.3261
vn -0.7967 -0.3070 0.5205
vn -0.7183 -0.3087 0.6235
vn -0.7695 -0.3220 0.5516
vn -0.7326 -0.1634 0.6607
vn -0.0193 -0.1799 0.9835
vn 0.3253 -0.1510 0.9335
vn 0.3486 -0.0516 0.9359
vn 0.2580 -0.2418 0.9354
vn -0.9351 -0.2947 0.1967
vn -0.8948 -0.3821 0.2309
vn -0.5581 -0.3399 -0.7570
vn -0.3845 -0.3033 -0.8719
vn -0.4837 -0.7248 0.4906
vn -0.1437 -0.6487 -0.7473
vn -0.2442 -0.6861 -0.6852
vn -0.3451 -0.4475 -0.8250
vn -0.2147 -0.4112 -0.8859
vn 0.9593 -0.1889 -0.2099
vn 0.9962 -0.0209 -0.0845
vn -0.1049 -0.8436 -0.5267
vn -0.1516 -0.8508 -0.5031
vn -0.0886 -0.9196 -0.3826
vn 0.6180 -0.7858 0.0242
vn -0.4133 -0.2930 -0.8622
vn -0.0503 -0.9755 -0.2142
vn 0.2323 -0.7859 0.5731
vn -0.0233 -0.4319 0.9016
vn -0.7535 -0.4771 0.4524
vn 0.3557 -0.9269 0.1197
vn 0.5466 -0.8350 0.0636
vn 0.4739 -0.8762 0.0876
vn 0.3716 -0.9278 0.0340
vn 0.2336 -0.9684 -0.0872
vn 0.2158 -0.9749 -0.0541
vn 0.6207 -0.7838 0.0201
vn 0.2280 -0.0802 0.9704
vn -0.0413 -0.1566 0.9868
vn 0.3605 -0.0894 0.9285
vn 0.4090 -0.0070 0.9125
vn -0.1073 -0.1930 0.9753
vn -0.1114 -0.1764 0.9780
vn 0.3523 -0.1953 0.9153
vn 0.4597 -0.2427 0.8543
vn 0.8314 -0.1258 0.5413
vn 0.9841 -0.0236 -0.1760
vn 0.9648 -0.0410 0.2597
vn -0.0967 0.2966 0.9501
vn 0.5581 -0.0725 0.8266
vn 0.2784 -0.2943 0.9143
vn 0.1836 -0.4228 0.8874
vn 0.0653 -0.4851 0.8720
vn 0.3223 -0.6793 0.6593
vn 0.5194 -0.8021 0.2946
vn 0.5839 -0.8050 0.1049
vn 0.2587 -0.7455 0.6143
vn 0.0135 -0.4624 0.8866
vn 0.3665 -0.9197 0.1407
vn 0.4265 -0.8778 0.2179
vn -0.0594 -0.3443 0.9370
vn -0.0751 -0.9527 -0.2944
vn 0.1516 -0.4881 0.8595
vn -0.8717 -0.2584 0.4164
vn -0.8219 -0.5238 0.2237
vn -0.4252 -0.6187 0.6606
vn -0.5617 -0.3599 0.7450
vn -0.1851 -0.0724 0.9801
vn -0.1420 -0.0597 0.9881
vn 0.0565 -0.9874 -0.1475
vn -0.1943 -0.0263 0.9806
vn -0.2176 -0.0290 0.9756
vn -0.0652 -0.0677 0.9956
vn -0.9468 -0.2361 0.2186
vn 0.9826 -0.0119 0.1855
vn -0.7474 -0.2110 0.6300
vn -0.7708 -0.1577 0.6173
vn -0.7865 -0.2377 0.5700
vn -0.8299 -0.1921 0.5238
vn -0.9239 -0.3327 0.1889
vn -0.0086 -0.9959 -0.0901
vn -0.0870 -0.9178 -0.3873
vn -0.9005 -0.2939 0.3206
vn -0.7686 -0.2943 0.5680
vn -0.9558 -0.2655 0.1267
vn -0.7232 -0.2923 0.6257
vn 0.9985 -0.0256 -0.0492
vn -0.3005 -0.2669 -0.9157
vn -0.7227 -0.3217 0.6117
vn -0.7085 -0.2887 0.6440
vn -0.7317 -0.2959 0.6140
vn -0.7449 -0.3085 0.5916
vn -0.7170 -0.2907 0.6336
vn -0.6641 -0.3340 0.6689
vn -0.6647 -0.2771 0.6939
vn -0.6867 -0.2362 0.6875
vn -0.7342 -0.2710 0.6225
vn 0.1050 -0.1159 0.9877
vn 0.0578 -0.1192 0.9912
vn 0.1179 -0.1479 0.9820
vn 0.0787 -0.0779 0.9938
vn 0.0800 -0.1556 0.9846
vn 0.0176 -0.1483 0.9888
vn 0.0079 -0.1506 0.9886
vn 0.0311 -0.1184 0.9925
vn 0.0580 -0.0654 0.9962
vn 0.1714 0.1201 0.9779
vn -0.0315 0.1020 0.9943
vn 0.1775 0.1172 0.9771
vn -0.0904 0.0773 0.9929
vn 0.2904 0.1239 0.9489
vn 0.3334 0.1070 0.9367
vn -0.1536 0.0810 0.9848
vn -0.1194 0.0722 0.9902
vn -0.0132 0.0886 0.9960
vn -0.0266 0.0754 0.9968
vn -0.0273 0.0665 0.9974
vn -0.0584 0.0718 0.9957
vn -0.1619 0.0652 0.9847
vn -0.1534 0.0509 0.9869
vn -0.0802 0.0548 0.9953
vn 0.1296 0.1056 0.9859
vn -0.0129 0.0625 0.9980
vn 0.2869 0.0773 0.9548
vn 0.3804 0.0522 0.9234
vn 0.4152 0.1050 0.9036
vn 0.3479 0.1282 0.9287
vn -0.8511 -0.0533 0.5224
vn -0.9361 -0.0896 0.3402
vn -0.9375 -0.0940 0.3351
vn -0.8158 -0.0601 0.5752
vn -0.9678 -0.1144 0.2244
vn -0.9727 -0.1404 0.1847
vn -0.7807 -0.0378 0.6237
vn -0.7987 -0.0565 0.5990
vn -0.8572 -0.0713 0.5100
vn -0.8481 -0.0802 0.5238
vn -0.8458 -0.0885 0.5262
vn -0.8314 -0.0746 0.5506
vn -0.7724 -0.0504 0.6331
vn -0.7742 -0.0667 0.6294
vn -0.8163 -0.0846 0.5714
vn -0.9195 -0.0931 0.3818
vn -0.8519 -0.0964 0.5148
vn -0.9583 -0.1585 0.2378
vn -0.9680 -0.2032 0.1469
vn -0.9822 -0.1597 0.0990
vn -0.9786 -0.1230 0.1650
vn -0.4196 -0.1116 -0.9009
vn -0.4387 -0.1029 -0.8927
vn -0.0675 0.1574 -0.9852
vn -0.0394 0.1580 -0.9867
vn 0.4937 0.2100 -0.8439
vn 0.3276 0.0356 -0.9441
vn 0.6601 -0.2357 -0.7133
vn 0.7776 -0.0241 -0.6284
vn -0.6740 0.4801 0.5614
vn -0.4341 0.6785 0.5926
vn 0.4807 -0.5434 -0.6882
vn 0.7797 -0.2644 -0.5676
vn 0.7919 -0.2658 -0.5497
vn 0.4917 -0.5525 -0.6730
vn 0.7786 -0.5239 0.3454
vn 0.9021 -0.4303 -0.0328
vn 0.4604 -0.6838 0.5661
vn 0.5308 -0.5328 0.6590
vn 0.0358 0.4529 -0.8909
vn 0.0321 0.4379 -0.8985
vn -0.2612 0.5469 -0.7954
vn -0.2637 0.5511 -0.7916
vn 0.4263 -0.6408 0.6384
vn 0.4326 -0.6386 0.6365
vn 0.6821 -0.6446 0.3452
vn 0.7191 -0.6111 0.3308
vn -0.8742 0.4657 0.1371
vn -0.7268 0.5868 -0.3570
vn -0.7411 0.5770 -0.3432
vn -0.8970 0.4233 0.1272
vn 0.1708 -0.7628 -0.6236
vn 0.5045 -0.5983 -0.6225
vn 0.5318 -0.6954 -0.4833
vn 0.2059 -0.8459 -0.4919
vn 0.3959 0.7312 -0.5555
vn 0.7228 0.5619 -0.4023
vn 0.7193 0.5663 -0.4024
vn 0.3961 0.7338 -0.5519
vn -0.4289 -0.2769 0.8599
vn -0.3476 -0.2941 0.8904
vn 0.0521 -0.5154 0.8553
vn -0.0079 -0.5275 0.8495
vn -0.8159 -0.0712 0.5738
vn -0.9672 0.1503 0.2049
vn -0.9839 -0.1413 0.1092
vn -0.8370 -0.3841 0.3897
vn -0.8538 0.1605 0.4953
vn -0.6990 0.3833 0.6037
vn -0.6766 0.3937 0.6223
vn -0.8185 0.1810 0.5453
vn -0.5310 -0.5817 0.6162
vn -0.5453 -0.2652 0.7952
vn 0.7670 -0.0372 -0.6406
vn 0.4770 0.2023 -0.8553
vn 0.4416 0.1508 -0.8845
vn 0.0040 0.3834 -0.9236
vn 0.7429 -0.0986 -0.6622
vn 0.3906 0.0498 -0.9192
vn 0.6870 -0.1982 -0.6991
vn -0.9732 -0.2226 0.0579
vn -0.9671 0.1229 -0.2229
vn -0.9689 0.1256 -0.2130
vn -0.9739 -0.2174 0.0654
vn -0.3218 0.4078 -0.8545
vn -0.3544 0.4650 -0.8113
vn -0.6699 0.4679 -0.5764
vn -0.6106 0.4761 -0.6329
vn -0.6798 0.4410 0.5860
vn -0.8139 0.2572 0.5210
vn 0.2948 0.1995 -0.9345
vn 0.6073 0.3592 -0.7086
vn 0.5181 0.4884 -0.7022
vn 0.2246 0.3309 -0.9165
vn 0.4197 0.6111 -0.6711
vn 0.7521 0.4234 -0.5050
vn 0.9159 0.3447 -0.2057
vn 0.9041 0.3652 -0.2217
vn 0.9959 -0.0047 0.0904
vn 0.9973 0.0064 0.0733
vn 0.8758 -0.3390 0.3436
vn 0.6603 -0.5629 0.4971
vn 0.6635 -0.5651 0.4904
vn 0.8799 -0.3372 0.3348
vn -0.3932 0.6880 -0.6100
vn -0.3812 0.6927 -0.6122
vn -0.0048 0.7777 -0.6287
vn -0.0338 0.7800 -0.6248
vn -0.2789 0.4852 -0.8287
vn -0.0498 0.3020 -0.9520
vn 0.9830 -0.1683 0.0740
vn 0.8408 -0.4180 0.3440
vn 0.8431 -0.5375 0.0148
vn 0.7225 -0.6005 0.3426
vn 0.8896 -0.2403 -0.3884
vn 0.8849 -0.2115 -0.4149
vn 0.8898 -0.4555 -0.0279
vn -0.8457 -0.5224 0.1094
vn -0.8200 -0.5703 0.0490
vn -0.7125 -0.5613 0.4211
vn -0.7519 -0.4101 0.5162
vn 0.9466 0.1773 -0.2692
vn 0.6745 -0.1544 -0.7219
vn 0.8353 -0.3347 -0.4361
vn 0.3771 0.0837 -0.9224
vn -0.9330 0.3403 0.1170
vn -0.8159 0.0809 0.5725
vn -0.7856 0.1385 0.6031
vn 0.8261 -0.3849 -0.4117
vn 0.8244 -0.5658 0.0150
vn 0.8744 -0.3019 -0.3798
vn 0.7579 -0.5672 0.3223
vn 0.8665 -0.4991 0.0023
vn -0.0661 0.3638 -0.9291
vn 0.4820 -0.5918 0.6461
vn 0.5301 -0.6048 0.5944
vn 0.6291 -0.5777 0.5201
vn -0.2585 -0.8903 -0.3748
vn -0.5532 -0.8061 -0.2102
vn -0.5526 -0.7754 -0.3055
vn -0.2362 -0.8316 -0.5027
vn 0.3255 -0.7327 0.5976
vn 0.2719 -0.7003 0.6600
vn -0.1509 -0.6963 0.7018
vn -0.0557 -0.7866 0.6149
vn 0.3366 -0.7377 0.5853
vn -0.4995 -0.6991 0.5117
vn -0.4889 -0.7149 0.4999
vn -0.0237 -0.7984 0.6017
vn -0.8336 -0.4729 0.2855
vn -0.8360 -0.4725 0.2790
vn 0.8036 0.5626 0.1942
vn 0.9406 0.3377 -0.0342
vn 0.9175 0.3898 -0.0788
vn 0.7845 0.6060 0.1315
vn -0.9585 0.1830 -0.2188
vn -0.1944 -0.7988 -0.5693
vn -0.5592 -0.7262 -0.3999
vn -0.9029 0.3618 -0.2323
vn 0.2496 -0.8809 -0.4022
vn -0.0384 -0.0040 -0.9993
vn -0.4506 -0.2875 -0.8452
vn -0.2825 -0.9036 -0.3221
vn 0.0119 0.6990 -0.7150
vn -0.3567 0.6635 -0.6576
vn -0.7875 -0.6023 -0.1309
vn -0.9267 -0.3276 0.1843
vn -0.9357 -0.2373 0.2612
vn -0.7951 -0.6064 -0.0089
vn -0.6858 -0.4425 -0.5779
vn -0.6985 -0.3382 -0.6306
vn 0.1887 -0.7201 -0.6678
vn -0.2565 -0.4230 0.8690
vn -0.5752 -0.1229 0.8088
vn -0.5221 0.5932 -0.6128
vn -0.5248 0.5994 -0.6044
vn -0.6186 -0.1079 0.7782
vn -0.8025 0.0763 0.5918
vn -0.9365 0.3023 0.1776
vn -0.7911 0.5046 -0.3457
vn -0.8396 0.4554 -0.2962
vn 0.5537 -0.7395 -0.3828
vn 0.8399 -0.4323 -0.3282
vn 0.8357 -0.3964 -0.3802
vn -0.7660 0.1948 0.6126
vn -0.6072 -0.0040 0.7946
vn -0.4369 -0.1531 0.8864
vn -0.5799 -0.7744 -0.2532
vn 0.0099 -0.4683 0.8835
vn 0.0443 -0.4051 0.9132
vn -0.4446 -0.1996 0.8732
vn -0.6091 -0.0504 0.7915
vn 0.1678 -0.5644 0.8082
vn 0.7475 -0.4209 -0.5138
vn -0.7407 0.4722 -0.4780
vn -0.7419 0.4724 -0.4757
vn -0.7230 0.4830 -0.4939
vn -0.5616 0.5353 -0.6310
vn 0.5216 0.3095 0.7951
vn 0.4561 0.6362 0.6222
vn 0.0198 0.5835 0.8118
vn 0.1535 0.1215 0.9806
vn 0.9498 0.1333 -0.2831
vn 0.9447 0.1461 -0.2934
vn 0.9151 0.3954 -0.0786
vn 0.8454 0.5338 0.0203
vn 0.8453 0.5342 0.0092
vn 0.8004 0.4119 0.4356
vn 0.7998 0.4159 0.4327
vn -0.8618 -0.0023 0.5073
vn -0.6918 0.2227 0.6869
vn 0.3067 -0.4856 -0.8186
vn 0.0575 -0.0950 -0.9938
vn 0.5330 -0.6863 -0.4949
vn -0.0050 0.0632 -0.9980
vn -0.2624 0.2691 -0.9267
vn -0.0468 0.4144 -0.9089
vn 0.4462 -0.4595 -0.7680
vn 0.6107 0.0199 -0.7916
vn -0.3563 0.2128 -0.9098
vn -0.3611 0.2103 -0.9085
vn 0.0943 0.3547 -0.9302
vn 0.1773 0.3787 -0.9084
vn 0.8386 0.2438 -0.4872
vn -0.0309 -0.0751 -0.9967
vn 0.2655 -0.1197 -0.9567
vn 0.6067 0.3316 -0.7224
vn 0.2547 -0.0081 -0.9670
vn 0.3678 -0.8480 0.3817
vn 0.1941 -0.5455 -0.8153
vn 0.9880 0.0326 -0.1508
vn 0.9572 0.2887 0.0197
vn 0.9417 0.3353 0.0287
vn 0.9855 0.0718 -0.1535
vn -0.7140 -0.5829 0.3877
vn -0.4379 -0.4682 0.7675
vn -0.4436 -0.4412 0.7801
vn 0.2207 -0.7001 -0.6791
vn 0.9323 0.3590 -0.0427
vn -0.2021 -0.8132 -0.5458
vn -0.5420 -0.7587 -0.3613
vn -0.8166 -0.5690 -0.0965
vn -0.8254 -0.5391 -0.1676
vn 0.9680 0.0943 -0.2327
vn 0.2348 0.3230 -0.9168
vn 0.8157 -0.2998 -0.4947
vn 0.8025 0.4664 -0.3720
vn 0.7419 0.5619 -0.3658
vn 0.7515 0.5670 -0.3374
vn 0.5223 0.4842 -0.7020
vn 0.7659 0.5494 0.3340
vn 0.7809 0.4530 0.4301
vn -0.6910 -0.3468 -0.6342
vn -0.8032 -0.5140 -0.3012
vn -0.8103 -0.4825 -0.3326
vn -0.8099 -0.5860 -0.0241
vn 0.0306 0.7444 0.6671
vn 0.1003 0.7582 0.6443
vn -0.4095 0.5959 0.6908
vn -0.4159 0.5946 0.6881
vn -0.9479 -0.1826 0.2612
vn -0.9698 -0.1381 0.2012
vn 0.7910 0.5974 0.1320
vn 0.5744 0.7520 0.3232
vn -0.8138 -0.5801 0.0358
vn -0.0730 -0.2428 0.9673
vn -0.1945 -0.0492 0.9797
vn -0.5313 -0.2374 0.8132
vn 0.2367 -0.0533 0.9701
vn -0.0605 -0.2528 0.9656
vn 0.2387 -0.0524 0.9697
vn 0.5654 0.1931 0.8019
vn 0.5673 0.1880 0.8018
vn -0.3903 0.4304 0.8139
vn 0.5577 0.7157 0.4203
vn 0.5615 0.7540 0.3410
vn 0.1008 0.8139 0.5723
vn 0.0960 0.8414 0.5318
vn -0.4328 0.6377 0.6372
vn -0.8188 0.2961 0.4918
vn 0.7904 0.5586 0.2516
vn 0.4901 0.7261 0.4823
vn -0.9236 -0.2326 0.3047
vn 0.8637 0.5040 -0.0080
vn 0.1591 -0.2304 -0.9600
vn 0.0171 -0.5526 -0.8333
vn -0.8057 -0.4887 -0.3347
vn 0.9168 -0.0873 -0.3897
vn 0.8768 0.4125 -0.2470
vn 0.8097 0.4464 -0.3810
vn 0.8484 -0.0531 -0.5267
vn -0.3208 -0.9471 -0.0072
vn -0.4661 -0.8674 0.1743
vn -0.4662 -0.8673 0.1744
vn -0.9575 -0.0016 0.2884
vn -0.9680 0.2506 0.0133
vn -0.9656 0.0148 0.2596
vn -0.8757 0.4161 -0.2450
vn -0.0577 -0.9217 -0.3836
vn 0.0330 -0.8052 -0.5921
vn -0.7397 0.4999 -0.4505
vn -0.5181 0.4928 -0.6991
vn -0.2985 0.4068 -0.8634
vn -0.1106 0.2484 -0.9623
vn 0.0683 0.0014 0.9977
vn 0.1110 0.0401 0.9930
vn 0.2239 0.2401 0.9446
vn 0.2005 0.2177 0.9552
vn 0.8120 0.2626 -0.5212
vn 0.8271 0.0526 -0.5595
vn 0.8245 0.1654 -0.5412
vn 0.1164 -0.2683 -0.9563
vn 0.0740 -0.0900 -0.9932
vn 0.0286 0.0146 -0.9995
vn 0.1164 -0.2684 -0.9563
vn 0.1165 -0.5568 -0.8224
vn 0.1401 -0.4356 -0.8892
vn 0.7764 -0.5050 -0.3771
vn 0.8047 -0.3097 -0.5065
vn 0.7930 -0.4287 -0.4330
vn 0.0983 -0.6334 -0.7675
vn 0.6919 0.7220 -0.0024
vn 0.5831 0.7504 0.3112
vn -0.1732 -0.9650 -0.1968
vn 0.6051 -0.7961 -0.0019
vn 0.5132 -0.8350 0.1985
vn 0.4168 -0.8074 0.4175
vn 0.7064 -0.6776 -0.2043
vn 0.8258 -0.1340 -0.5478
vn 0.0630 -0.1551 0.9859
vn 0.0539 -0.1745 0.9832
vn -0.0267 -0.0169 0.9995
vn -0.8722 -0.1767 0.4562
vn -0.8988 -0.1511 0.4116
vn 0.8697 -0.1187 0.4792
vn 0.8791 -0.1138 0.4628
vn 0.8670 -0.1070 0.4867
vn 0.8694 -0.1150 0.4806
vn 0.8697 -0.1128 0.4804
vn 0.8711 -0.1094 0.4788
vn 0.8727 -0.1064 0.4764
vn 0.8755 -0.1037 0.4720
vn 0.8784 -0.1024 0.4668
vn 0.8824 -0.1033 0.4589
vn 0.8828 -0.0984 0.4593
vn 0.8882 -0.1104 0.4460
vn 0.8738 -0.1340 0.4675
vn 0.8632 -0.1276 0.4884
vn 0.8842 -0.1250 0.4501
vn 0.8791 -0.1273 0.4593
vn 0.8743 -0.1261 0.4686
vn 0.8878 -0.1208 0.4440
vn 0.8892 -0.1182 0.4419
vn 0.8894 -0.1174 0.4417
vn 0.8895 -0.1167 0.4418
vn 0.8922 -0.1224 0.4348
vn 0.8929 -0.1036 0.4381
vn -0.9148 -0.0903 -0.3936
vn -0.8717 0.1733 -0.4583
vn -0.8886 -0.1190 -0.4429
vn -0.8705 -0.1256 -0.4759
vn -0.8562 -0.1191 -0.5027
vn -0.8384 -0.0926 -0.5371
vn -0.8056 -0.0025 -0.5925
vn -0.9271 -0.0722 -0.3678
vn -0.9337 -0.0370 -0.3561
vn -0.9401 0.0168 -0.3405
vn -0.8558 0.3485 -0.3824
vn -0.8386 0.4327 -0.3310
vn -0.7710 0.0994 -0.6290
vn -0.8887 0.3450 -0.3018
vn -0.8528 0.3814 -0.3567
vn -0.8446 0.3868 -0.3703
vn -0.8241 0.3739 -0.4255
vn -0.7973 0.3528 -0.4898
vn -0.7785 0.2853 -0.5591
vn -0.7592 0.2114 -0.6155
vn -0.7614 0.1635 -0.6273
vn 0.7525 0.6058 -0.2582
vn 0.3672 0.5035 0.7821
vn 0.4962 0.6759 0.5449
vn -0.7297 -0.5261 0.4368
vn -0.6069 -0.7223 0.3315
vn -0.8165 -0.3216 0.4795
vn -0.8046 -0.3371 0.4889
vn -0.0094 0.1070 -0.9942
vn 0.7928 0.4195 -0.4421
vn 0.3089 -0.7204 0.6210
vn 0.3090 -0.7205 0.6208
vn 0.2017 -0.5691 0.7971
vn 0.2017 -0.5692 0.7971
vn 0.1154 -0.3660 0.9234
vn 0.1154 -0.3661 0.9234
vn -0.8248 -0.1680 0.5400
vn -0.7649 -0.4253 -0.4839
vn -0.7730 -0.4298 -0.4666
vn -0.7813 -0.4192 -0.4624
vn -0.7752 -0.4261 -0.4663
vn -0.7757 -0.4244 -0.4670
vn -0.7759 -0.4213 -0.4695
vn -0.7755 -0.4186 -0.4726
vn -0.7738 -0.4160 -0.4777
vn -0.7711 -0.4148 -0.4830
vn -0.7661 -0.4155 -0.4903
vn -0.7680 -0.4111 -0.4912
vn -0.7559 -0.4218 -0.5007
vn -0.7608 -0.4436 -0.4737
vn -0.7750 -0.4383 -0.4552
vn -0.7533 -0.4351 -0.4932
vn -0.7582 -0.4374 -0.4835
vn -0.7642 -0.4365 -0.4749
vn -0.7512 -0.4313 -0.4997
vn -0.7508 -0.4289 -0.5024
vn -0.7509 -0.4281 -0.5028
vn -0.7512 -0.4274 -0.5030
vn -0.7450 -0.4325 -0.5079
vn -0.7534 -0.4153 -0.5097
vn 0.7412 0.4788 0.4704
vn 0.7797 0.2306 0.5821
vn 0.8170 0.2041 0.5393
vn 0.8384 0.1981 0.5078
vn 0.8524 0.2045 0.4812
vn 0.8658 0.2302 0.4442
vn 0.8723 0.3153 0.3737
vn 0.7586 0.2470 0.6028
vn 0.7421 0.2803 0.6088
vn 0.7170 0.3308 0.6136
vn 0.6214 0.6283 0.4681
vn 0.5465 0.6952 0.4669
vn 0.8589 0.4081 0.3095
vn 0.5697 0.6213 0.5380
vn 0.5892 0.6546 0.4736
vn 0.5954 0.6595 0.4589
vn 0.6360 0.6504 0.4152
vn 0.6835 0.6333 0.3629
vn 0.7519 0.5752 0.3221
vn 0.8109 0.5090 0.2887
vn 0.8350 0.4665 0.2920
vn -0.3443 0.2982 -0.8902
vn -0.0771 0.8150 -0.5743
vn 0.1742 0.7315 -0.6592
vn -0.0515 0.3575 -0.9325
vn -0.3535 -0.2652 -0.8970
vn -0.4587 -0.2899 -0.8400
vn -0.1801 -0.7599 -0.6245
vn -0.1250 -0.7458 -0.6543
vn 0.2865 0.4151 -0.8635
vn 0.3521 0.0559 -0.9343
vn 0.5097 -0.2415 0.8258
vn 0.3849 0.2417 0.8907
vn 0.4668 0.2692 0.8424
vn 0.5674 -0.2353 0.7891
vn 0.4858 -0.7142 0.5040
vn 0.5332 -0.7034 0.4701
vn 0.3483 -0.9325 0.0957
vn 0.3207 -0.9385 0.1280
vn 0.1010 -0.9419 -0.3203
vn 0.0700 -0.9520 -0.2982
vn -0.0643 0.9496 0.3068
vn 0.1673 0.7471 0.6434
vn 0.1139 0.7163 0.6884
vn -0.1562 0.9208 0.3573
vn -0.4562 0.2438 -0.8558
vn -0.5887 0.2029 -0.7825
vn -0.4409 0.6859 -0.5790
vn -0.5708 0.6455 -0.5074
vn -0.2907 0.9485 -0.1261
vn -0.3995 0.9144 -0.0648
vn 0.3421 0.2176 -0.9141
vn 0.1691 -0.1783 -0.9693
vn 0.2903 -0.8454 -0.4483
vn 0.5286 -0.8429 -0.1006
vn -0.5121 -0.5358 -0.6714
vn 0.3790 -0.4634 0.8010
vn 0.0761 -0.9132 0.4003
vn 0.0061 -0.9982 -0.0596
vn -0.3250 -0.7810 0.5333
vn -0.8285 -0.0777 0.5545
vn -0.4874 -0.7394 0.4646
vn -0.7395 -0.6377 0.2157
vn 0.5507 -0.3072 0.7761
vn 0.2648 -0.8684 0.4192
vn 0.3215 -0.8588 0.3988
vn 0.5008 -0.3675 0.7837
vn -0.1622 -0.7866 0.5957
vn 0.4565 -0.3320 0.8255
vn -0.3050 -0.6089 0.7323
vn 0.4188 -0.2766 0.8649
vn -0.3976 -0.3002 0.8671
vn -0.6862 0.3014 0.6620
vn -0.0495 0.9592 -0.2782
vn -0.6683 0.5605 -0.4892
vn -0.9638 0.2659 0.0178
vn -0.7942 0.0097 0.6076
vn -0.6810 0.2624 0.6836
vn -0.8261 0.5255 -0.2036
vn -0.6700 0.7293 0.1384
vn 0.6341 0.2803 0.7207
vn -0.5281 0.0763 0.8457
vn 0.7329 0.6801 -0.0185
vn 0.3624 0.8185 -0.4458
vn -0.7864 0.2623 0.5592
vn -0.6849 0.3081 0.6604
vn -0.7817 -0.2193 0.5838
vn -0.3111 0.1960 0.9299
vn -0.5375 0.4858 -0.6893
vn -0.9180 0.3078 -0.2501
vn 0.3267 0.8315 -0.4494
vn 0.1584 -0.3355 0.9286
vn 0.2299 -0.1584 0.9602
vn 0.3531 -0.3716 0.8586
vn 0.9569 -0.2746 0.0946
vn 0.9858 -0.0525 0.1597
vn 0.4321 0.1627 0.8870
vn -0.7474 -0.5633 0.3523
vn -0.8898 0.4524 -0.0603
vn -0.8330 -0.0444 0.5516
vn -0.9169 -0.1323 -0.3766
vn -0.9388 0.0879 -0.3330
vn 0.8798 -0.4725 0.0525
vn 0.9202 -0.0255 -0.3906
vn -0.6201 -0.7675 0.1627
vn -0.8257 0.2629 0.4991
vn -0.7844 0.3965 0.4771
vn -0.9197 -0.2280 0.3197
vn -0.8279 -0.3236 0.4582
vn -0.8439 -0.2294 -0.4850
vn 0.5918 -0.7313 0.3391
vn 0.7517 -0.2823 0.5961
vn 0.5928 -0.4945 0.6357
vn 0.4376 -0.8071 0.3964
vn -0.0958 -0.9942 -0.0482
vn -0.4080 -0.9030 0.1346
vn -0.4922 -0.8704 -0.0119
vn -0.1397 -0.9752 -0.1718
vn 0.9322 -0.0274 -0.3609
vn 0.8301 -0.5529 -0.0716
vn 0.7457 -0.5473 -0.3800
vn -0.1200 -0.9596 -0.2545
vn -0.2280 -0.9502 -0.2122
vn -0.6139 -0.2878 -0.7351
vn -0.1079 -0.9930 0.0475
vn -0.5345 0.8077 0.2489
vn -0.6290 0.2734 -0.7277
vn -0.1105 -0.9814 -0.1568
vn -0.1185 -0.9360 0.3314
vn -0.3458 -0.9251 0.1570
vn -0.0596 -0.9241 0.3774
vn -0.1748 -0.9823 0.0668
vn -0.2775 -0.9580 -0.0729
vn -0.7960 -0.5335 0.2860
vn 0.5617 -0.7229 -0.4023
vn -0.6014 -0.7719 -0.2062
vn -0.8357 -0.5380 0.1103
vn -0.9110 -0.4041 -0.0824
vn -0.0524 0.2759 0.9598
vn -0.6868 0.1109 0.7183
vn -0.6556 -0.1583 0.7384
vn -0.0653 -0.2862 0.9559
vn 0.4846 0.0884 0.8703
vn 0.5387 -0.0333 0.8419
vn 0.4212 -0.6086 0.6725
vn 0.3147 0.4898 0.8130
vn 0.3306 0.5209 0.7870
vn 0.5647 0.5160 0.6441
vn 0.5895 -0.1291 0.7974
vn -0.8241 0.5611 -0.0770
vn -0.9926 0.1084 -0.0556
vn -0.9863 -0.0207 0.1637
vn -0.8423 0.5254 0.1204
vn 0.6216 -0.2172 0.7526
vn 0.1250 -0.7674 0.6289
vn 0.3848 -0.7736 0.5035
vn -0.9318 0.0566 0.3585
vn -0.5951 0.7209 0.3552
vn -0.8705 0.1344 0.4734
vn 0.8918 0.3109 0.3287
vn 0.5858 -0.1913 0.7876
vn -0.0351 -0.6279 0.7775
vn 0.5906 -0.1305 0.7964
vn -0.1006 -0.3815 0.9189
vn -0.9249 0.0649 0.3746
vn -0.9400 0.0894 0.3294
vn -0.8265 0.5209 -0.2137
vn -0.3839 -0.7044 0.5971
vn -0.8709 -0.0740 0.4859
vn -0.9021 0.0105 0.4315
vn -0.7036 -0.6723 0.2300
vn -0.8266 0.4688 0.3115
vn -0.9787 -0.0706 0.1926
vn -0.5306 -0.2948 0.7947
vn -0.4309 0.2500 0.8671
vn 0.4123 -0.7569 0.5071
vn -0.0824 -0.9956 -0.0449
vn 0.1398 -0.9286 -0.3437
vn 0.1242 -0.9803 -0.1534
vn 0.1834 -0.9747 0.1276
vn 0.4940 -0.4608 0.7373
vn 0.0692 -0.9619 0.2644
vn 0.8517 -0.2917 -0.4354
vn 0.9345 -0.2990 -0.1932
vn 0.6295 -0.7296 0.2673
vn 0.4816 -0.8545 -0.1947
vn -0.8976 -0.3725 -0.2358
vn -0.7137 0.2572 -0.6516
vn -0.6598 0.1788 -0.7298
vn -0.7813 -0.4909 -0.3855
vn 0.9851 -0.0080 -0.1716
vn 0.7534 -0.2740 0.5978
vn 0.7577 -0.6038 0.2478
vn 0.9347 -0.1024 -0.3405
vn 0.6937 -0.7191 0.0420
vn 0.5442 -0.7685 -0.3366
vn -0.3832 -0.9014 0.2014
vn -0.5410 -0.5697 -0.6187
vn -0.5323 -0.7171 0.4499
vn 0.5154 0.7143 0.4735
vn -0.9938 -0.1007 0.0481
vn -0.6276 -0.3799 0.6796
vn -0.7343 0.5668 0.3735
vn 0.9265 0.1014 0.3624
vn 0.3246 -0.9457 -0.0158
vn 0.7703 -0.5869 0.2495
vn -0.5494 -0.7929 -0.2636
vn -0.2552 -0.8312 -0.4940
vn -0.3957 -0.8318 -0.3893
vn -0.6065 -0.1480 -0.7812
vn -0.0486 -0.7927 -0.6076
vn 0.1677 -0.6307 -0.7577
vn 0.0951 -0.9339 -0.3446
vn -0.2732 -0.9369 -0.2183
vn -0.1392 -0.8797 -0.4548
vn -0.0079 -0.9637 -0.2668
vn -0.1514 -0.9858 -0.0730
vn 0.0560 -0.3274 -0.9432
vn -0.3382 -0.4640 -0.8187
vn -0.1373 -0.4126 -0.9005
vn 0.4410 -0.1022 -0.8917
vn -0.3101 -0.2982 -0.9027
vn 0.3295 0.1312 -0.9350
vn 0.8202 -0.5059 0.2670
vn 0.7159 -0.6716 -0.1908
vn 0.7085 -0.5718 -0.4136
vn 0.9742 0.2254 -0.0059
vn 0.8936 -0.3251 -0.3095
vn -0.4534 0.6008 -0.6584
vn -0.8970 0.3304 -0.2936
vn -0.7021 -0.1036 -0.7045
vn -0.4984 0.0628 -0.8647
vn -0.4430 -0.5443 -0.7124
vn -0.4211 -0.4627 -0.7801
vn 0.2882 -0.7167 0.6351
vn -0.1120 -0.2802 0.9534
vn -0.2538 -0.5624 0.7869
vn -0.3575 -0.8892 -0.2854
vn -0.1665 -0.9832 0.0742
vn -0.4574 -0.6577 -0.5985
vn -0.1955 -0.9529 0.2320
vn -0.5619 -0.6631 -0.4945
vn 0.1823 -0.6565 0.7320
vn -0.1832 -0.9712 0.1522
vn 0.3528 -0.9351 0.0334
vn 0.2265 -0.9716 0.0683
vn 0.5272 -0.0934 0.8446
vn -0.4237 0.7745 0.4696
vn -0.3332 0.4697 -0.8176
vn -0.9346 0.0902 -0.3440
vn -0.9061 0.2790 -0.3179
vn -0.3524 0.5651 -0.7460
vn 0.6251 -0.6919 -0.3614
vn 0.6157 -0.7032 -0.3555
vn -0.5050 -0.2583 0.8235
vn -0.5257 -0.5019 0.6868
vn -0.6182 -0.4286 0.6589
vn -0.8537 0.1820 0.4880
vn -0.6854 -0.4720 0.5544
vn 0.0629 -0.5849 0.8087
vn 0.0529 -0.4681 0.8821
vn -0.5038 -0.5653 0.6532
vn -0.4205 -0.7466 0.5155
vn -0.0849 0.2144 0.9730
vn -0.7390 -0.0184 -0.6735
vn -0.5936 -0.0165 -0.8046
vn -0.8377 -0.5149 -0.1819
vn -0.9313 -0.3642 -0.0012
vn -0.6198 -0.3150 0.7188
vn 0.0929 -0.3139 0.9449
vn 0.1813 -0.0586 0.9817
vn -0.0508 -0.9933 -0.1042
vn -0.0811 0.9454 -0.3156
vn -0.4175 0.3389 0.8431
vn 0.2566 0.2689 0.9284
vn 0.4062 0.8894 -0.2094
vn 0.6141 0.3311 0.7164
vn 0.9707 0.2261 0.0809
vn 0.0242 0.8931 -0.4493
vn 0.7561 0.3048 -0.5791
vn -0.3508 0.8759 -0.3312
vn -0.9776 0.2099 0.0182
vn 0.7583 -0.1137 0.6419
vn 0.8172 -0.0234 0.5758
vn -0.2399 -0.9314 0.2737
vn -0.7826 0.4500 -0.4302
vn -0.8498 0.2162 -0.4808
vn -0.9844 0.1312 0.1176
vn -0.8090 0.0406 -0.5864
vn 0.9696 -0.2362 -0.0644
vn 0.7806 0.2157 -0.5867
vn 0.9972 -0.0286 0.0691
vn -0.5370 0.0023 -0.8436
vn 0.8407 0.3602 -0.4043
vn 0.8433 -0.2073 -0.4959
vn 0.8307 0.3108 -0.4619
vn 0.8308 -0.2712 -0.4861
vn 0.3983 0.8710 0.2876
vn 0.2973 0.8635 0.4073
vn 0.1914 0.8937 0.4059
vn -0.1503 0.9064 0.3947
vn -0.3679 0.8237 0.4315
vn -0.2924 0.7995 0.5248
vn -0.5119 0.6601 0.5497
vn -0.3250 0.6521 0.6850
vn -0.4397 0.6460 0.6239
vn -0.2096 0.9770 -0.0388
vn -0.8206 0.5467 0.1665
vn -0.8938 0.3622 0.2643
vn 0.1288 0.9481 0.2906
vn 0.0786 0.9760 0.2032
vn -0.7097 0.6095 0.3533
vn -0.5115 0.7266 0.4586
vn 0.5637 0.5363 -0.6283
vn 0.7746 0.5574 -0.2989
vn -0.2609 0.4033 -0.8771
vn 0.6119 0.4440 -0.6546
vn 0.1199 0.9299 -0.3478
vn -0.3696 0.5356 -0.7593
vn -0.0388 0.4633 -0.8853
vn 0.6273 0.6160 0.4765
vn 0.2158 0.6624 0.7174
vn 0.1585 0.9526 0.2596
vn -0.2898 0.8073 0.5141
vn 0.4716 0.8816 -0.0193
vn -0.0107 0.9899 0.1412
vn -0.2640 0.6927 -0.6712
vn 0.2934 0.5655 -0.7708
vn 0.7266 0.6566 -0.2026
vn -0.3865 0.8750 0.2915
vn -0.4874 0.8601 0.1507
vn -0.2822 0.7170 0.6374
vn -0.4445 0.5107 -0.7359
vn 0.0111 0.9433 -0.3317
vn -0.6044 0.4404 -0.6639
vn 0.1028 0.5515 0.8279
vn 0.3362 0.7210 0.6059
vn 0.5746 0.7472 0.3340
vn 0.4582 0.8748 0.1576
vn 0.7468 0.6415 0.1753
vn 0.3529 0.7543 0.5536
vn 0.4389 0.8805 0.1792
vn -0.7020 0.6996 0.1330
vn -0.3329 0.9142 0.2309
vn 0.4881 0.8055 0.3360
vn -0.0631 0.8528 0.5185
vn -0.2989 0.8433 0.4466
vn -0.3887 0.8553 0.3425
vn -0.2677 0.8947 0.3575
vn 0.4454 0.6434 -0.6226
vn 0.8565 0.4985 -0.1339
vn 0.8041 0.0190 0.5942
vn 0.6370 0.0608 0.7684
vn -0.3925 0.8369 0.3814
vn 0.9458 0.2836 -0.1582
vn 0.3624 0.9213 -0.1409
vn 0.7982 0.4859 -0.3562
vn 0.1813 0.8710 0.4566
vn 0.0253 0.8940 0.4474
vn 0.4052 0.7314 0.5486
vn 0.1416 0.7625 0.6312
vn 0.7097 0.5842 0.3938
vn -0.3213 0.8344 -0.4478
vn -0.6209 0.3007 -0.7239
vn 0.2590 0.6294 -0.7326
vn 0.8998 0.1719 -0.4009
vn 0.1977 0.8143 -0.5458
vn 0.5802 0.7551 -0.3052
vn 0.7322 0.5489 -0.4031
vn -0.1009 0.8479 -0.5205
vn 0.2606 0.9395 0.2223
vn -0.3602 0.9153 0.1801
vn -0.4412 0.7697 0.4614
vn -0.6090 0.7913 -0.0554
vn -0.3517 0.9245 0.1466
vn -0.3353 0.8365 0.4334
vn -0.3497 0.7730 -0.5293
vn 0.0055 0.6727 -0.7399
vn 0.9335 0.3581 -0.0202
vn 0.3906 0.8981 0.2023
vn 0.3715 0.8659 0.3351
vn 0.2710 0.9215 0.2784
vn -0.7913 0.4727 -0.3879
vn -0.1347 0.7068 -0.6945
vn 0.1822 0.9794 0.0865
vn 0.6360 0.6642 -0.3929
vn -0.2663 0.9546 0.1335
vn -0.5178 0.6284 -0.5806
vn 0.0897 0.5794 -0.8101
vn 0.4613 0.8543 -0.2394
vn 0.1653 0.7112 0.6833
vn 0.1103 0.7576 0.6434
vn 0.2528 0.7842 0.5666
vn -0.1529 0.9082 0.3897
vn -0.1162 0.8960 0.4285
vn 0.4914 0.3514 0.7969
vn -0.0593 0.9147 0.3999
vn 0.3521 0.8585 0.3729
vn 0.2788 0.8788 0.3872
vn 0.6902 0.6143 0.3824
vn 0.4715 0.1398 0.8707
vn 0.0113 0.9488 0.3157
vn -0.3379 0.9156 0.2178
vn -0.0406 0.9869 -0.1561
vn 0.2433 0.8931 0.3783
vn 0.4931 0.7792 0.3868
vn 0.2281 0.9608 0.1576
vn -0.4168 0.9065 -0.0678
vn 0.0857 0.9799 0.1801
vn 0.2122 0.9052 0.3683
vn -0.0775 0.6704 0.7380
vn 0.1318 0.8763 -0.4633
vn 0.1721 0.5962 -0.7842
vn -0.9131 -0.0999 -0.3953
vn -0.5039 0.3128 -0.8052
vn -0.5918 -0.4200 -0.6880
vn -0.7518 -0.4569 -0.4754
vn -0.6672 0.3390 -0.6632
vn 0.2351 0.9534 0.1890
vn 0.2079 0.9781 -0.0056
vn -0.2356 0.8078 -0.5404
vn 0.7669 -0.6393 0.0569
vn 0.8693 0.0150 -0.4941
vn 0.9384 0.0318 -0.3440
vn -0.7281 0.5977 -0.3354
vn -0.4976 0.7130 -0.4941
vn -0.8292 0.3016 -0.4706
vn 0.8278 -0.2942 0.4777
vn -0.1011 0.9711 -0.2162
vn 0.0625 0.9961 -0.0625
vn 0.6935 0.4625 -0.5525
vn 0.5901 0.5556 -0.5857
vn 0.7145 -0.6728 -0.1920
vn 0.0692 -0.8398 0.5385
vn -0.1099 0.9472 0.3014
vn -0.2727 -0.9552 0.1154
vn -0.3105 -0.7380 0.5991
vn -0.9462 -0.3167 0.0664
vn -0.1239 -0.0021 0.9923
vn -0.6743 0.5133 0.5309
vn 0.8001 0.4441 -0.4032
vn 0.3041 0.9523 0.0255
vn 0.8386 -0.0289 -0.5440
vn 0.4777 0.7518 0.4546
vn 0.5650 0.5746 -0.5921
vn 0.7570 -0.5521 -0.3496
vn 0.3827 -0.8028 0.4573
vn -0.5372 -0.7610 -0.3638
vn -0.4038 -0.0948 -0.9099
vn -0.4819 -0.3647 -0.7967
vn 0.6725 -0.6542 -0.3462
vn 0.7282 -0.0640 -0.6824
vn 0.6868 0.0051 -0.7269
vn -0.0286 -0.8891 0.4568
vn -0.0643 0.9820 -0.1777
vn 0.0539 0.9984 -0.0184
vn -0.6331 0.4316 0.6426
vn -0.6526 0.3592 0.6672
vn 0.2517 -0.6677 0.7006
vn 0.3757 0.0010 0.9268
vn -0.5520 -0.3445 0.7594
vn -0.4467 -0.3397 0.8277
vn -0.1878 0.7277 0.6597
vn 0.3245 0.9195 0.2218
vn 0.4303 0.1093 0.8961
vn 0.0059 0.9271 -0.3747
vn -0.2227 -0.9700 0.0978
vn 0.2801 -0.6587 0.6983
vn 0.0616 -0.3926 0.9176
vn 0.8216 0.0540 0.5676
vn -0.4171 0.7943 -0.4418
vn -0.9385 0.3359 0.0797
vn -0.6743 0.1026 0.7313
vn 0.0855 0.1476 0.9853
vn 0.8096 0.3646 0.4600
vn 0.2802 0.7558 0.5918
vn 0.7143 0.2810 0.6410
vn -0.9427 0.3107 0.1215
vn -0.7288 -0.1824 0.6599
vn -0.6511 -0.0925 0.7533
vn 0.2527 -0.4232 0.8701
vn 0.3227 -0.4766 0.8178
vn -0.7830 -0.2317 0.5772
vn -0.8478 0.3531 0.3956
vn -0.8930 -0.1743 0.4150
vn 0.4569 -0.8362 -0.3034
vn 0.9879 0.0156 0.1544
vn 0.4830 0.2095 0.8502
vn 0.4719 -0.3419 0.8127
vn 0.6520 0.1199 0.7487
vn 0.9702 -0.1839 0.1578
vn 0.7897 0.2076 -0.5774
vn 0.9152 -0.4000 0.0498
vn -0.8890 -0.1025 -0.4463
vn -0.6189 -0.6169 0.4862
vn -0.7759 -0.5672 0.2762
vn -0.2133 -0.9766 -0.0262
vn -0.0288 -0.9356 0.3518
vn -0.2990 -0.7904 0.5346
vn -0.8032 -0.1840 -0.5665
vn 0.8042 -0.4340 -0.4060
vn 0.8687 0.2474 -0.4291
vn 0.8687 -0.4845 -0.1029
vn -0.7139 -0.6997 0.0262
vn 0.0345 -0.3047 0.9518
vn -0.4654 0.7149 0.5218
vn 0.1609 -0.9382 -0.3065
vn 0.1017 -0.9880 0.1166
vn -0.2225 0.4742 -0.8518
vn -0.5178 -0.8550 0.0299
vn -0.0666 -0.9801 0.1870
vn 0.1739 -0.9830 0.0585
vn 0.3779 -0.0030 0.9258
vn 0.5822 -0.6971 -0.4184
vn 0.3890 -0.5127 -0.7654
vn -0.5889 -0.4030 -0.7005
vn 0.4088 0.9089 -0.0823
vn -0.9124 0.3319 0.2394
vn 0.9338 0.3027 0.1907
vn -0.9004 0.2732 0.3385
vn 0.6225 -0.0124 0.7825
vn 0.8846 -0.1215 0.4503
vn 0.7994 0.3073 -0.5163
vn 0.1276 0.7601 -0.6372
vn -0.4892 -0.8528 0.1828
vn -0.2311 -0.7395 0.6323
vn 0.4556 0.5253 -0.7186
vn 0.6600 -0.5387 -0.5235
vn 0.3151 -0.3938 -0.8635
vn 0.0649 -0.7900 -0.6097
vn 0.2378 -0.9053 -0.3519
vn -0.8410 -0.4823 0.2452
vn -0.5618 -0.8245 0.0671
vn -0.7297 0.5407 0.4187
vn -0.9165 0.0710 0.3937
vn -0.1444 -0.9826 -0.1167
vn -0.1580 -0.9755 -0.1530
vn -0.5549 -0.8247 0.1095
vn -0.8192 -0.4887 0.3001
vn -0.8791 0.0532 0.4736
vn -0.6893 0.5182 0.5063
vn -0.2883 0.9073 0.3061
vn -0.2515 0.8852 0.3915
vn 0.7167 -0.5588 -0.4172
vn 0.1825 0.9591 0.2163
vn 0.1349 0.9834 0.1215
vn 0.5309 0.8381 -0.1250
vn 0.5865 0.8099 -0.0116
vn 0.2673 -0.9170 -0.2961
vn 0.6718 -0.2440 0.6994
vn 0.8234 0.0908 0.5601
vn -0.0304 0.2208 0.9748
vn 0.9573 0.1899 0.2179
vn 0.5797 -0.7601 -0.2934
vn 0.4296 -0.6590 0.6174
vn 0.1857 -0.8934 0.4091
vn -0.7495 -0.6119 0.2527
vn -0.2358 -0.8966 -0.3749
vn 0.2245 -0.9596 -0.1697
vn 0.3674 -0.8467 0.3849
vn 0.0535 -0.3883 0.9200
vn 0.0261 -0.7552 0.6550
vn -0.0713 -0.5731 0.8164
vn 0.6611 -0.5712 0.4864
vn 0.5305 0.0145 -0.8476
vn 0.5693 -0.5780 -0.5847
vn 0.3734 -0.0913 -0.9231
vn 0.3515 0.5361 -0.7675
vn 0.6439 0.7644 0.0328
vn 0.4135 0.8707 -0.2665
vn -0.4631 -0.4499 -0.7636
vn -0.1184 -0.7499 0.6508
vn -0.1240 -0.5724 0.8106
vn 0.1272 0.9917 0.0187
vn 0.3908 0.8668 -0.3098
vn -0.5047 0.8506 0.1475
vn -0.5338 0.4366 0.7242
vn 0.0728 0.9873 0.1414
vn 0.4509 0.5443 -0.7074
vn 0.4632 0.5596 -0.6872
vn -0.1748 0.3717 0.9117
vt 0.234375 0.136963
vt 0.238525 0.149170
vt 0.224854 0.132568
vt 0.210815 0.142700
vt 0.227539 0.160034
vt 0.258545 0.160034
vt 0.250732 0.173828
vt 0.277344 0.183105
vt 0.282227 0.162964
vt 0.514648 0.311523
vt 0.511719 0.326660
vt 0.504395 0.317871
vt 0.508301 0.303955
vt 0.265137 0.149292
vt 0.244995 0.138428
vt 0.292236 0.150635
vt 0.288330 0.089294
vt 0.266602 0.089417
vt 0.271973 0.073059
vt 0.293945 0.072205
vt 0.514160 0.286377
vt 0.495850 0.293945
vt 0.501465 0.279785
vt 0.434326 0.164795
vt 0.424561 0.185059
vt 0.406494 0.182739
vt 0.415283 0.162598
vt 0.318359 0.164917
vt 0.299805 0.175171
vt 0.303711 0.160645
vt 0.330078 0.188232
vt 0.336182 0.171265
vt 0.346191 0.150879
vt 0.357666 0.135376
vt 0.338623 0.133179
vt 0.329590 0.149048
vt 0.300781 0.194458
vt 0.325928 0.202637
vt 0.199341 0.150391
vt 0.187866 0.130249
vt 0.173950 0.147949
vt 0.186157 0.163452
vt 0.471680 0.071899
vt 0.491699 0.073242
vt 0.492920 0.051636
vt 0.473877 0.051208
vt 0.348389 0.205322
vt 0.352295 0.192139
vt 0.322021 0.218506
vt 0.344727 0.221436
vt 0.321533 0.234131
vt 0.344482 0.235840
vt 0.470703 0.124451
vt 0.487549 0.126343
vt 0.497070 0.112915
vt 0.479980 0.108765
vt 0.317383 0.004528
vt 0.335449 0.005707
vt 0.333740 0.025833
vt 0.317627 0.023849
vt 0.268555 0.203857
vt 0.294434 0.212769
vt 0.241577 0.189697
vt 0.410645 0.043030
vt 0.432129 0.047180
vt 0.428467 0.065796
vt 0.406494 0.061523
vt 0.292236 0.229370
vt 0.262451 0.220581
vt 0.471191 0.270508
vt 0.467041 0.280273
vt 0.482422 0.286865
vt 0.487305 0.275146
vt 0.511230 0.242310
vt 0.497070 0.240479
vt 0.499512 0.219360
vt 0.514160 0.219727
vt 0.384766 0.178223
vt 0.392822 0.160034
vt 0.201416 0.125366
vt 0.216431 0.171143
vt 0.204834 0.183228
vt 0.174561 0.121399
vt 0.187378 0.104004
vt 0.390869 0.118469
vt 0.379639 0.137939
vt 0.368652 0.115906
vt 0.201538 0.092834
vt 0.194458 0.089172
vt 0.197144 0.106934
vt 0.468018 0.090210
vt 0.446289 0.086426
vt 0.442871 0.101868
vt 0.463135 0.104736
vt 0.166382 0.040009
vt 0.171021 0.030869
vt 0.182861 0.040527
vt 0.174316 0.053467
vt 0.523438 0.268799
vt 0.519531 0.288574
vt 0.517578 0.266602
vt 0.185303 0.057892
vt 0.191772 0.044373
vt 0.191284 0.027832
vt 0.174316 0.023041
vt 0.153564 0.071838
vt 0.148193 0.051025
vt 0.136108 0.055084
vt 0.137695 0.073853
vt 0.178711 0.069031
vt 0.164307 0.064026
vt 0.171631 0.080811
vt 0.186279 0.086060
vt 0.193481 0.072876
vt 0.312256 0.150879
vt 0.298828 0.149292
vt 0.307129 0.072510
vt 0.312988 0.055511
vt 0.298584 0.054504
vt 0.197144 0.031647
vt 0.160034 0.045898
vt 0.229004 0.051788
vt 0.219849 0.052734
vt 0.221069 0.044006
vt 0.230957 0.039703
vt 0.181763 0.014572
vt 0.198975 0.061523
vt 0.380371 0.072205
vt 0.384521 0.055237
vt 0.364990 0.049622
vt 0.361084 0.066223
vt 0.394775 0.211182
vt 0.374512 0.207764
vt 0.379395 0.193726
vt 0.400635 0.196899
vt 0.161621 0.094666
vt 0.178223 0.100098
vt 0.167236 0.116882
vt 0.151123 0.112122
vt 0.401855 0.078064
vt 0.220215 0.029419
vt 0.213623 0.032013
vt 0.213501 0.046234
vt 0.201782 0.074890
vt 0.210327 0.078857
vt 0.219971 0.066101
vt 0.207397 0.063171
vt 0.218018 0.083679
vt 0.208130 0.096008
vt 0.139526 0.109009
vt 0.143799 0.129028
vt 0.132935 0.127075
vt 0.220947 0.086548
vt 0.236084 0.066895
vt 0.212769 0.121094
vt 0.205322 0.107788
vt 0.247803 0.047180
vt 0.133423 0.087769
vt 0.147461 0.091187
vt 0.229492 0.024796
vt 0.248779 0.033447
vt 0.247681 0.017334
vt 0.275146 0.041473
vt 0.274170 0.027115
vt 0.271729 0.010292
vt 0.274414 0.057068
vt 0.564453 0.065247
vt 0.580078 0.050720
vt 0.576660 0.047638
vt 0.559570 0.061981
vt 0.358398 0.175293
vt 0.367676 0.157227
vt 0.243164 0.081055
vt 0.537109 0.052338
vt 0.515625 0.052185
vt 0.516602 0.032898
vt 0.537598 0.034668
vt 0.300293 0.038879
vt 0.316406 0.039337
vt 0.300293 0.024033
vt 0.232422 0.205322
vt 0.298340 0.005413
vt 0.369629 0.223633
vt 0.204590 0.047272
vt 0.326904 0.058044
vt 0.320312 0.074829
vt 0.338379 0.078369
vt 0.344971 0.061707
vt 0.355957 0.083984
vt 0.347168 0.110413
vt 0.349365 0.045502
vt 0.157471 0.133301
vt 0.352295 0.029022
vt 0.355713 0.009720
vt 0.468750 0.214722
vt 0.467041 0.233276
vt 0.481201 0.236938
vt 0.483643 0.217651
vt 0.324219 0.110779
vt 0.308838 0.109009
vt 0.305908 0.129517
vt 0.320068 0.131104
vt 0.404053 0.140747
vt 0.393066 0.156250
vt 0.367920 0.153442
vt 0.403076 0.230713
vt 0.424316 0.237549
vt 0.430908 0.220947
vt 0.410400 0.215210
vt 0.397217 0.094177
vt 0.375488 0.089050
vt 0.476807 0.254883
vt 0.461670 0.250732
vt 0.389893 0.115295
vt 0.367676 0.112732
vt 0.331055 0.041656
vt 0.388672 0.036835
vt 0.390137 0.029709
vt 0.368408 0.032227
vt 0.516113 0.095398
vt 0.512695 0.116394
vt 0.489502 0.092896
vt 0.434570 0.030075
vt 0.414062 0.026489
vt 0.424561 0.082642
vt 0.454834 0.122681
vt 0.435303 0.204346
vt 0.451904 0.209839
vt 0.449707 0.227783
vt 0.384033 0.242432
vt 0.395996 0.247070
vt 0.388916 0.227051
vt 0.498047 0.151489
vt 0.479736 0.149414
vt 0.488770 0.129639
vt 0.506348 0.131714
vt 0.367676 0.238037
vt 0.206909 0.033417
vt 0.454346 0.031677
vt 0.475098 0.031982
vt 0.452637 0.049561
vt 0.493652 0.032104
vt 0.163330 0.137207
vt 0.515137 0.074402
vt 0.446533 0.190674
vt 0.457520 0.167480
vt 0.536621 0.075989
vt 0.525879 0.119873
vt 0.527344 0.098694
vt 0.537598 0.102356
vt 0.504883 0.128418
vt 0.519043 0.130005
vt 0.543945 0.079041
vt 0.551270 0.082458
vt 0.436523 0.123718
vt 0.426270 0.143311
vt 0.414307 0.121155
vt 0.417480 0.021881
vt 0.396240 0.015915
vt 0.575684 0.037598
vt 0.555664 0.036469
vt 0.555176 0.051483
vt 0.504883 0.201904
vt 0.518555 0.201172
vt 0.523438 0.219727
vt 0.942540 0.660382
vt 0.926794 0.652537
vt 0.942540 0.655526
vt 0.942871 0.288330
vt 0.943848 0.269287
vt 0.959961 0.274414
vt 0.959961 0.293945
vt 0.926421 0.580812
vt 0.922311 0.594260
vt 0.933014 0.594260
vt 0.933761 0.580812
vt 0.955298 0.662997
vt 0.967999 0.662623
vt 0.967999 0.656273
vt 0.955298 0.655899
vt 0.915214 0.618542
vt 0.912225 0.630870
vt 0.929839 0.630870
vt 0.930773 0.618542
vt 0.955298 0.647681
vt 0.967999 0.647307
vt 0.928718 0.643011
vt 0.942540 0.645626
vt 0.942540 0.630870
vt 0.912337 0.630870
vt 0.913028 0.637221
vt 0.918258 0.645999
vt 0.955298 0.630870
vt 0.955186 0.647307
vt 0.955186 0.630870
vt 0.955186 0.656273
vt 0.955186 0.662623
vt 0.931520 0.607709
vt 0.942540 0.607709
vt 0.942540 0.594260
vt 0.967999 0.618542
vt 0.955298 0.618542
vt 0.967999 0.630870
vt 0.918202 0.607709
vt 0.942540 0.618542
vt 0.955186 0.594260
vt 0.955186 0.607709
vt 0.955186 0.618542
vt 0.967999 0.594260
vt 0.955298 0.594260
vt 0.955298 0.607709
vt 0.967999 0.607709
vt 0.942540 0.580812
vt 0.942746 0.554288
vt 0.935256 0.565122
vt 0.942540 0.565122
vt 0.955298 0.580812
vt 0.955298 0.565122
vt 0.928774 0.580812
vt 0.955186 0.565122
vt 0.955186 0.580812
vt 0.967999 0.554288
vt 0.955298 0.554288
vt 0.967999 0.565122
vt 0.922797 0.594260
vt 0.967999 0.580812
vt 0.521484 0.311279
vt 0.529785 0.338379
vt 0.526367 0.339844
vt 0.347900 0.113525
vt 0.312256 0.146973
vt 0.417725 0.199707
vt 0.415527 0.158813
vt 0.434570 0.161011
vt 0.444824 0.145386
vt 0.458008 0.163696
vt 0.461914 0.147461
vt 0.471924 0.127686
vt 0.456055 0.125977
vt 0.500000 0.168579
vt 0.514160 0.170166
vt 0.513184 0.153320
vt 0.120483 0.125000
vt 0.127319 0.104980
vt 0.372314 0.014153
vt 0.120911 0.060394
vt 0.394043 0.025177
vt 0.376221 0.009964
vt 0.372314 0.027771
vt 0.308105 0.105957
vt 0.304443 0.091919
vt 0.323486 0.107727
vt 0.479248 0.166260
vt 0.487549 0.200317
vt 0.466553 0.196533
vt 0.478760 0.169922
vt 0.499756 0.172241
vt 0.223877 0.578125
vt 0.211914 0.576172
vt 0.211914 0.566895
vt 0.223877 0.568359
vt 0.223877 0.546875
vt 0.233521 0.544434
vt 0.234619 0.555176
vt 0.223877 0.555176
vt 0.339600 0.599609
vt 0.339600 0.612305
vt 0.349854 0.612305
vt 0.349854 0.599609
vt 0.318115 0.612305
vt 0.315186 0.599609
vt 0.327881 0.599609
vt 0.320312 0.625488
vt 0.308838 0.625488
vt 0.309814 0.665527
vt 0.320801 0.665527
vt 0.305664 0.612305
vt 0.349854 0.557129
vt 0.349854 0.546875
vt 0.339600 0.546875
vt 0.339600 0.557129
vt 0.339600 0.566895
vt 0.349854 0.566895
vt 0.309570 0.701172
vt 0.309570 0.709961
vt 0.298828 0.709961
vt 0.299072 0.701172
vt 0.361328 0.566895
vt 0.379150 0.566895
vt 0.379150 0.557129
vt 0.361328 0.557129
vt 0.339600 0.577637
vt 0.349854 0.577637
vt 0.327881 0.577637
vt 0.327881 0.567383
vt 0.339600 0.625488
vt 0.349854 0.625488
vt 0.361328 0.578125
vt 0.379150 0.578125
vt 0.237915 0.613281
vt 0.237915 0.625488
vt 0.251953 0.625488
vt 0.248413 0.613281
vt 0.313477 0.589844
vt 0.327881 0.589355
vt 0.315674 0.577637
vt 0.339600 0.589355
vt 0.349854 0.589355
vt 0.361328 0.546875
vt 0.309814 0.599609
vt 0.237061 0.568848
vt 0.239624 0.578613
vt 0.361328 0.612305
vt 0.361328 0.599609
vt 0.361328 0.589355
vt 0.211914 0.625488
vt 0.203003 0.625488
vt 0.203003 0.613281
vt 0.211914 0.613281
vt 0.223877 0.590820
vt 0.211914 0.589355
vt 0.211914 0.555176
vt 0.211914 0.546875
vt 0.237915 0.665527
vt 0.251953 0.665527
vt 0.361328 0.625488
vt 0.379150 0.665527
vt 0.361328 0.665527
vt 0.379150 0.625488
vt 0.223877 0.613281
vt 0.223877 0.601562
vt 0.211914 0.601562
vt 0.309570 0.691895
vt 0.320557 0.691895
vt 0.299072 0.665527
vt 0.299072 0.691895
vt 0.320557 0.709961
vt 0.320557 0.701172
vt 0.203003 0.555176
vt 0.203003 0.546875
vt 0.299316 0.625488
vt 0.237915 0.691895
vt 0.251953 0.691895
vt 0.251953 0.701172
vt 0.237915 0.701172
vt 0.339600 0.701172
vt 0.349854 0.701172
vt 0.349854 0.691895
vt 0.339600 0.691895
vt 0.287842 0.625488
vt 0.287598 0.665527
vt 0.275635 0.691895
vt 0.287354 0.691895
vt 0.275635 0.665527
vt 0.264648 0.665527
vt 0.265137 0.691895
vt 0.223877 0.718750
vt 0.223877 0.709961
vt 0.237915 0.709961
vt 0.237915 0.718750
vt 0.264648 0.625488
vt 0.327881 0.546875
vt 0.327881 0.557129
vt 0.245483 0.601562
vt 0.240112 0.601562
vt 0.203003 0.565918
vt 0.203003 0.574219
vt 0.242188 0.591309
vt 0.379150 0.589355
vt 0.203003 0.665527
vt 0.211914 0.665527
vt 0.223877 0.625488
vt 0.211914 0.691895
vt 0.223877 0.665527
vt 0.223877 0.691895
vt 0.315674 0.567383
vt 0.203003 0.709961
vt 0.211914 0.709961
vt 0.211914 0.718750
vt 0.203003 0.718750
vt 0.379150 0.612305
vt 0.379150 0.599609
vt 0.203003 0.701172
vt 0.211914 0.701172
vt 0.203003 0.691895
vt 0.449463 0.069397
vt 0.256592 0.084290
vt 0.223877 0.701172
vt 0.339600 0.665527
vt 0.349854 0.665527
vt 0.309326 0.718750
vt 0.320557 0.718750
vt 0.251953 0.709961
vt 0.265381 0.709961
vt 0.265381 0.701172
vt 0.251953 0.718750
vt 0.265625 0.718750
vt 0.287354 0.701172
vt 0.275879 0.718750
vt 0.275879 0.709961
vt 0.275879 0.701172
vt 0.287354 0.718750
vt 0.287354 0.709961
vt 0.275879 0.625488
vt 0.361328 0.691895
vt 0.298828 0.718750
vt 0.339600 0.718750
vt 0.339600 0.709961
vt 0.349854 0.709961
vt 0.361328 0.718750
vt 0.361328 0.709961
vt 0.349854 0.718750
vt 0.361328 0.701172
vt 0.379150 0.718750
vt 0.379150 0.709961
vt 0.379150 0.701172
vt 0.379150 0.691895
vt 0.203003 0.588379
vt 0.203003 0.601562
vt 0.346191 0.154785
vt 0.329590 0.152832
vt 0.455566 0.265625
vt 0.417725 0.249756
vt 0.443848 0.244873
vt 0.437256 0.258057
vt 0.520996 0.243530
vt 0.462402 0.288330
vt 0.478516 0.298096
vt 0.506836 0.263184
vt 0.492432 0.306885
vt 0.520508 0.133301
vt 0.413330 0.117920
vt 0.420654 0.098450
vt 0.430908 0.268311
vt 0.413330 0.257324
vt 0.435547 0.120483
vt 0.604980 0.038147
vt 0.605957 0.041595
vt 0.604004 0.034637
vt 0.916820 0.607709
vt 0.914579 0.618542
vt 0.955186 0.554288
vt 0.298584 0.145508
vt 0.451660 0.272949
vt 0.447754 0.278564
vt 0.492920 0.259277
vt 0.315674 0.557129
vt 0.315674 0.546875
vt 0.379150 0.546875
vt 0.839355 0.361328
vt 0.826172 0.365234
vt 0.816406 0.351074
vt 0.832031 0.349365
vt 0.888184 0.362305
vt 0.894531 0.370117
vt 0.872070 0.380371
vt 0.864746 0.369141
vt 0.847168 0.375488
vt 0.857422 0.388916
vt 0.875000 0.405518
vt 0.883301 0.395752
vt 0.805664 0.246216
vt 0.803711 0.259277
vt 0.818359 0.260254
vt 0.822754 0.234009
vt 0.847656 0.396484
vt 0.868652 0.413330
vt 0.937012 0.332275
vt 0.959961 0.329834
vt 0.959961 0.339844
vt 0.938965 0.337891
vt 0.959961 0.399414
vt 0.959961 0.412598
vt 0.943359 0.414307
vt 0.941895 0.407471
vt 0.960449 0.443359
vt 0.959961 0.434814
vt 0.949219 0.434570
vt 0.947266 0.444824
vt 0.813477 0.398682
vt 0.826660 0.388672
vt 0.814941 0.370605
vt 0.798340 0.379883
vt 0.829102 0.416748
vt 0.839355 0.404297
vt 0.853027 0.435791
vt 0.849609 0.413818
vt 0.862305 0.421143
vt 0.923340 0.246948
vt 0.943359 0.245361
vt 0.941895 0.219604
vt 0.923340 0.220947
vt 0.890625 0.436035
vt 0.894531 0.426270
vt 0.917480 0.444092
vt 0.919434 0.434326
vt 0.907227 0.398193
vt 0.917969 0.399902
vt 0.925293 0.385986
vt 0.914551 0.383789
vt 0.785156 0.356689
vt 0.784180 0.340088
vt 0.784180 0.336670
vt 0.959961 0.427002
vt 0.946777 0.428467
vt 0.897461 0.418213
vt 0.902344 0.407959
vt 0.835938 0.381836
vt 0.919922 0.412842
vt 0.919922 0.426758
vt 0.943848 0.380615
vt 0.941895 0.392090
vt 0.944336 0.399658
vt 0.959961 0.390625
vt 0.959961 0.384033
vt 0.919434 0.360352
vt 0.914551 0.356201
vt 0.940918 0.342285
vt 0.959961 0.377686
vt 0.914551 0.317871
vt 0.919922 0.302979
vt 0.938477 0.312012
vt 0.937012 0.327881
vt 0.932617 0.364502
vt 0.925781 0.363037
vt 0.903809 0.378906
vt 0.942383 0.344971
vt 0.943848 0.349854
vt 0.943848 0.362793
vt 0.959961 0.355469
vt 0.959961 0.353516
vt 0.846680 0.452881
vt 0.840820 0.471680
vt 0.810059 0.456787
vt 0.819336 0.434814
vt 0.948242 0.356201
vt 0.959961 0.320312
vt 0.908691 0.340576
vt 0.911133 0.348145
vt 0.802734 0.275391
vt 0.816406 0.277832
vt 0.923828 0.276855
vt 0.883789 0.354004
vt 0.881348 0.345947
vt 0.858398 0.358154
vt 0.855957 0.348389
vt 0.959961 0.310791
vt 0.918457 0.267578
vt 0.906250 0.256836
vt 0.905762 0.246582
vt 0.880371 0.223267
vt 0.882812 0.248779
vt 0.904785 0.221924
vt 0.883301 0.454102
vt 0.802246 0.419678
vt 0.960449 0.236694
vt 0.960449 0.221680
vt 0.781738 0.396729
vt 0.838867 0.261963
vt 0.840332 0.228882
vt 0.861816 0.250488
vt 0.828125 0.278320
vt 0.814453 0.313721
vt 0.823730 0.295898
vt 0.812988 0.295410
vt 0.803711 0.313477
vt 0.828125 0.314941
vt 0.835938 0.329346
vt 0.823242 0.334717
vt 0.856445 0.340576
vt 0.802734 0.294678
vt 0.791016 0.272705
vt 0.792969 0.293213
vt 0.793457 0.313232
vt 0.785645 0.292480
vt 0.783203 0.318359
vt 0.795410 0.331543
vt 0.807617 0.332275
vt 0.804199 0.353027
vt 0.794434 0.258301
vt 0.903809 0.334229
vt 0.894043 0.336914
vt 0.880859 0.340332
vt 0.867188 0.340576
vt 0.959961 0.344482
vt 0.959961 0.347412
vt 0.959961 0.359619
vt 0.959961 0.367676
vt 0.142212 0.154785
vt 0.126343 0.155396
vt 0.126099 0.151611
vt 0.143433 0.151245
vt 0.160034 0.163452
vt 0.169312 0.173828
vt 0.170654 0.170166
vt 0.162109 0.160156
vt 0.173584 0.178589
vt 0.101440 0.171143
vt 0.096008 0.184448
vt 0.092285 0.184692
vt 0.096741 0.170898
vt 0.095337 0.200317
vt 0.783691 0.440918
vt 0.875977 0.467041
vt 0.782715 0.317383
vt 0.910156 0.463867
vt 0.925293 0.483643
vt 0.903320 0.477539
vt 0.940430 0.468506
vt 0.959961 0.469727
vt 0.958984 0.479980
vt 0.869141 0.479736
vt 0.647461 0.221680
vt 0.646973 0.244995
vt 0.603027 0.213013
vt 0.600586 0.239136
vt 0.639160 0.197632
vt 0.604980 0.187256
vt 0.633789 0.270508
vt 0.598145 0.265625
vt 0.618652 0.283447
vt 0.610840 0.289062
vt 0.580078 0.283691
vt 0.562988 0.276123
vt 0.545898 0.260742
vt 0.544434 0.249023
vt 0.542969 0.233154
vt 0.547363 0.204590
vt 0.545410 0.217163
vt 0.625000 0.185303
vt 0.605957 0.176880
vt 0.583008 0.175171
vt 0.564941 0.182983
vt 0.896484 0.175537
vt 0.895020 0.163818
vt 0.882324 0.165039
vt 0.883789 0.177246
vt 0.106567 0.158447
vt 0.109558 0.161011
vt 0.573730 0.109680
vt 0.575195 0.121033
vt 0.578613 0.111450
vt 0.568359 0.112305
vt 0.580078 0.120667
vt 0.580078 0.130005
vt 0.575684 0.132446
vt 0.569824 0.130615
vt 0.568359 0.121582
vt 0.285645 0.597656
vt 0.274414 0.599121
vt 0.286865 0.575684
vt 0.274170 0.576172
vt 0.296631 0.591797
vt 0.299316 0.574707
vt 0.261230 0.594727
vt 0.260986 0.576660
vt 0.253906 0.587891
vt 0.250732 0.584473
vt 0.251221 0.569336
vt 0.253662 0.555176
vt 0.259766 0.551758
vt 0.265381 0.551270
vt 0.272949 0.551270
vt 0.287109 0.551270
vt 0.280762 0.551270
vt 0.301758 0.584473
vt 0.304443 0.574707
vt 0.303711 0.563477
vt 0.298828 0.552734
vt 0.684082 0.719238
vt 0.723633 0.719238
vt 0.723145 0.738281
vt 0.684082 0.738281
vt 0.951660 0.780762
vt 0.958984 0.780762
vt 0.952637 0.759766
vt 0.948242 0.759766
vt 0.952148 0.926270
vt 0.955566 0.906250
vt 0.975098 0.906250
vt 0.968262 0.926270
vt 0.924316 0.780762
vt 0.922852 0.759766
vt 0.951172 0.699707
vt 0.942383 0.699707
vt 0.943359 0.719238
vt 0.951172 0.719238
vt 0.950195 0.676758
vt 0.941406 0.676758
vt 0.954590 0.797852
vt 0.925781 0.797852
vt 0.927246 0.813965
vt 0.957520 0.813965
vt 0.891113 0.676758
vt 0.848145 0.676758
vt 0.846191 0.699707
vt 0.889160 0.699707
vt 0.958496 0.884766
vt 0.959473 0.862793
vt 0.929688 0.862793
vt 0.929688 0.884766
vt 0.888184 0.738281
vt 0.888184 0.759766
vt 0.845215 0.759766
vt 0.844727 0.738281
vt 0.723145 0.780762
vt 0.723145 0.759766
vt 0.684082 0.759766
vt 0.684082 0.780762
vt 0.893555 0.944824
vt 0.849609 0.944824
vt 0.849121 0.964844
vt 0.893066 0.964844
vt 0.809082 0.906250
vt 0.808105 0.884766
vt 0.770996 0.884766
vt 0.771484 0.906250
vt 0.850586 0.926270
vt 0.894043 0.926270
vt 0.771484 0.926270
vt 0.808594 0.926270
vt 0.889160 0.780762
vt 0.890137 0.797852
vt 0.846191 0.780762
vt 0.729004 0.884766
vt 0.727539 0.862793
vt 0.684082 0.862793
vt 0.684082 0.884766
vt 0.847656 0.817871
vt 0.803711 0.817871
vt 0.805176 0.835938
vt 0.849121 0.835938
vt 0.928711 0.926270
vt 0.927246 0.944824
vt 0.765137 0.759766
vt 0.765137 0.780762
vt 0.724609 0.699707
vt 0.726074 0.676758
vt 0.684082 0.676758
vt 0.684082 0.699707
vt 0.684082 0.813965
vt 0.724609 0.813965
vt 0.723633 0.797852
vt 0.684082 0.797852
vt 0.847656 0.813965
vt 0.891113 0.813965
vt 0.846680 0.797852
vt 0.766113 0.719238
vt 0.767090 0.699707
vt 0.804199 0.719238
vt 0.805176 0.699707
vt 0.921875 0.738281
vt 0.944824 0.738281
vt 0.921387 0.719238
vt 0.770020 0.964844
vt 0.728027 0.964844
vt 0.729004 0.944824
vt 0.770996 0.944824
vt 0.765625 0.738281
vt 0.802734 0.759766
vt 0.803223 0.738281
vt 0.802734 0.780762
vt 0.894043 0.884766
vt 0.894531 0.906250
vt 0.929688 0.906250
vt 0.845215 0.719238
vt 0.921387 0.699707
vt 0.888672 0.719238
vt 0.803223 0.797852
vt 0.921387 0.676758
vt 0.806641 0.676758
vt 0.768555 0.676758
vt 0.684082 0.964844
vt 0.684082 0.988281
vt 0.726074 0.988281
vt 0.729492 0.926270
vt 0.684082 0.926270
vt 0.684082 0.944824
vt 0.729492 0.906250
vt 0.684082 0.906250
vt 0.892090 0.835938
vt 0.891113 0.817871
vt 0.927246 0.817871
vt 0.928223 0.835938
vt 0.769531 0.862793
vt 0.806641 0.862793
vt 0.765625 0.797852
vt 0.766113 0.813965
vt 0.806641 0.988281
vt 0.808105 0.964844
vt 0.848145 0.988281
vt 0.808594 0.944824
vt 0.959473 0.858398
vt 0.958984 0.835938
vt 0.929688 0.858398
vt 0.851074 0.906250
vt 0.851074 0.884766
vt 0.893555 0.862793
vt 0.850586 0.862793
vt 0.982422 0.862793
vt 0.979980 0.884766
vt 0.806641 0.858398
vt 0.850586 0.858398
vt 0.949707 0.944824
vt 0.962402 0.944824
vt 0.926270 0.964844
vt 0.924805 0.988281
vt 0.946777 0.988281
vt 0.948242 0.964844
vt 0.957520 0.964844
vt 0.891113 0.988281
vt 0.957520 0.817871
vt 0.950684 0.738281
vt 0.726074 0.835938
vt 0.684082 0.835938
vt 0.684082 0.858398
vt 0.727539 0.858398
vt 0.724609 0.817871
vt 0.684082 0.817871
vt 0.767578 0.835938
vt 0.769531 0.858398
vt 0.766113 0.817871
vt 0.893555 0.858398
vt 0.982910 0.835938
vt 0.982422 0.858398
vt 0.525879 0.244141
vt 0.513672 0.173828
vt 0.523438 0.342285
vt 0.803711 0.813965
vt 0.967773 0.797852
vt 0.977539 0.813965
vt 0.768555 0.988281
vt 0.955566 0.988281
vt 0.977539 0.817871
vt 0.593750 0.702637
vt 0.593750 0.682129
vt 0.625488 0.680176
vt 0.625488 0.702148
vt 0.174805 0.247681
vt 0.174805 0.261719
vt 0.208740 0.261719
vt 0.208740 0.247681
vt 0.174805 0.339355
vt 0.174805 0.358887
vt 0.208740 0.358887
vt 0.208740 0.339355
vt 0.174805 0.375244
vt 0.208740 0.375244
vt 0.174805 0.530273
vt 0.208740 0.530273
vt 0.208740 0.514648
vt 0.174805 0.514648
vt 0.175293 0.391113
vt 0.173828 0.405029
vt 0.208740 0.405029
vt 0.208740 0.390869
vt 0.208740 0.421875
vt 0.174561 0.421875
vt 0.174316 0.436523
vt 0.208740 0.436768
vt 0.182251 0.321777
vt 0.208740 0.321533
vt 0.208740 0.453369
vt 0.208740 0.469727
vt 0.174805 0.453369
vt 0.208740 0.484375
vt 0.174805 0.469727
vt 0.208740 0.499023
vt 0.174805 0.484375
vt 0.174805 0.499023
vt 0.208740 0.233154
vt 0.208740 0.218018
vt 0.174805 0.218018
vt 0.174805 0.233154
vt 0.208740 0.306152
vt 0.174805 0.306152
vt 0.174805 0.321533
vt 0.066650 0.077698
vt 0.066650 0.057251
vt 0.078918 0.095276
vt 0.090271 0.089233
vt 0.098633 0.080811
vt 0.104675 0.070190
vt 0.106934 0.056091
vt 0.104980 0.044006
vt 0.099182 0.032562
vt 0.091003 0.024399
vt 0.078979 0.018570
vt 0.066650 0.037170
vt 0.026672 0.135010
vt 0.014366 0.117004
vt 0.014366 0.137085
vt 0.362549 0.268066
vt 0.383057 0.321533
vt 0.348877 0.275635
vt 0.337402 0.289307
vt 0.329834 0.306152
vt 0.326416 0.324463
vt 0.330078 0.342773
vt 0.377686 0.264893
vt 0.395508 0.265625
vt 0.412842 0.271973
vt 0.428711 0.282959
vt 0.443359 0.301514
vt 0.339844 0.357666
vt 0.450684 0.324707
vt 0.447998 0.345459
vt 0.439209 0.361328
vt 0.427490 0.374756
vt 0.407715 0.382080
vt 0.388916 0.383545
vt 0.369629 0.378662
vt 0.352295 0.370117
vt 0.208740 0.290771
vt 0.208740 0.275391
vt 0.174805 0.275391
vt 0.174805 0.290771
vt 0.579590 0.343018
vt 0.583496 0.331055
vt 0.574219 0.327637
vt 0.569824 0.340820
vt 0.625488 0.725098
vt 0.593750 0.724121
vt 0.593750 0.743652
vt 0.625488 0.743652
vt 0.646973 0.683594
vt 0.646973 0.702148
vt 0.593750 0.823242
vt 0.593750 0.847656
vt 0.625488 0.848145
vt 0.625488 0.817383
vt 0.593750 0.803711
vt 0.625488 0.802246
vt 0.625488 0.783203
vt 0.594238 0.785156
vt 0.625488 0.763672
vt 0.593750 0.764648
vt 0.625488 0.888184
vt 0.625488 0.867676
vt 0.593750 0.867676
vt 0.593750 0.887207
vt 0.625488 0.661621
vt 0.593750 0.662109
vt 0.625488 0.641602
vt 0.593750 0.642090
vt 0.646973 0.720215
vt 0.646973 0.762695
vt 0.646973 0.785156
vt 0.810547 0.113953
vt 0.818848 0.113037
vt 0.817383 0.098572
vt 0.807617 0.105835
vt 0.833984 0.101135
vt 0.835449 0.109619
vt 0.819336 0.135010
vt 0.829102 0.132568
vt 0.815430 0.145874
vt 0.825195 0.145996
vt 0.810547 0.158691
vt 0.820312 0.158691
vt 0.807617 0.171509
vt 0.815918 0.171509
vt 0.750977 0.139160
vt 0.740723 0.145874
vt 0.751465 0.148926
vt 0.754883 0.145020
vt 0.804688 0.186035
vt 0.798828 0.185425
vt 0.810547 0.123291
vt 0.806641 0.139771
vt 0.888672 0.200562
vt 0.887207 0.209961
vt 0.904297 0.208008
vt 0.899414 0.198608
vt 0.818848 0.192627
vt 0.826660 0.174316
vt 0.809570 0.189697
vt 0.828125 0.197388
vt 0.825684 0.191040
vt 0.820312 0.200073
vt 0.876465 0.179810
vt 0.883301 0.200195
vt 0.833496 0.177490
vt 0.832031 0.161133
vt 0.799805 0.161011
vt 0.838867 0.165894
vt 0.845215 0.175781
vt 0.835938 0.148071
vt 0.787598 0.088135
vt 0.790527 0.077026
vt 0.806152 0.075134
vt 0.801270 0.090515
vt 0.843262 0.151611
vt 0.832031 0.032959
vt 0.813965 0.032654
vt 0.822754 0.081482
vt 0.874512 0.083984
vt 0.847168 0.083862
vt 0.854004 0.031738
vt 0.875488 0.029373
vt 0.854492 0.151855
vt 0.846680 0.139771
vt 0.849609 0.112793
vt 0.840332 0.134766
vt 0.862305 0.119507
vt 0.860352 0.132080
vt 0.854980 0.103577
vt 0.798340 0.096924
vt 0.856445 0.011818
vt 0.836914 0.011818
vt 0.978027 0.159058
vt 0.973633 0.165405
vt 0.956543 0.156372
vt 0.962402 0.147461
vt 0.780273 0.074280
vt 0.776855 0.083557
vt 0.763184 0.098694
vt 0.773926 0.101746
vt 0.800293 0.011818
vt 0.818848 0.011818
vt 0.797363 0.031555
vt 0.766602 0.107483
vt 0.774414 0.113647
vt 0.782715 0.107910
vt 0.750000 0.110474
vt 0.758301 0.114014
vt 0.765625 0.119263
vt 0.751953 0.119324
vt 0.756836 0.124695
vt 0.982422 0.152832
vt 0.969238 0.140381
vt 0.790527 0.116211
vt 0.904297 0.029572
vt 0.905273 0.082764
vt 0.874512 0.113281
vt 0.871582 0.142456
vt 0.879883 0.138550
vt 0.954102 0.112305
vt 0.961426 0.118408
vt 0.952148 0.125000
vt 0.944336 0.116882
vt 0.774902 0.136108
vt 0.770508 0.148438
vt 0.793457 0.137451
vt 0.785645 0.130737
vt 0.766113 0.139893
vt 0.793945 0.124634
vt 0.781738 0.121948
vt 0.772461 0.128418
vt 0.763184 0.133423
vt 0.909180 0.118042
vt 0.891602 0.112671
vt 0.892090 0.136108
vt 0.903809 0.140015
vt 0.895020 0.011818
vt 0.875488 0.011818
vt 0.893555 0.103516
vt 0.871094 0.104675
vt 0.921875 0.029556
vt 0.921875 0.047699
vt 0.935059 0.042084
vt 0.940918 0.028122
vt 0.949219 0.053711
vt 0.956543 0.043549
vt 0.933105 0.011818
vt 0.915039 0.011818
vt 0.946777 0.066528
vt 0.935547 0.059631
vt 0.947754 0.075684
vt 0.935547 0.075378
vt 0.952637 0.091003
vt 0.939453 0.091309
vt 0.924316 0.095947
vt 0.921387 0.078918
vt 0.909668 0.102844
vt 0.918457 0.111450
vt 0.930664 0.104065
vt 0.936035 0.124084
vt 0.931152 0.134155
vt 0.930176 0.145874
vt 0.914551 0.129517
vt 0.916016 0.170776
vt 0.906250 0.175049
vt 0.904785 0.196045
vt 0.909668 0.198730
vt 0.920898 0.064148
vt 0.937988 0.141479
vt 0.947266 0.150757
vt 0.953125 0.139893
vt 0.944824 0.131714
vt 0.746094 0.133423
vt 0.960938 0.132324
vt 0.736328 0.136353
vt 0.987793 0.146973
vt 0.995605 0.157715
vt 0.995605 0.147339
vt 0.985840 0.168701
vt 0.973145 0.171753
vt 0.948730 0.160645
vt 0.977051 0.134521
vt 0.971191 0.126465
vt 0.983398 0.126099
vt 0.941895 0.098511
vt 0.966797 0.110779
vt 0.672363 0.077026
vt 0.667480 0.066101
vt 0.692871 0.063904
vt 0.667480 0.049957
vt 0.687500 0.050110
vt 0.711914 0.058746
vt 0.702637 0.043793
vt 0.666504 0.034760
vt 0.683594 0.037231
vt 0.690918 0.031921
vt 0.704102 0.117126
vt 0.717773 0.110352
vt 0.722168 0.120117
vt 0.708984 0.124390
vt 0.676270 0.156616
vt 0.665527 0.154541
vt 0.668457 0.135376
vt 0.679688 0.140137
vt 0.637695 0.008598
vt 0.632812 0.016647
vt 0.647461 0.025742
vt 0.651855 0.015327
vt 0.619141 0.003473
vt 0.612793 0.006386
vt 0.642578 0.037170
vt 0.659668 0.046326
vt 0.659180 0.117615
vt 0.646484 0.134277
vt 0.638184 0.127441
vt 0.651367 0.109375
vt 0.657227 0.067444
vt 0.659668 0.081726
vt 0.636719 0.058441
vt 0.639160 0.068726
vt 0.653809 0.059998
vt 0.684082 0.025299
vt 0.669922 0.023010
vt 0.627441 0.028198
vt 0.608887 0.023804
vt 0.607910 0.015656
vt 0.623535 0.038086
vt 0.661621 0.057343
vt 0.694336 0.109131
vt 0.684082 0.117554
vt 0.674316 0.105591
vt 0.685547 0.099365
vt 0.666016 0.094666
vt 0.677734 0.088806
vt 0.639648 0.081726
vt 0.743652 0.083374
vt 0.740234 0.073853
vt 0.705078 0.090698
vt 0.711914 0.101562
vt 0.616699 0.070862
vt 0.620117 0.084106
vt 0.616699 0.059265
vt 0.593750 0.067139
vt 0.591797 0.073792
vt 0.619629 0.094421
vt 0.639160 0.091309
vt 0.699219 0.078430
vt 0.762695 0.039703
vt 0.743652 0.016586
vt 0.728027 0.030228
vt 0.736816 0.042419
vt 0.657715 0.089966
vt 0.644043 0.104675
vt 0.632324 0.122375
vt 0.622070 0.143677
vt 0.623047 0.149048
vt 0.630859 0.155396
vt 0.639160 0.154541
vt 0.653320 0.139893
vt 0.665527 0.125610
vt 0.674316 0.114868
vt 0.738770 0.058746
vt 0.667969 0.167358
vt 0.674316 0.171143
vt 0.688477 0.170532
vt 0.681641 0.173096
vt 0.686035 0.156372
vt 0.694336 0.157593
vt 0.697266 0.144287
vt 0.688965 0.142578
vt 0.594238 0.085876
vt 0.694336 0.123474
vt 0.748535 0.097351
vt 0.762695 0.058990
vt 0.762695 0.077881
vt 0.703613 0.031525
vt 0.762695 0.020859
vt 0.694336 0.017548
vt 0.588379 0.345215
vt 0.587402 0.354980
vt 0.596191 0.355957
vt 0.597656 0.347412
vt 0.600586 0.322998
vt 0.590332 0.319336
vt 0.594238 0.333740
vt 0.606445 0.349854
vt 0.612305 0.340820
vt 0.602539 0.336670
vt 0.612793 0.353516
vt 0.609863 0.327148
vt 0.596680 0.363770
vt 0.615723 0.360107
vt 0.625977 0.352295
vt 0.620605 0.343506
vt 0.581055 0.315674
vt 0.554199 0.320312
vt 0.548340 0.337402
vt 0.569336 0.353027
vt 0.571289 0.363281
vt 0.561035 0.367676
vt 0.552246 0.352783
vt 0.578613 0.353760
vt 0.579102 0.362793
vt 0.605957 0.459961
vt 0.610840 0.478027
vt 0.592285 0.475342
vt 0.594238 0.454102
vt 0.590332 0.435303
vt 0.601074 0.431641
vt 0.603516 0.441406
vt 0.574707 0.423096
vt 0.576172 0.439453
vt 0.586426 0.421387
vt 0.563477 0.454834
vt 0.564941 0.438965
vt 0.576660 0.457764
vt 0.593262 0.415527
vt 0.604492 0.451172
vt 0.562500 0.462158
vt 0.560547 0.473145
vt 0.576660 0.473145
vt 0.866699 0.177002
vt 0.879395 0.203003
vt 0.781250 0.011818
vt 0.783203 0.028275
vt 0.873047 0.169067
vt 0.871094 0.155029
vt 0.861328 0.152344
vt 0.743164 0.128418
vt 0.905762 0.164551
vt 0.881348 0.152344
vt 0.904785 0.151245
vt 0.915039 0.146851
vt 0.893555 0.151123
vt 0.738770 0.125732
vt 0.795410 0.065186
vt 0.784668 0.061371
vt 0.646973 0.663574
vt 0.646973 0.740234
vt 0.646973 0.805664
vt 0.646973 0.825195
vt 0.646973 0.641602
vt 0.646973 0.888184
vt 0.646973 0.865723
vt 0.646973 0.844727
vt 0.949707 0.011818
vt 0.966309 0.020340
vt 0.805664 0.196655
vt 0.970703 0.036377
vt 0.637695 0.046234
vt 0.718750 0.020523
vt 0.595215 0.092346
vt 0.701172 0.127319
vt 0.728027 0.005882
vt 0.564453 0.305908
s 1
usemtl Gregar
f 177/1/1 1/2/2 2/3/3
f 559/3/4 422/4/5 391/5/6 389/2/7
f 393/6/8 389/2/7 391/5/6 392/7/9
f 394/8/10 395/9/11 393/6/8 392/7/9
f 1321/10/12 1487/11/13 1485/12/14 1294/13/15
f 393/6/8 721/14/16 723/15/17 389/2/7
f 335/15/18 1/2/2 177/1/1
f 7/9/19 5/6/20 9/14/21
f 333/16/22 7/9/19 9/14/21
f 87/17/23 89/18/24 84/19/25 86/20/26
f 1283/21/27 1294/13/15 1292/22/28 1282/23/29
f 231/24/30 1288/25/31 1297/26/32 228/27/33
f 12/28/34 8/29/35 10/30/36
f 400/31/37 401/32/38 399/28/39 396/29/40
f 601/33/41 599/34/42 598/35/43 600/36/44
f 402/37/45 406/38/46 400/31/37 396/29/40
f 419/39/47 420/40/48 31/41/49 29/42/50
f 517/43/51 516/44/52 523/45/53 520/46/54
f 406/38/46 407/47/55 405/48/56 400/31/37
f 408/49/57 409/50/58 407/47/55 406/38/46
f 410/51/59 413/52/60 409/50/58 408/49/57
f 610/53/61 618/54/62 526/55/63 513/56/64
f 491/57/65 104/58/66 103/59/67 92/60/68
f 402/37/45 394/8/10 414/61/69 412/62/70
f 415/63/71 414/61/69 394/8/10 392/7/9
f 115/64/72 121/65/73 120/66/74 113/67/75
f 411/68/76 412/62/70 414/61/69 416/69/77
f 1470/70/78 1483/71/79 1481/72/80 1469/73/81
f 1268/74/82 1275/75/83 1272/76/84 1269/77/85
f 1301/78/86 227/79/87 228/27/33 1297/26/32
f 419/39/47 422/4/5 421/80/88 420/40/48
f 418/81/89 391/5/6 422/4/5 419/39/47
f 418/81/89 419/39/47 29/42/50 28/82/90
f 32/40/91 35/83/92 36/84/93
f 225/85/94 224/86/95 221/34/96 222/87/97
f 427/88/98 428/89/99 424/84/100 425/90/101
f 514/91/102 518/92/103 510/93/104 512/94/105
f 55/95/106 60/96/107 54/97/108 53/98/109
f 1142/99/110 1324/100/111 1283/21/27 1266/101/112
f 441/102/113 445/103/114 443/97/115 442/98/116
f 443/97/115 57/104/117 448/105/118 447/96/119
f 433/106/120 437/107/121 436/108/122 435/109/123
f 440/110/124 439/111/125 433/106/120 431/112/126
f 48/107/127 50/111/128 44/106/129
f 429/113/130 449/114/131 440/110/124 431/112/126
f 397/30/132 595/115/133 398/116/134 722/16/135
f 474/20/136 475/117/137 481/118/138 473/119/139
f 443/97/115 447/96/119 444/95/140 442/98/116
f 445/103/114 58/120/141 57/104/117 443/97/115
f 15/32/142 14/31/143 8/29/35 12/28/34
f 59/121/144 55/95/106 53/98/109
f 77/122/145 340/123/146 70/124/147 79/125/148
f 57/104/117 61/105/149 62/126/150
f 449/114/131 450/127/151 441/102/113 440/110/124
f 494/128/152 495/129/153 493/130/154 488/131/155
f 1308/132/156 1320/133/157 1303/134/158 1302/135/159
f 43/136/160 41/137/161 246/138/162 245/139/163
f 21/47/164 23/50/165 22/49/166 20/38/167
f 113/67/75 112/140/168 108/128/169 109/129/170
f 456/124/171 71/141/172 69/142/173 454/143/174
f 451/144/175 458/145/176 457/146/177 452/147/178
f 74/148/179 73/145/180 72/146/181
f 427/88/98 542/149/182 459/148/183 458/145/176
f 451/144/175 428/89/99 427/88/98 458/145/176
f 244/150/184 245/139/163 623/151/185 622/152/186
f 459/148/183 726/153/187 461/154/188 457/146/177
f 421/80/88 560/155/189 460/156/190 425/90/101
f 20/38/167 16/37/191 8/29/35 14/31/143
f 76/154/192 77/122/145 78/157/193
f 438/158/194 434/159/195 433/106/120 435/109/123
f 464/125/196 466/160/197 71/141/172 456/124/171
f 725/123/198 462/122/199 464/125/196 456/124/171
f 465/161/200 467/162/201 466/160/197 464/125/196
f 626/138/202 423/83/203 424/84/100 430/137/204
f 392/7/9 391/5/6 418/81/89 415/63/71
f 468/163/205 469/164/206 465/161/200 463/157/207
f 469/164/206 470/165/208 467/162/201 465/161/200
f 81/163/209 83/166/210 78/157/193
f 83/166/210 76/154/192 78/157/193
f 1422/167/211 1429/168/212 533/169/213 532/170/214
f 227/79/87 1301/78/86 18/171/215 223/172/216
f 472/19/217 476/18/218 637/17/219 474/20/136
f 539/173/220 472/19/217 471/166/221 461/154/188
f 155/174/222 139/175/223 538/176/224 154/177/225
f 471/166/221 473/119/139 478/178/226 468/163/205
f 478/178/226 480/179/227 479/60/228 477/180/229
f 415/63/71 417/181/230 416/69/77 414/61/69
f 477/180/229 94/182/231 470/165/208 469/164/206
f 422/4/5 559/3/4 560/155/189 421/80/88
f 38/88/232 39/89/233 65/144/234 73/145/180
f 21/47/164 1320/133/157 1316/183/235 23/50/165
f 450/127/151 453/184/236 445/103/114 441/102/113
f 482/185/237 631/186/238 485/187/239 484/188/240
f 486/189/241 488/131/155 484/188/240 485/187/239
f 100/189/242 220/190/243 99/187/244
f 7/9/19 6/8/245 4/7/246 5/6/20
f 488/131/155 493/130/154 489/191/247 484/188/240
f 246/138/162 625/192/248 623/151/185 245/139/163
f 104/58/66 491/57/65 479/60/228 490/59/249
f 490/59/249 492/193/250 106/194/251 104/58/66
f 1473/195/252 1511/196/253 1466/197/254 1465/198/255
f 597/199/256 630/200/257 634/201/258 596/202/259
f 224/86/95 226/203/260 227/204/87 223/205/216
f 1500/206/261 1498/207/262 1491/208/263 1492/209/264
f 498/210/265 499/140/266 494/128/152 497/211/267
f 499/140/266 500/67/268 495/129/153 494/128/152
f 1277/197/269 1279/212/270 1318/213/271 1319/196/272
f 503/214/273 498/210/265 497/211/267 496/215/274
f 1303/134/158 19/48/275 18/171/215 1301/78/86
f 483/216/276 490/59/249 479/60/228 480/179/227
f 115/64/72 114/217/277 117/218/278
f 114/217/277 116/219/279 117/218/278
f 23/50/165 413/52/60 410/51/59 22/49/166
f 142/220/280 146/221/281 141/55/282 129/222/283
f 408/49/57 412/62/70 411/68/76 410/51/59
f 507/66/284 508/65/285 502/64/286 500/67/268
f 508/65/285 122/223/287 249/224/288 502/64/286
f 509/225/289 507/66/284 500/67/268 499/140/266
f 452/147/178 454/143/174 453/184/236 450/127/151
f 102/191/290 107/130/291 101/131/292 98/188/293
f 610/53/61 513/56/64 512/94/105 511/226/294
f 513/56/64 515/222/295 514/91/102 512/94/105
f 1299/208/296 1289/227/297 1290/228/298 1298/229/299
f 1507/230/300 1312/231/301 1500/206/261 1506/232/302
f 238/233/303 236/234/304 148/235/305 241/236/306
f 1506/232/302 1508/183/307 1315/237/308 1507/230/300
f 453/184/236 455/238/309 58/120/141 445/103/114
f 136/239/310 522/240/311 134/46/312 135/241/313
f 522/240/311 136/239/310 521/241/314 520/46/54
f 523/45/53 140/242/315 522/240/311 520/46/54
f 426/243/316 625/192/248 246/138/162 35/83/92
f 524/244/317 525/175/318 523/45/53 516/44/52
f 527/220/319 524/244/317 516/44/52 515/222/295
f 522/240/311 140/242/315 137/45/320 134/46/312
f 141/55/282 127/56/321 129/222/283
f 526/55/63 531/221/322 527/220/319 515/222/295
f 607/24/323 1478/25/324 1477/245/325 1476/246/326
f 528/247/327 537/174/328 525/175/318 524/244/317
f 466/160/197 467/162/201 80/161/329 79/125/148
f 481/118/138 475/117/137 631/186/238 482/185/237
f 147/248/330 144/249/331 1230/250/332
f 616/251/333 617/252/334 1417/248/335 531/221/322
f 618/54/62 616/251/333 531/221/322 526/55/63
f 1230/250/332 145/253/336 1232/254/337
f 1420/254/338 1422/167/211 532/170/214 530/253/339
f 145/253/336 143/247/340 149/170/341
f 110/211/342 111/210/343 225/214/94 222/215/97
f 230/255/344 229/256/345 226/203/260 118/257/346
f 249/258/288 629/259/347 504/218/348 502/64/286
f 533/169/213 152/260/349 535/261/350 536/262/351
f 151/169/352 149/170/341 153/262/353
f 154/177/225 537/174/328 536/262/351 535/261/350
f 1269/77/85 1273/263/354 1148/264/355 1270/265/356
f 537/174/328 154/177/225 538/176/224 525/175/318
f 156/266/357 157/267/358 158/268/359
f 839/269/360 840/270/361 995/271/362 838/272/363
f 194/273/364 316/274/365 184/275/366 193/276/367
f 542/277/182 460/278/190 543/279/368 541/280/369
f 328/281/370 334/282/371 176/283/372 180/284/373
f 546/285/374 541/280/369 543/279/368 547/286/375
f 549/283/376 545/287/377 544/288/378 548/289/379
f 639/290/380 476/291/218 545/287/377 549/283/376
f 163/287/381 341/292/382 89/291/24
f 157/267/358 341/292/382 163/287/381
f 163/287/381 167/283/383 166/289/384 162/288/385
f 551/293/386 548/289/379 544/288/378 546/285/374
f 547/294/375 553/288/387 552/289/388 550/295/389
f 543/296/368 556/268/390 553/288/387 547/294/375
f 554/287/391 557/283/392 552/289/388 553/288/387
f 553/288/387 556/268/390 555/267/393 554/287/391
f 546/285/374 544/288/378 540/268/394 541/280/369
f 335/291/18 177/292/1 173/287/395
f 173/287/395 177/292/1 174/267/396
f 174/267/396 177/292/1 2/267/3
f 726/266/187 542/277/182 541/280/369 540/268/394
f 543/296/368 460/297/190 560/266/189 556/268/390
f 183/298/397 186/299/398 185/300/399 184/275/366
f 558/282/400 716/281/401 562/284/402 557/283/392
f 89/291/24 168/290/403 167/283/383 163/287/381
f 563/301/404 564/302/405 551/293/386 550/303/389
f 716/281/401 565/304/406 566/298/407 562/284/402
f 565/304/406 700/274/408 567/275/409 566/298/407
f 568/300/410 569/299/411 566/298/407 567/275/409
f 569/299/411 561/305/412 562/284/402 566/298/407
f 571/306/413 570/307/414 569/299/411 568/300/410
f 570/307/414 563/308/404 561/305/412 569/299/411
f 557/283/392 562/284/402 561/305/412 552/289/388
f 571/309/413 573/310/415 572/311/416 570/312/414
f 193/276/367 184/275/366 185/300/399 191/313/417
f 567/275/409 576/276/418 574/313/419 568/300/410
f 582/313/420 585/276/421 584/275/422 583/300/423
f 700/274/408 696/273/424 576/276/418 567/275/409
f 205/314/425 311/315/426 195/316/427 206/314/428
f 189/311/429 190/310/430 188/309/431 187/312/432
f 193/276/367 311/315/426 194/273/364
f 558/282/400 557/283/392 554/287/391 723/291/17
f 582/313/420 583/300/423 573/310/415 581/317/433
f 210/299/434 200/300/435 190/310/430 189/311/429
f 544/288/378 545/287/377 539/267/220 540/268/394
f 200/300/435 210/299/434 209/298/436 201/275/437
f 581/317/433 580/318/438 588/316/439 582/313/420
f 282/319/440 204/315/441 202/276/442
f 692/314/443 691/314/444 577/316/445 578/315/446
f 577/316/445 579/320/447 575/321/448 574/313/419
f 690/322/449 684/323/450 580/318/438 579/324/447
f 204/315/441 295/314/451 203/316/452
f 684/323/450 589/314/453 588/316/439 580/318/438
f 590/298/454 591/299/455 583/300/423 584/275/422
f 586/319/456 587/325/457 584/275/422 585/276/421
f 590/298/454 593/284/458 592/305/459 591/299/455
f 200/300/435 199/313/460 198/317/461 190/310/430
f 162/288/385 166/289/384 170/293/462 164/285/463
f 548/289/379 551/293/386 564/302/405 592/305/459
f 197/318/464 208/323/465 207/322/466 196/324/467
f 575/326/448 581/317/433 573/310/415 571/309/413
f 583/300/423 591/299/455 572/311/416 573/310/415
f 1322/327/468 1151/328/469 1323/329/470 1321/10/12
f 3/5/471 4/7/246 26/63/472 27/81/473
f 598/35/43 487/330/474 597/199/256 596/202/259
f 599/34/42 496/87/274 487/330/474 598/35/43
f 600/36/44 598/35/43 596/202/259 595/331/133
f 149/170/341 150/167/475 1232/254/337 145/253/336
f 602/86/476 599/34/42 601/33/41 404/205/477
f 602/86/476 503/85/273 496/87/274 599/34/42
f 603/203/478 505/257/479 503/85/273 602/86/476
f 404/205/477 604/204/480 603/203/478 602/86/476
f 1296/332/481 1288/25/31 1287/245/482 1289/227/297
f 605/256/483 606/255/484 505/257/479 603/203/478
f 605/256/483 1493/333/485 607/334/323 608/335/486
f 138/244/487 142/220/280 129/222/283 130/44/488
f 1476/336/326 609/337/489 608/335/486 607/334/323
f 609/337/489 610/338/61 511/339/294 608/335/486
f 98/188/293 101/131/292 100/189/242 99/187/244
f 535/261/350 153/262/353 155/174/222 154/177/225
f 1/2/2 5/6/20 4/7/246 3/5/471
f 614/340/490 615/341/491 1453/342/492 613/233/493
f 244/150/184 622/152/186 619/343/494 243/344/495
f 613/233/493 616/236/333 618/235/62 611/234/496
f 622/152/186 620/150/497 621/344/498 619/343/494
f 623/151/185 624/139/499 620/150/497 622/152/186
f 625/192/248 626/138/202 624/139/499 623/151/185
f 413/52/60 1315/237/308 1508/183/307 409/50/58
f 628/219/500 248/345/501 106/194/251 492/193/250
f 626/138/202 430/137/204 432/136/502 624/139/499
f 426/243/316 423/83/203 626/138/202 625/192/248
f 46/109/503 247/346/504 47/108/505
f 24/62/506 411/68/76 416/69/77 25/61/507
f 504/347/348 629/259/347 248/348/501 628/349/500
f 217/350/508 250/351/509 218/352/510
f 612/353/511 611/234/496 609/337/489 1476/336/326
f 1286/354/512 1285/355/513 237/356/514 239/357/515
f 327/358/516 337/359/517 331/360/518 329/361/519
f 9/362/21 335/363/18 334/364/371 330/365/520
f 652/366/521 657/367/522 656/368/523 653/369/524
f 280/370/525 281/371/526 272/372/527 274/367/528
f 662/373/529 675/374/530 668/375/531 667/376/532
f 676/377/533 675/374/530 662/373/529 663/370/534
f 632/378/535 630/379/257 635/380/536 636/381/537
f 643/382/538 644/383/539 632/378/535 636/381/537
f 367/384/540 369/385/541 374/386/542 366/387/543
f 645/388/544 724/389/545 640/390/546 633/391/547
f 646/392/548 647/393/549 644/383/539 643/382/538
f 649/394/550 646/392/548 643/382/538 641/395/551
f 661/396/552 665/397/553 656/368/523 657/367/522
f 645/388/544 648/398/554 713/399/555 724/389/545
f 695/400/556 694/401/557 692/402/443 578/403/446
f 587/404/457 650/405/558 649/394/550 594/406/559
f 651/407/560 654/408/561 647/393/549 646/392/548
f 633/391/547 634/409/258 630/379/257 632/378/535
f 586/410/456 676/377/533 663/370/534 664/371/562
f 653/369/524 654/408/561 651/407/560 652/366/521
f 327/358/516 329/361/519 328/411/370 326/412/563
f 655/372/564 652/366/521 651/407/560 650/405/558
f 651/407/560 646/392/548 649/394/550 650/405/558
f 269/366/565 274/367/528 272/372/527
f 658/413/566 659/414/567 653/369/524 656/368/523
f 659/414/567 769/415/568 654/408/561 653/369/524
f 322/416/569 284/417/570 321/418/571 320/419/572
f 327/358/516 315/420/573 338/421/574 337/359/517
f 657/367/522 663/370/534 662/373/529 661/396/552
f 655/372/564 664/371/562 663/370/534 657/367/522
f 281/371/526 282/410/440 267/404/575
f 332/422/576 333/423/22 9/362/21 330/365/520
f 694/401/557 708/424/577 693/425/578 692/402/443
f 666/426/579 658/413/566 656/368/523 665/397/553
f 297/427/580 298/428/581 285/426/582 284/429/570
f 704/419/583 701/430/584 698/431/585 703/432/586
f 669/433/587 670/434/588 667/376/532 668/375/531
f 668/375/531 672/435/589 671/436/590 669/433/587
f 755/385/591 756/437/592 754/438/593 753/384/594
f 286/376/595 289/434/596 288/433/597 287/375/598
f 257/439/599 256/440/600 333/423/22 332/422/576
f 589/441/453 672/435/589 668/375/531 675/374/530
f 295/441/451 204/377/441 294/374/601
f 343/442/602 347/443/603 346/444/604 344/445/605
f 678/428/606 711/427/607 707/429/608 666/426/579
f 289/434/596 368/438/609 367/384/540 288/433/597
f 681/446/610 682/447/611 680/448/612 674/449/613
f 654/408/561 769/415/568 648/398/554 647/393/549
f 589/441/453 684/450/450 683/451/614 672/435/589
f 644/383/539 645/388/544 633/391/547 632/378/535
f 686/452/615 689/453/616 683/451/614 685/454/617
f 685/454/617 688/455/618 687/456/619 686/452/615
f 355/457/620 353/458/621 352/459/622 354/460/623
f 692/402/443 693/425/578 688/455/618 691/461/444
f 693/425/578 733/443/624 687/456/619 688/455/618
f 637/462/219 638/463/625 636/381/537 635/380/536
f 695/400/556 578/403/446 696/464/424 697/465/626
f 714/359/627 719/360/628 724/466/545 713/467/555
f 697/465/626 700/468/408 699/420/629 698/431/585
f 313/465/630 316/468/365 194/464/364
f 770/469/631 713/399/555 648/398/554 769/415/568
f 270/369/632 276/414/633 275/413/634 273/368/635
f 711/470/607 710/471/636 706/416/637 707/417/608
f 260/383/638 263/393/639 262/392/640 259/382/641
f 660/418/642 707/417/608 706/416/637 704/419/583
f 706/416/637 702/472/643 701/430/584 704/419/583
f 703/432/586 698/431/585 699/420/629 712/421/644
f 350/473/645 325/471/646 324/474/647 342/475/648
f 715/358/649 699/420/629 700/468/408 565/412/406
f 715/358/649 565/412/406 716/411/401 717/361/650
f 594/406/559 649/394/550 641/395/551 642/476/651
f 718/365/652 720/422/653 719/360/628 717/361/650
f 721/362/16 722/423/135 720/422/653 718/365/652
f 558/364/400 723/363/17 721/362/16 718/365/652
f 722/423/135 398/440/134 640/439/546 720/422/653
f 263/393/639 271/408/654 268/407/655 262/392/640
f 387/477/656 388/478/657 385/479/658 386/480/659
f 717/361/650 719/360/628 714/359/627 715/358/649
f 712/421/644 699/420/629 715/358/649 714/359/627
f 660/481/642 705/482/660 659/414/567 658/413/566
f 737/483/661 735/484/662 736/473/663 768/485/664
f 257/390/599 336/389/665 261/388/666 252/391/667
f 520/46/54 521/241/314 519/486/668 517/43/51
f 68/143/669 340/123/146 66/147/670
f 70/124/147 340/123/146 68/143/669
f 66/147/670 340/123/146 72/146/181
f 74/148/179 156/153/357 75/149/671
f 157/173/358 156/153/357 76/154/192
f 84/19/25 341/487/382 157/173/358
f 89/18/24 341/487/382 84/19/25
f 728/475/672 731/488/673 729/445/674 730/442/675
f 732/444/676 733/443/624 730/442/675 729/445/674
f 673/489/677 677/490/678 665/397/553 661/396/552
f 757/491/679 758/492/680 756/437/592 755/385/591
f 647/393/549 648/398/554 645/388/544 644/383/539
f 708/424/577 709/474/681 728/475/672 730/442/675
f 709/474/681 710/471/636 736/473/663 728/475/672
f 731/488/673 735/484/662 774/478/682 739/458/683
f 731/488/673 739/458/683 738/459/684 729/445/674
f 739/458/683 741/457/685 740/460/686 738/459/684
f 350/473/645 351/485/687 297/470/580 325/471/646
f 732/444/676 743/493/688 742/494/689 734/495/690
f 744/496/691 745/497/692 742/494/689 743/493/688
f 751/498/693 752/387/694 671/436/590 689/453/616
f 745/497/692 747/499/695 746/500/696 742/494/689
f 748/501/697 734/495/690 742/494/689 746/500/696
f 348/495/698 362/501/699 360/500/700 356/494/701
f 738/459/684 740/460/686 744/496/691 743/493/688
f 747/499/695 750/502/702 749/503/703 746/500/696
f 746/500/696 749/503/703 751/498/693 748/501/697
f 303/451/704 308/453/705 305/452/706 304/454/707
f 733/443/624 693/425/578 708/424/577 730/442/675
f 684/450/450 690/504/449 685/454/617 683/451/614
f 753/384/594 754/438/593 670/434/588 669/433/587
f 677/490/678 680/448/612 679/505/708 678/428/606
f 670/434/588 674/449/613 673/489/677 667/376/532
f 755/385/591 760/386/709 759/506/710 757/491/679
f 759/506/710 760/386/709 749/503/703 750/502/702
f 760/386/709 755/385/591 753/384/594 752/387/694
f 760/386/709 752/387/694 751/498/693 749/503/703
f 672/435/589 683/451/614 689/453/616 671/436/590
f 758/492/680 762/507/711 761/508/712 756/437/592
f 756/437/592 761/508/712 681/446/610 754/438/593
f 754/438/593 681/446/610 674/449/613 670/434/588
f 761/508/712 763/509/713 682/447/611 681/446/610
f 300/448/714 302/447/715 301/446/716 293/449/717
f 765/510/718 766/511/719 763/509/713 764/512/720
f 766/511/719 767/513/721 682/447/611 763/509/713
f 773/514/722 772/515/723 766/511/719 765/510/718
f 737/516/661 768/517/664 679/505/708 767/513/721
f 297/427/580 351/517/687 299/505/724 298/428/581
f 768/517/664 711/427/607 678/428/606 679/505/708
f 767/513/721 679/505/708 680/448/612 682/447/611
f 703/432/586 712/421/644 770/518/631 705/519/660
f 769/415/568 659/414/567 705/482/660 770/469/631
f 768/485/664 736/473/663 710/471/636 711/470/607
f 771/479/725 774/478/682 772/477/723 773/480/722
f 774/478/682 735/484/662 737/483/661 772/477/723
f 771/479/725 741/457/685 739/458/683 774/478/682
f 365/498/726 366/387/543 374/386/542 363/503/727
f 389/2/7 390/1/728 559/3/4
f 624/139/499 432/136/502 434/159/195 620/150/497
f 1286/354/512 1273/263/354 1272/76/84 1276/198/729
f 601/520/41 600/521/44 399/28/39 401/32/38
f 16/37/191 6/8/245 7/9/19 8/29/35
f 454/143/174 69/142/173 455/238/309 453/184/236
f 389/2/7 723/15/17 390/1/728
f 393/6/8 395/9/11 721/14/16
f 721/14/16 395/9/11 722/16/135
f 7/9/19 333/16/22 10/30/36 8/29/35
f 256/116/600 11/115/730 10/30/36 333/16/22
f 13/521/731 12/28/34 10/30/36 11/115/730
f 396/29/40 399/28/39 397/30/132
f 462/122/199 725/123/198 457/146/177 461/154/188
f 13/521/731 17/520/732 15/32/142 12/28/34
f 399/28/39 600/521/44 595/115/133 397/30/132
f 223/172/216 18/171/215 15/32/142 17/520/732
f 19/48/275 14/31/143 15/32/142 18/171/215
f 57/104/117 58/120/141 56/103/733 54/97/108
f 418/81/89 28/82/90 417/181/230 415/63/71
f 426/243/316 31/41/49 420/40/48 423/83/203
f 411/68/76 24/62/506 22/49/166 410/51/59
f 20/38/167 22/49/166 24/62/506 16/37/191
f 234/337/734 233/336/735 231/334/30 232/335/736
f 82/164/737 470/165/208 94/182/231 90/180/738
f 416/69/77 417/181/230 26/63/472 25/61/507
f 25/61/507 6/8/245 16/37/191 24/62/506
f 417/181/230 28/82/90 27/81/473 26/63/472
f 29/42/50 30/39/739 27/81/473 28/82/90
f 32/40/91 30/39/739 29/42/50 31/41/49
f 19/48/275 21/47/164 20/38/167 14/31/143
f 489/191/247 492/193/250 490/59/249 483/216/276
f 31/41/49 426/243/316 35/83/92 32/40/91
f 423/83/203 420/40/48 424/84/100
f 37/90/740 33/80/741 32/40/91 36/84/93
f 34/4/742 3/5/471 27/81/473 30/39/739
f 36/84/93 41/137/161 40/113/743 39/89/233
f 35/83/92 246/138/162 41/137/161 36/84/93
f 41/137/161 43/136/160 42/112/744 40/113/743
f 43/136/160 45/159/745 44/106/129 42/112/744
f 45/159/745 49/158/746 46/109/503 44/106/129
f 1308/132/156 1302/135/159 1296/332/481 1300/209/747
f 1489/26/748 1495/135/749 1488/332/750 1478/25/324
f 433/106/120 439/111/125 437/107/121
f 129/222/283 127/56/321 126/94/751 128/91/752
f 50/111/128 53/98/109 52/102/753 51/110/754
f 54/97/108 56/103/733 52/102/753 53/98/109
f 403/171/755 404/172/477 601/520/41 401/32/38
f 1279/212/270 1281/70/756 1310/522/757 1318/213/271
f 59/121/144 53/98/109 50/111/128 48/107/127
f 442/98/116 444/95/140 446/121/758
f 61/105/149 57/104/117 54/97/108 60/96/107
f 448/105/118 57/104/117 62/126/150
f 1309/523/759 1305/207/760 1304/524/761 1306/525/762
f 56/103/733 67/184/763 64/127/764 52/102/753
f 64/127/764 66/147/670 65/144/234 63/114/765
f 67/184/763 68/143/669 66/147/670 64/127/764
f 58/120/141 455/238/309 67/184/763 56/103/733
f 455/238/309 69/142/173 68/143/669 67/184/763
f 220/330/243 219/35/766 216/202/767 218/199/510
f 1269/77/85 1270/265/356 1267/526/768 1268/74/82
f 457/146/177 458/145/176 459/148/183
f 25/61/507 26/63/472 4/7/246 6/8/245
f 151/169/352 153/262/353 535/261/350 152/260/349
f 75/149/671 161/156/769 37/90/740 38/88/232
f 527/220/319 529/249/770 528/247/327 524/244/317
f 39/89/233 40/113/743 63/114/765 65/144/234
f 1483/71/79 1509/527/771 1486/528/772 1481/72/80
f 72/146/181 340/123/146 77/122/145 76/154/192
f 461/154/188 463/157/207 462/122/199
f 80/161/329 78/157/193 77/122/145 79/125/148
f 629/259/347 117/347/278 116/349/279 248/348/501
f 2/3/3 34/4/742 33/80/741 178/155/773
f 531/221/322 1417/248/335 529/249/770 527/220/319
f 1482/22/774 1471/23/775 1469/73/81 1481/72/80
f 1271/529/776 1268/74/82 1267/526/768 1266/101/112
f 471/166/221 468/163/205 463/157/207
f 471/166/221 463/157/207 461/154/188
f 83/166/210 84/19/25 157/173/358 76/154/192
f 85/119/777 86/20/26 84/19/25 83/166/210
f 1482/22/774 1295/530/778 1485/12/14 1484/13/779
f 250/351/509 87/17/23 86/20/26 88/117/780
f 90/180/738 91/178/781 81/163/209 82/164/737
f 1300/209/747 1296/332/481 1289/227/297 1299/208/296
f 1304/524/761 1298/229/299 1319/196/272 1318/213/271
f 93/179/782 95/118/783 85/119/777 91/178/781
f 1453/342/492 617/531/334 616/236/333 613/233/493
f 95/118/783 88/117/780 86/20/26 85/119/777
f 93/179/782 97/216/784 96/185/785 95/118/783
f 103/59/67 97/216/784 93/179/782 92/60/68
f 97/216/784 102/191/290 98/188/293 96/185/785
f 1472/21/786 1457/101/787 1461/529/788 1471/23/775
f 120/66/74 123/225/789 112/140/168 113/67/75
f 487/190/474 486/189/241 485/187/239
f 251/186/790 99/187/244 220/190/243 218/352/510
f 1314/232/791 1308/132/156 1300/209/747 1307/206/792
f 105/193/793 102/191/290 97/216/784 103/59/67
f 449/114/131 429/113/130 428/89/99 451/144/175
f 125/339/794 235/338/795 234/337/734 232/335/736
f 116/219/279 107/130/291 102/191/290 105/193/793
f 109/129/170 108/128/169 101/131/292 107/130/291
f 100/189/242 110/211/342 222/215/97 220/190/243
f 101/131/292 108/128/169 110/211/342 100/189/242
f 529/249/770 1418/250/796 530/253/339 528/247/327
f 451/144/175 452/147/178 450/127/151 449/114/131
f 114/217/277 115/64/72 113/67/75 109/129/170
f 431/112/126 432/136/502 430/137/204 429/113/130
f 116/219/279 114/217/277 109/129/170 107/130/291
f 106/194/251 248/345/501 116/219/279 105/193/793
f 502/64/286 504/218/348 501/217/797
f 628/219/500 501/217/797 504/218/348
f 117/347/278 629/259/347 249/224/288 115/64/72
f 118/532/346 225/214/94 111/210/343 119/533/798
f 112/140/168 123/225/789 119/533/798 111/210/343
f 506/533/799 510/93/104 518/92/103 509/225/289
f 136/239/310 122/223/287 508/65/285 521/241/314
f 1306/525/762 1505/534/800 1313/535/801 1309/523/759
f 119/533/798 124/93/802 230/536/344 118/532/346
f 125/226/794 230/536/344 124/93/802 126/94/751
f 335/15/18 9/14/21 5/6/20 1/2/2
f 612/353/511 614/340/490 613/233/493 611/234/496
f 124/93/802 132/92/803 128/91/752 126/94/751
f 131/43/804 130/44/488 129/222/283 128/91/752
f 132/92/803 133/486/805 131/43/804 128/91/752
f 132/92/803 124/93/802 119/533/798 123/225/789
f 133/486/805 132/92/803 123/225/789 120/66/74
f 135/241/313 134/46/312 131/43/804 133/486/805
f 468/163/205 478/178/226 477/180/229 469/164/206
f 249/224/288 122/223/287 121/65/73 115/64/72
f 137/45/320 130/44/488 131/43/804 134/46/312
f 517/43/51 519/486/668 518/92/103 514/91/102
f 484/188/240 489/191/247 483/216/276 482/185/237
f 538/176/224 139/175/223 137/45/320 140/242/315
f 515/222/295 513/56/64 526/55/63
f 1513/327/806 1516/100/807 1472/21/786 1515/10/808
f 143/247/340 144/249/331 142/220/280 138/244/487
f 3/5/471 34/4/742 2/3/3 1/2/2
f 1230/250/332 144/249/331 143/247/340 145/253/336
f 147/248/330 146/221/281 142/220/280 144/249/331
f 1418/250/796 529/249/770 1417/248/335
f 1503/522/809 1510/213/810 1497/524/811 1499/525/812
f 108/128/169 112/140/168 111/210/343 110/211/342
f 1420/254/338 530/253/339 1418/250/796
f 496/215/274 497/211/267 486/189/241 487/190/474
f 528/247/327 530/253/339 532/170/214
f 151/169/352 1240/168/813 150/167/475 149/170/341
f 1323/537/470 1151/538/469 1240/168/813 151/169/352
f 152/260/349 534/539/814 1323/537/470 151/169/352
f 1506/232/302 1501/132/815 1512/133/816 1508/183/307
f 532/170/214 533/169/213 536/262/351
f 473/119/139 481/118/138 480/179/227 478/178/226
f 149/170/341 143/247/340 155/174/222 153/262/353
f 507/66/284 519/486/668 521/241/314 508/65/285
f 539/267/220 726/266/187 540/268/394
f 159/280/817 75/277/671 156/266/357 158/268/359
f 160/279/818 161/278/769 75/277/671 159/280/817
f 157/267/358 163/287/381 162/288/385 158/268/359
f 158/268/359 162/288/385 164/285/463 159/280/817
f 172/288/819 165/294/820 169/295/821 171/289/822
f 580/318/438 581/317/433 575/326/448 579/324/447
f 588/316/439 676/315/533 585/276/421 582/313/420
f 727/292/823 545/287/377 476/291/218
f 727/292/823 539/267/220 545/287/377
f 164/285/463 170/293/462 169/303/821 165/286/820
f 550/303/389 551/293/386 546/285/374 547/286/375
f 170/293/462 182/302/824 181/301/825 169/303/821
f 570/312/414 572/311/416 564/302/405 563/301/404
f 593/284/458 549/283/376 548/289/379 592/305/459
f 182/302/824 170/293/462 166/289/384 211/305/826
f 176/283/372 334/282/371 335/291/18 173/287/395
f 390/292/728 723/291/17 554/287/391
f 390/292/728 554/287/391 555/267/393
f 390/292/728 555/267/393 559/267/4
f 2/267/3 178/266/773 175/268/827 174/267/396
f 174/267/396 175/268/827 172/288/819 173/287/395
f 179/305/828 180/284/373 176/283/372 171/289/822
f 587/325/457 594/540/559 590/298/454 584/275/422
f 171/289/822 169/295/821 181/308/825 179/305/828
f 563/308/404 550/295/389 552/289/388 561/305/412
f 178/266/773 161/297/769 160/296/818 175/268/827
f 574/313/419 575/321/448 571/306/413 568/300/410
f 211/305/826 212/284/829 209/298/436 210/299/434
f 186/299/398 183/298/397 180/284/373 179/305/828
f 187/307/432 188/306/431 185/300/399 186/299/398
f 182/302/824 189/311/429 187/312/432 181/301/825
f 642/541/651 639/290/380 549/283/376 593/284/458
f 188/306/431 192/321/830 191/313/417 185/300/399
f 159/280/817 164/285/463 165/286/820 160/279/818
f 190/310/430 198/317/461 192/326/830 188/309/431
f 576/276/418 578/315/446 577/316/445 574/313/419
f 195/316/427 311/315/426 193/276/367 191/313/417
f 192/321/830 196/320/467 195/316/427 191/313/417
f 578/315/446 576/276/418 696/273/424
f 192/326/830 198/317/461 197/318/464 196/324/467
f 171/289/822 176/283/372 173/287/395 172/288/819
f 201/275/437 202/276/442 199/313/460 200/300/435
f 201/275/437 267/325/575 282/319/440 202/276/442
f 204/315/441 203/316/452 199/313/460 202/276/442
f 175/268/827 160/296/818 165/294/820 172/288/819
f 676/315/533 586/319/456 585/276/421
f 556/268/390 560/266/189 559/267/4 555/267/393
f 196/320/467 207/542/466 206/314/428 195/316/427
f 179/305/828 181/308/825 187/307/432 186/299/398
f 589/314/453 676/315/533 588/316/439
f 591/299/455 592/305/459 564/302/405 572/311/416
f 594/540/559 642/541/651 593/284/458 590/298/454
f 209/298/436 213/540/831 267/325/575 201/275/437
f 180/284/373 183/298/397 326/304/563 328/281/370
f 214/541/832 213/540/831 209/298/436 212/284/829
f 166/289/384 167/283/383 212/284/829 211/305/826
f 203/316/452 295/314/451 208/323/465 197/318/464
f 168/290/403 214/541/832 212/284/829 167/283/383
f 211/305/826 210/299/434 189/311/429 182/302/824
f 198/317/461 199/313/460 203/316/452 197/318/464
f 215/201/833 216/202/767 11/331/730 256/543/600
f 217/200/508 218/199/510 216/202/767 215/201/833
f 596/202/259 634/201/258 398/543/134 595/331/133
f 232/335/736 231/334/30 228/333/33 229/256/345
f 528/247/327 532/170/214 536/262/351 537/174/328
f 221/34/96 17/33/732 13/36/731 219/35/766
f 441/102/113 442/98/116 439/111/125 440/110/124
f 439/111/125 442/98/116 446/121/758 437/107/121
f 219/35/766 13/36/731 11/331/730 216/202/767
f 118/257/346 226/203/260 224/86/95 225/85/94
f 229/256/345 228/333/33 227/204/87 226/203/260
f 472/19/217 474/20/136 473/119/139 471/166/221
f 50/111/128 51/110/754 42/112/744 44/106/129
f 230/255/344 125/339/794 232/335/736 229/256/345
f 103/59/67 104/58/66 106/194/251 105/193/793
f 126/94/751 127/56/321 235/53/795 125/226/794
f 236/234/304 237/353/514 233/336/735 234/337/734
f 235/338/795 148/235/305 236/234/304 234/337/734
f 238/233/303 239/340/515 237/353/514 236/234/304
f 99/187/244 251/186/790 96/185/785 98/188/293
f 241/236/306 242/531/834 240/342/835 238/233/303
f 434/159/195 438/158/194 621/344/498 620/150/497
f 19/48/275 1303/134/158 1320/133/157 21/47/164
f 137/45/320 139/175/223 138/244/487 130/44/488
f 1491/208/263 1498/207/262 1497/524/811 1490/229/836
f 45/159/745 43/136/160 245/139/163 244/150/184
f 243/344/495 49/158/746 45/159/745 244/150/184
f 1504/544/837 1317/545/838 1509/527/771 1483/71/79
f 1464/75/839 1467/546/840 1461/529/788 1458/74/841
f 627/346/842 435/109/123 436/108/122
f 606/536/484 511/226/294 512/94/105 510/93/104
f 635/351/536 630/350/257 597/352/256
f 251/186/790 218/352/510 250/351/509 88/117/780
f 251/186/790 88/117/780 95/118/783 96/185/785
f 252/391/667 253/378/843 217/379/508 215/409/833
f 253/378/843 254/381/844 250/380/509 217/379/508
f 254/381/844 255/463/845 87/462/23 250/380/509
f 255/463/845 168/547/403 89/548/24 87/462/23
f 252/391/667 215/409/833 256/549/600 257/390/599
f 258/395/846 214/476/832 168/547/403 255/463/845
f 255/463/845 254/381/844 259/382/641 258/395/846
f 640/390/546 398/549/134 634/409/258 633/391/547
f 252/391/667 261/388/666 260/383/638 253/378/843
f 686/452/615 687/456/619 734/495/690 748/501/697
f 752/387/694 753/384/594 669/433/587 671/436/590
f 639/547/380 642/476/651 641/395/551 638/463/625
f 261/388/666 264/398/847 263/393/639 260/383/638
f 307/455/848 309/425/849 205/402/425 206/461/428
f 265/394/850 213/406/831 214/476/832 258/395/846
f 587/404/457 664/371/562 655/372/564 650/405/558
f 716/411/401 558/364/400 718/365/652 717/361/650
f 268/407/655 266/405/851 265/394/850 262/392/640
f 269/366/565 272/372/527 266/405/851 268/407/655
f 331/360/518 332/422/576 330/365/520 329/361/519
f 264/398/847 384/415/852 271/408/654 263/393/639
f 272/372/527 281/371/526 267/404/575 266/405/851
f 273/368/635 274/367/528 269/366/565 270/369/632
f 657/367/522 652/366/521 655/372/564
f 271/408/654 384/415/852 276/414/633 270/369/632
f 315/420/573 316/468/365 313/465/630 314/431/853
f 276/414/633 277/482/854 321/481/571 275/413/634
f 273/368/635 283/397/855 278/396/856 274/367/528
f 382/483/857 349/484/858 388/478/657 387/477/656
f 266/405/851 267/404/575 213/406/831 265/394/850
f 586/410/456 664/371/562 587/404/457
f 280/370/525 204/377/441 282/410/440 281/371/526
f 321/481/571 284/429/570 285/426/582 275/413/634
f 713/467/555 770/518/631 712/421/644 714/359/627
f 278/396/856 292/489/859 286/376/595 279/373/860
f 294/374/601 279/373/860 286/376/595 287/375/598
f 356/494/701 357/493/861 346/444/604 348/495/698
f 295/441/451 294/374/601 287/375/598 291/435/862
f 292/489/859 293/449/717 289/434/596 286/376/595
f 283/397/855 296/490/863 292/489/859 278/396/856
f 294/374/601 204/377/441 280/370/525 279/373/860
f 307/455/848 304/454/707 305/452/706 306/456/864
f 676/377/533 589/441/453 675/374/530
f 296/490/863 300/448/714 293/449/717 292/489/859
f 363/503/727 364/502/865 361/499/866 360/500/700
f 299/505/724 300/448/714 296/490/863 298/428/581
f 674/449/613 680/448/612 677/490/678 673/489/677
f 283/397/855 285/426/582 298/428/581 296/490/863
f 339/399/867 264/398/847 261/388/666 336/389/665
f 207/504/466 208/450/465 303/451/704 304/454/707
f 702/472/643 709/474/681 708/424/577 694/401/557
f 660/418/642 704/419/583 703/432/586 705/519/660
f 206/461/428 207/504/466 304/454/707 307/455/848
f 277/482/854 276/414/633 384/415/852 383/469/868
f 734/495/690 687/456/619 733/443/624 732/444/676
f 310/401/869 205/402/425 309/425/849 323/424/870
f 311/403/426 205/402/425 310/401/869 312/400/871
f 638/463/625 641/395/551 643/382/538 636/381/537
f 312/400/871 317/430/872 314/431/853 313/465/630
f 640/439/546 724/466/545 719/360/628 720/422/653
f 700/468/408 697/465/626 696/464/424
f 310/401/869 318/472/873 317/430/872 312/400/871
f 317/430/872 320/419/572 319/432/874 314/431/853
f 318/472/873 322/416/569 320/419/572 317/430/872
f 320/419/572 321/418/571 277/519/854 319/432/874
f 706/416/637 710/471/636 709/474/681 702/472/643
f 323/424/870 324/474/647 318/472/873 310/401/869
f 324/474/647 325/471/646 322/416/569 318/472/873
f 325/471/646 297/470/580 284/417/570 322/416/569
f 374/386/542 369/385/541 371/491/875 373/506/876
f 319/432/874 277/519/854 383/518/868 338/421/574
f 338/421/574 383/518/868 339/467/867 337/359/517
f 280/370/525 274/367/528 278/396/856 279/373/860
f 290/436/877 291/435/862 287/375/598 288/433/597
f 262/392/640 265/394/850 258/395/846 259/382/641
f 330/365/520 334/364/371 328/411/370 329/361/519
f 312/400/871 313/465/630 194/464/364 311/403/426
f 184/275/366 316/274/365 326/304/563 183/298/397
f 476/548/218 639/547/380 638/463/625 637/462/219
f 268/407/655 271/408/654 270/369/632 269/366/565
f 331/360/518 336/466/665 257/439/599 332/422/576
f 337/359/517 339/467/867 336/466/665 331/360/518
f 314/431/853 319/432/874 338/421/574 315/420/573
f 434/159/195 432/136/502 431/112/126 433/106/120
f 222/87/97 221/34/96 219/35/766 220/330/243
f 725/123/198 456/124/171 454/143/174
f 725/123/198 454/143/174 452/147/178
f 725/123/198 452/147/178 457/146/177
f 491/57/65 92/60/68 90/180/738 94/182/231
f 726/153/187 459/148/183 542/149/182
f 726/153/187 539/173/220 461/154/188
f 727/487/823 472/19/217 539/173/220
f 727/487/823 476/18/218 472/19/217
f 324/474/647 323/424/870 343/442/602 342/475/648
f 729/445/674 738/459/684 743/493/688 732/444/676
f 347/443/603 306/456/864 348/495/698 346/444/604
f 349/484/858 350/473/645 342/475/648 345/488/878
f 349/484/858 382/483/857 351/485/687 350/473/645
f 353/458/621 345/488/878 344/445/605 352/459/622
f 701/430/584 702/472/643 694/401/557 695/400/556
f 323/424/870 309/425/849 347/443/603 343/442/602
f 690/504/449 691/461/444 688/455/618 685/454/617
f 306/456/864 347/443/603 309/425/849 307/455/848
f 380/511/879 387/515/656 386/514/659 379/510/880
f 772/515/723 737/516/661 767/513/721 766/511/719
f 354/460/623 352/459/622 357/493/861 358/496/881
f 678/428/606 666/426/579 665/397/553 677/490/678
f 360/500/700 361/499/866 359/497/882 356/494/701
f 306/456/864 305/452/706 362/501/699 348/495/698
f 352/459/622 344/445/605 346/444/604 357/493/861
f 365/498/726 363/503/727 360/500/700 362/501/699
f 748/501/697 751/498/693 689/453/616 686/452/615
f 308/453/705 365/498/726 362/501/699 305/452/706
f 290/436/877 366/387/543 365/498/726 308/453/705
f 288/433/597 367/384/540 366/387/543 290/436/877
f 363/503/727 374/386/542 373/506/876 364/502/865
f 368/438/609 370/437/883 369/385/541 367/384/540
f 370/437/883 372/492/884 371/491/875 369/385/541
f 275/413/634 285/426/582 283/397/855 273/368/635
f 303/451/704 291/435/862 290/436/877 308/453/705
f 208/450/465 295/441/451 291/435/862 303/451/704
f 375/508/885 376/507/886 372/492/884 370/437/883
f 344/445/605 345/488/878 342/475/648 343/442/602
f 377/509/887 380/511/879 379/510/880 378/512/888
f 302/447/715 381/513/889 380/511/879 377/509/887
f 300/448/714 299/505/724 381/513/889 302/447/715
f 377/509/887 378/512/888 376/507/886 375/508/885
f 375/508/885 301/446/716 302/447/715 377/509/887
f 301/446/716 375/508/885 370/437/883 368/438/609
f 353/458/621 355/457/620 385/479/658 388/478/657
f 356/494/701 359/497/882 358/496/881 357/493/861
f 381/513/889 382/516/857 387/515/656 380/511/879
f 351/517/687 382/516/857 381/513/889 299/505/724
f 667/376/532 673/489/677 661/396/552 662/373/529
f 728/475/672 736/473/663 735/484/662 731/488/673
f 264/398/847 339/399/867 383/469/868 384/415/852
f 658/413/566 666/426/579 707/429/608 660/481/642
f 315/420/573 327/358/516 326/412/563 316/468/365
f 253/378/843 260/383/638 259/382/641 254/381/844
f 698/431/585 701/430/584 695/400/556 697/465/626
f 293/449/717 301/446/716 368/438/609 289/434/596
f 345/488/878 353/458/621 388/478/657 349/484/858
f 878/550/890 876/551/891 871/552/892 877/553/893
f 775/554/894 778/555/895 776/556/896
f 928/557/897 937/558/898 932/559/899 929/556/900
f 933/560/901 934/561/902 929/556/900 932/559/899
f 1019/562/903 1020/563/904 1010/564/905 1011/565/906
f 935/566/907 936/567/908 933/560/901 932/559/899
f 828/568/909 984/569/910 982/570/911 827/571/912
f 807/572/913 958/573/914 806/574/915 808/575/916
f 957/576/917 805/577/918 954/578/919 953/579/920
f 948/580/921 939/581/922 1033/582/923 1034/583/924
f 939/581/922 948/580/921 944/584/925 940/585/926
f 944/584/925 946/586/927 945/587/928 940/585/926
f 787/585/929 782/566/930 792/587/931
f 782/566/930 783/567/932 792/587/931
f 793/586/933 792/587/931 794/588/934
f 792/587/931 783/567/932 794/588/934
f 999/589/935 1001/590/936 1003/591/937 1005/592/938
f 950/593/939 941/594/940 936/567/908 947/588/941
f 951/595/942 952/596/943 941/594/940 950/593/939
f 953/579/920 954/578/919 952/596/943 951/595/942
f 1040/597/944 962/598/945 970/599/946 972/600/947
f 894/601/948 926/602/949 925/603/950 875/601/951
f 954/578/919 805/577/918 804/604/952 955/605/953
f 942/606/954 943/607/955 934/561/902 933/560/901
f 938/608/956 935/566/907 932/559/899 937/558/898
f 961/609/957 956/610/958 955/605/953 959/574/959
f 960/575/960 959/574/959 958/573/914 807/572/913
f 966/611/961 970/599/946 962/598/945 965/612/962
f 811/613/963 808/575/916 810/598/964
f 960/575/960 807/572/913 964/614/965 963/613/966
f 964/614/965 967/615/967 965/612/962 963/613/966
f 811/613/963 810/598/964 812/612/968
f 822/616/969 879/617/970 827/571/912 821/618/971
f 967/615/967 968/619/972 966/611/961 965/612/962
f 841/620/973 916/621/974 836/622/975 829/623/976
f 941/594/940 942/606/954 933/560/901 936/567/908
f 971/624/977 973/625/978 972/600/947 970/599/946
f 931/555/979 974/626/980 977/616/981 1039/617/982
f 820/627/983 816/624/984 818/625/985
f 820/627/983 818/625/985 821/618/971
f 821/618/971 818/625/985 822/616/969
f 820/627/983 823/628/986 816/624/984
f 823/628/986 814/629/987 816/624/984
f 824/630/988 825/631/989 975/627/990 978/628/991
f 900/632/992 901/633/993 899/634/994 897/635/995
f 823/628/986 826/636/996 814/629/987
f 981/571/997 1039/617/982 977/616/981 976/618/998
f 982/570/911 821/618/971 827/571/912
f 982/570/911 984/569/910 983/568/999 981/571/997
f 984/569/910 992/637/1000 985/623/1001 983/568/999
f 986/638/1002 987/639/1003 983/568/999 985/623/1001
f 863/640/1004 861/563/1005 851/564/1006 853/641/1007
f 916/621/974 892/642/1008 839/269/360 836/622/975
f 830/638/1009 832/643/1010 833/644/1011
f 990/645/1012 928/557/897 988/643/1013 989/644/1014
f 834/645/1015 835/646/1016 833/644/1011
f 793/586/933 900/632/992 897/635/995 791/584/1017
f 838/272/363 994/269/1018 993/622/1019 837/647/1020
f 994/269/1018 838/272/363 995/271/362 996/270/1021
f 994/269/1018 1048/642/1022 997/621/1023 993/622/1019
f 998/620/1024 985/623/1001 993/622/1019 997/621/1023
f 1047/648/1025 1048/642/1022 994/269/1018 996/270/1021
f 890/648/1026 843/649/1027 842/589/1028
f 843/649/1027 844/650/1029 842/589/1028
f 938/608/956 937/558/898 1038/550/1030 1036/551/1031
f 1008/651/1032 1006/652/1033 1000/650/1034 1007/653/1035
f 949/654/1036 950/593/939 947/588/941 946/586/927
f 795/580/1037 791/584/1017 897/635/995 896/655/1038
f 843/649/1027 887/652/1039 844/650/1029
f 1002/656/1040 1004/657/1041 1003/591/937 1001/590/936
f 1007/653/1035 1000/650/1034 999/589/935 1005/592/938
f 1055/658/1042 1034/583/924 1035/601/1043 1054/601/1044
f 893/659/1045 850/660/1046 889/661/1047
f 1010/564/905 1049/659/1048 1009/660/1049 1011/565/906
f 1012/641/1050 1013/662/1051 1049/659/1048 1010/564/905
f 820/627/983 825/631/989 824/630/988 823/628/986
f 1015/663/1052 1052/664/1053 1014/665/1054 1028/666/1055
f 920/667/1056 857/663/1057 856/664/1058
f 921/668/1059 858/669/1060 920/667/1056
f 921/668/1059 859/670/1061 858/669/1060
f 1014/665/1054 1052/664/1053 1013/662/1051 1012/641/1050
f 1022/640/1062 1021/671/1063 1014/665/1054 1012/641/1050
f 1022/640/1062 1012/641/1050 1010/564/905 1020/563/904
f 1022/640/1062 1026/672/1064 1023/673/1065 1021/671/1063
f 1024/674/1066 1028/666/1055 1021/671/1063 1023/673/1065
f 1025/675/1067 1027/676/1068 1024/674/1066 1023/673/1065
f 866/675/1069 867/672/1070 864/673/1071
f 892/642/1008 890/648/1026 840/270/361 839/269/360
f 869/677/1072 865/674/1073 868/666/1074
f 1030/678/1075 1015/663/1052 1028/666/1055 1029/677/1076
f 1032/679/1077 1031/552/1078 1016/669/1079 1030/678/1075
f 869/677/1072 870/678/1080 872/679/1081
f 1036/551/1031 1031/552/1078 1032/679/1077 1033/582/923
f 1032/679/1077 1035/601/1043 1034/583/924 1033/582/923
f 871/552/892 876/551/891 873/582/1082 872/679/1081
f 1020/563/904 1077/680/1083 1026/672/1064 1022/640/1062
f 939/581/922 938/608/956 1036/551/1031 1033/582/923
f 1036/551/1031 1038/550/1030 1037/553/1084 1031/552/1078
f 818/625/985 816/624/984 815/599/1085 817/600/1086
f 1018/670/1087 1037/553/1084 1038/550/1030 991/646/1088
f 834/645/1015 878/550/890 835/646/1016
f 937/558/898 928/557/897 990/645/1012 1038/550/1030
f 930/554/1089 931/555/979 1039/617/982 987/639/1003
f 792/587/931 793/586/933 791/584/1017 787/585/929
f 781/561/1090 819/626/1091 880/597/1092
f 880/597/1092 819/626/1091 817/600/1086
f 777/557/1093 784/558/1094 878/550/890 834/645/1015
f 930/554/1089 988/643/1013 928/557/897 929/556/900
f 790/607/1095 781/561/1090 880/597/1092
f 942/606/954 956/610/958 961/609/957 943/607/955
f 829/623/976 830/638/1009 881/681/1096
f 830/638/1009 882/682/1097 881/681/1096
f 881/681/1096 841/620/973 829/623/976
f 833/644/1011 882/682/1097 830/638/1009
f 917/683/1098 882/682/1097 833/644/1011
f 883/684/1099 917/683/1098 833/644/1011
f 835/646/1016 883/684/1099 833/644/1011
f 859/670/1061 883/684/1099 835/646/1016
f 858/669/1060 859/670/1061 877/553/893
f 877/553/893 871/552/892 858/669/1060
f 1016/669/1079 1053/667/1100 1015/663/1052 1030/678/1075
f 868/666/1074 862/671/1101 855/665/1102
f 850/660/1046 893/659/1045 851/564/1006 852/565/1103
f 884/685/1104 825/686/989 820/627/983
f 980/687/1105 885/688/1106 826/636/996
f 814/629/987 826/636/996 885/688/1106
f 888/689/1107 910/690/1108 889/691/1047 887/692/1039
f 1046/691/1109 1068/690/1110 1045/689/1111 1006/692/1033
f 1072/693/1112 1074/694/1113 1047/695/1025 1044/696/1114
f 891/694/1115 890/695/1026 892/697/1008
f 918/698/1116 919/699/1117 856/700/1058 854/701/1118
f 1052/700/1053 1076/699/1119 1051/698/1120 1013/701/1051
f 920/702/1056 856/700/1058 919/699/1117
f 1029/677/1076 1024/674/1066 1027/676/1068 1078/603/1121
f 1078/603/1121 1081/602/1122 1054/601/1044 1035/601/1043
f 979/636/1123 980/687/1105 824/630/988 978/628/991
f 1059/634/1124 1057/635/1125 1056/655/1126 1058/703/1127
f 944/584/925 948/580/921 1056/655/1126 1057/635/1125
f 896/655/1038 898/703/1128 895/658/1129
f 992/637/1000 984/569/910 828/568/909 829/623/976
f 1061/633/1130 1060/632/1131 1057/635/1125 1059/634/1124
f 1060/632/1131 946/586/927 944/584/925 1057/635/1125
f 1060/632/1131 1062/704/1132 949/654/1036 946/586/927
f 902/704/1133 901/633/993 900/632/992
f 1027/676/1068 1079/705/1134 1081/602/1122 1078/603/1121
f 1064/706/1135 951/595/942 950/593/939 949/654/1036
f 804/604/952 805/577/918 801/578/1136 802/605/1137
f 968/619/972 885/688/1106 969/629/1138 966/611/961
f 907/707/1139 903/708/1140 904/706/1141
f 905/709/1142 907/707/1139 904/706/1141
f 906/710/1143 908/711/1144 905/709/1142
f 907/707/1139 905/709/1142 908/711/1144
f 902/704/1133 909/712/1145 901/633/993
f 909/712/1145 902/704/1133 903/708/1140
f 910/713/1108 888/714/1107 911/715/1146
f 912/716/1147 911/715/1146 888/714/1107
f 911/715/1146 913/717/1148 910/713/1108
f 914/718/1149 913/717/1148 911/715/1146
f 886/719/1150 912/716/1147 888/714/1107
f 915/720/1151 912/716/1147 886/719/1150
f 886/719/1150 891/721/1115 915/720/1151
f 891/721/1115 892/722/1008 915/720/1151
f 892/722/1008 916/723/974 915/720/1151
f 915/720/1151 916/723/974 841/724/973
f 912/716/1147 915/720/1151 881/725/1096
f 881/725/1096 915/720/1151 841/724/973
f 912/716/1147 881/725/1096 882/726/1097
f 882/726/1097 917/727/1098 912/716/1147
f 911/715/1146 912/716/1147 859/728/1061
f 917/727/1098 883/729/1099 912/716/1147
f 883/729/1099 859/728/1061 912/716/1147
f 914/718/1149 918/730/1116 913/717/1148
f 919/731/1117 918/730/1116 914/718/1149
f 920/732/1056 919/731/1117 914/718/1149
f 921/733/1059 920/732/1056 914/718/1149
f 859/728/1061 921/733/1059 911/715/1146
f 921/733/1059 914/718/1149 911/715/1146
f 860/562/1152 861/563/1005 922/680/1153
f 791/584/1017 795/580/1037 786/581/1154 787/585/929
f 898/703/1128 927/658/1155 895/658/1129
f 927/658/1155 894/601/948 895/658/1129
f 777/557/1093 832/643/1010 775/554/894 776/556/896
f 931/555/979 930/554/1089 929/556/900
f 865/674/1073 869/677/1072 925/603/950 924/676/1156
f 988/643/1013 930/554/1089 987/639/1003 986/638/1002
f 778/555/895 819/626/1091 781/561/1090 776/556/896
f 831/639/1157 830/638/1009 829/623/976 828/568/909
f 785/608/1158 784/558/1094 779/559/1159 782/566/930
f 782/566/930 787/585/929 786/581/1154 785/608/1158
f 780/560/1160 789/606/1161 788/594/1162 783/567/932
f 781/561/1090 790/607/1095 789/606/1161 780/560/1160
f 836/622/975 839/269/360 838/272/363 837/647/1020
f 871/552/892 872/679/1081 870/678/1080 858/669/1060
f 935/566/907 940/585/926 945/587/928
f 936/567/908 935/566/907 945/587/928
f 945/587/928 946/586/927 947/588/941
f 936/567/908 945/587/928 947/588/941
f 797/593/1163 796/654/1164 793/586/933 794/588/934
f 969/629/1138 971/624/977 970/599/946 966/611/961
f 956/610/958 942/606/954 941/594/940 952/596/943
f 964/614/965 807/572/913 808/575/916 811/613/963
f 799/596/1165 803/610/1166 802/605/1137 801/578/1136
f 803/610/1166 799/596/1165 788/594/1162 789/606/1161
f 857/663/1057 920/667/1056 858/669/1060 870/678/1080
f 957/576/917 800/579/1167 801/578/1136 805/577/918
f 802/605/1137 806/574/915 958/573/914 804/604/952
f 976/618/998 975/627/990 884/685/1104 982/570/911
f 799/596/1165 798/595/1168 797/593/1163 788/594/1162
f 809/609/1169 810/598/964 808/575/916 806/574/915
f 960/575/960 963/613/966 962/598/945
f 868/666/1074 857/663/1057 870/678/1080 869/677/1072
f 1063/708/1170 1064/706/1135 949/654/1036 1062/704/1132
f 962/598/945 963/613/966 965/612/962
f 815/599/1085 813/611/1171 812/612/968 810/598/964
f 862/671/1101 868/666/1074 865/674/1073 864/673/1071
f 814/629/987 885/688/1106 968/619/972 813/611/1171
f 815/599/1085 816/624/984 814/629/987 813/611/1171
f 797/593/1163 794/588/934 783/567/932 788/594/1162
f 822/616/969 818/625/985 817/600/1086 819/626/1091
f 973/625/978 971/624/977 975/627/990
f 973/625/978 975/627/990 976/618/998
f 976/618/998 977/616/981 973/625/978
f 978/628/991 975/627/990 971/624/977
f 969/629/1138 978/628/991 971/624/977
f 1029/677/1076 1078/603/1121 1035/601/1043 1032/679/1077
f 824/630/988 980/687/1105 826/636/996 823/628/986
f 979/636/1123 978/628/991 969/629/1138
f 2150/734/1172 2154/735/1173 2153/736/1174 2149/737/1175
f 981/571/997 976/618/998 982/570/911
f 776/556/896 781/561/1090 780/560/1160 779/559/1159
f 780/560/1160 783/567/932 782/566/930 779/559/1159
f 955/605/953 804/604/952 958/573/914 959/574/959
f 827/571/912 879/617/970 831/639/1157 828/568/909
f 831/639/1157 775/554/894 832/643/1010 830/638/1009
f 986/638/1002 989/644/1014 988/643/1013
f 968/619/972 967/615/967 812/612/968 813/611/1171
f 991/646/1088 990/645/1012 989/644/1014
f 837/647/1020 992/637/1000 829/623/976 836/622/975
f 1056/655/1126 948/580/921 1034/583/924 1055/658/1042
f 848/653/1176 847/592/1177 842/589/1028 844/650/1029
f 957/576/917 953/579/920 1065/709/1178 906/710/1143
f 992/637/1000 837/647/1020 993/622/1019 985/623/1001
f 809/609/1169 803/610/1166 789/606/1161 790/607/1095
f 1044/649/1114 1047/648/1025 999/589/935
f 1000/650/1034 1044/649/1114 999/589/935
f 890/648/1026 842/589/1028 845/590/1179 840/270/361
f 1002/656/1040 995/271/362 840/270/361 845/590/1179
f 1004/657/1041 1002/656/1040 845/590/1179 846/591/1180
f 845/590/1179 842/589/1028 847/592/1177 846/591/1180
f 1006/652/1033 1044/649/1114 1000/650/1034
f 887/652/1039 849/651/1181 848/653/1176 844/650/1029
f 865/674/1073 924/676/1156 866/675/1069 864/673/1071
f 850/660/1046 849/651/1181 887/652/1039 889/661/1047
f 1009/660/1049 1049/659/1048 1046/661/1109
f 779/559/1159 784/558/1094 777/557/1093 776/556/896
f 956/610/958 952/596/943 954/578/919 955/605/953
f 856/664/1058 855/665/1102 853/641/1007 854/662/1118
f 1052/664/1053 1015/663/1052 1053/667/1100
f 1016/669/1079 1017/668/1182 1053/667/1100
f 1018/670/1087 1017/668/1182 1016/669/1079
f 861/563/1005 860/562/1152 852/565/1103 851/564/1006
f 1008/651/1032 1009/660/1049 1046/661/1109 1006/652/1033
f 874/583/1183 875/601/951 872/679/1081 873/582/1082
f 962/598/945 961/609/957 959/574/959 960/575/960
f 974/626/980 931/555/979 929/556/900 934/561/902
f 995/271/362 1002/656/1040 1001/590/936 996/270/1021
f 1026/672/1064 1025/675/1067 1023/673/1065
f 867/672/1070 922/680/1153 861/563/1005 863/640/1004
f 1029/677/1076 1028/666/1055 1024/674/1066
f 879/617/970 778/555/895 775/554/894 831/639/1157
f 857/663/1057 868/666/1074 855/665/1102 856/664/1058
f 1032/679/1077 1030/678/1075 1029/677/1076
f 862/671/1101 863/640/1004 853/641/1007 855/665/1102
f 1040/597/944 943/607/955 961/609/957 962/598/945
f 875/601/951 925/603/950 869/677/1072 872/679/1081
f 786/581/1154 795/580/1037 874/583/1183 873/582/1082
f 801/578/1136 800/579/1167 798/595/1168 799/596/1165
f 893/659/1045 854/662/1118 853/641/1007 851/564/1006
f 784/558/1094 785/608/1158 876/551/891 878/550/890
f 864/673/1071 867/672/1070 863/640/1004 862/671/1101
f 1038/550/1030 990/645/1012 991/646/1088
f 832/643/1010 777/557/1093 834/645/1015 833/644/1011
f 987/639/1003 1039/617/982 981/571/997 983/568/999
f 822/616/969 819/626/1091 778/555/895 879/617/970
f 974/626/980 934/561/902 1040/597/944
f 974/626/980 1040/597/944 972/600/947
f 815/599/1085 810/598/964 880/597/1092 817/600/1086
f 809/609/1169 790/607/1095 880/597/1092 810/598/964
f 934/561/902 943/607/955 1040/597/944
f 803/610/1166 809/609/1169 806/574/915 802/605/1137
f 986/638/1002 985/623/1001 1041/681/1184
f 1042/682/1185 986/638/1002 1041/681/1184
f 998/620/1024 1041/681/1184 985/623/1001
f 1042/682/1185 989/644/1014 986/638/1002
f 1042/682/1185 1075/683/1186 989/644/1014
f 1075/683/1186 1043/684/1187 989/644/1014
f 1043/684/1187 991/646/1088 989/644/1014
f 1043/684/1187 1018/670/1087 991/646/1088
f 1018/670/1087 1016/669/1079 1037/553/1084
f 1031/552/1078 1037/553/1084 1016/669/1079
f 999/589/935 1047/648/1025 996/270/1021 1001/590/936
f 877/553/893 859/670/1061 835/646/1016 878/550/890
f 1028/666/1055 1014/665/1054 1021/671/1063
f 821/618/971 982/570/911 884/685/1104 820/627/983
f 975/627/990 825/686/989 884/685/1104
f 885/688/1106 980/687/1105 979/636/1123
f 979/636/1123 969/629/1138 885/688/1106
f 843/696/1027 886/693/1150 888/689/1107 887/692/1039
f 886/693/1150 843/696/1027 890/695/1026 891/694/1115
f 1049/738/1048 1050/739/1188 1068/690/1110 1046/691/1109
f 1047/695/1025 1074/694/1113 1048/697/1022
f 910/690/1108 913/739/1148 893/738/1045 889/691/1047
f 913/739/1148 918/698/1116 854/701/1118 893/738/1045
f 1006/692/1033 1045/689/1111 1072/693/1112 1044/696/1114
f 1052/700/1053 1053/702/1100 1076/699/1119
f 785/608/1158 786/581/1154 873/582/1082 876/551/891
f 902/704/1133 900/632/992 793/586/933 796/654/1164
f 875/601/951 874/583/1183 895/658/1129 894/601/948
f 795/580/1037 896/655/1038 895/658/1129 874/583/1183
f 798/595/1168 904/706/1141 796/654/1164 797/593/1163
f 1058/703/1127 1056/655/1126 1055/658/1042
f 896/655/1038 897/635/995 899/634/994 898/703/1128
f 973/625/978 977/616/981 974/626/980 972/600/947
f 1065/709/1178 953/579/920 951/595/942 1064/706/1135
f 967/615/967 964/614/965 811/613/963 812/612/968
f 1060/632/1131 1061/633/1130 1062/704/1132
f 796/654/1164 904/706/1141 903/708/1140 902/704/1133
f 939/581/922 940/585/926 935/566/907 938/608/956
f 798/595/1168 800/579/1167 905/709/1142 904/706/1141
f 800/579/1167 957/576/917 906/710/1143 905/709/1142
f 1064/706/1135 1066/707/1189 1065/709/1178
f 1063/708/1170 1066/707/1189 1064/706/1135
f 908/711/1144 906/710/1143 1065/709/1178
f 1065/709/1178 1066/707/1189 908/711/1144
f 1067/712/1190 1062/704/1132 1061/633/1130
f 1062/704/1132 1067/712/1190 1063/708/1170
f 1045/714/1111 1068/713/1110 1069/715/1191
f 1069/715/1191 1070/716/1192 1045/714/1111
f 1069/715/1191 1068/713/1110 1050/717/1188
f 1050/717/1188 1071/718/1193 1069/715/1191
f 1070/716/1192 1072/719/1112 1045/714/1111
f 1070/716/1192 1073/720/1194 1072/719/1112
f 1073/720/1194 1074/721/1113 1072/719/1112
f 1073/720/1194 1048/722/1022 1074/721/1113
f 1048/722/1022 1073/720/1194 997/723/1023
f 998/724/1024 997/723/1023 1073/720/1194
f 1070/716/1192 1041/725/1184 1073/720/1194
f 1073/720/1194 1041/725/1184 998/724/1024
f 1042/726/1185 1041/725/1184 1070/716/1192
f 1075/727/1186 1042/726/1185 1070/716/1192
f 1018/728/1087 1070/716/1192 1069/715/1191
f 1043/729/1187 1075/727/1186 1070/716/1192
f 1070/716/1192 1018/728/1087 1043/729/1187
f 1050/717/1188 1051/730/1120 1071/718/1193
f 1051/730/1120 1076/731/1119 1071/718/1193
f 1076/731/1119 1053/732/1100 1071/718/1193
f 1071/718/1193 1053/732/1100 1017/733/1182
f 1017/733/1182 1018/728/1087 1069/715/1191
f 1069/715/1191 1071/718/1193 1017/733/1182
f 1020/563/904 1019/562/903 1077/680/1083
f 926/602/949 923/705/1195 924/676/1156 925/603/950
f 1080/658/1196 1058/703/1127 1055/658/1042
f 1054/601/1044 1080/658/1196 1055/658/1042
f 1082/740/1197 1083/741/1198 1084/742/1199
f 1082/740/1197 1085/743/1200 1083/741/1198
f 1083/741/1198 1086/744/1201 1084/742/1199
f 1083/741/1198 1087/745/1202 1086/744/1201
f 1083/741/1198 1088/746/1203 1087/745/1202
f 1083/741/1198 1089/747/1204 1088/746/1203
f 1085/743/1200 1090/748/1205 1083/741/1198
f 1083/741/1198 1090/748/1205 1089/747/1204
f 1091/740/1206 1092/741/1207 1093/742/1208
f 1091/740/1206 1094/743/1209 1092/741/1207
f 1092/741/1207 1095/744/1210 1093/742/1208
f 1092/741/1207 1096/745/1211 1095/744/1210
f 1092/741/1207 1097/746/1212 1096/745/1211
f 1092/741/1207 1098/747/1213 1097/746/1212
f 1094/743/1209 1099/748/1214 1092/741/1207
f 1092/741/1207 1099/748/1214 1098/747/1213
f 1100/749/1215 1101/750/1216 1102/751/1217
f 1103/752/1218 1102/751/1217 1101/750/1216
f 1102/751/1217 1104/753/1219 1100/749/1215
f 1102/751/1217 1105/754/1220 1104/753/1219
f 1101/750/1216 1106/755/1221 1103/752/1218
f 1107/756/1222 1103/752/1218 1106/755/1221
f 1106/755/1221 1108/757/1223 1107/756/1222
f 1108/757/1223 1109/758/1224 1107/756/1222
f 1109/758/1224 1110/759/1225 1107/756/1222
f 1107/756/1222 1110/759/1225 1111/760/1226
f 1103/752/1218 1107/756/1222 1112/761/1227
f 1112/761/1227 1107/756/1222 1111/760/1226
f 1103/752/1218 1112/761/1227 1113/762/1228
f 1113/762/1228 1114/763/1229 1103/752/1218
f 1102/751/1217 1103/752/1218 1115/764/1230
f 1114/763/1229 1116/765/1231 1103/752/1218
f 1116/765/1231 1115/764/1230 1103/752/1218
f 1105/754/1220 1117/766/1232 1104/753/1219
f 1118/767/1233 1117/766/1232 1105/754/1220
f 1119/768/1234 1118/767/1233 1105/754/1220
f 1120/769/1235 1119/768/1234 1105/754/1220
f 1115/764/1230 1120/769/1235 1102/751/1217
f 1120/769/1235 1105/754/1220 1102/751/1217
f 1121/750/1236 1122/749/1237 1123/751/1238
f 1123/751/1238 1124/752/1239 1121/750/1236
f 1123/751/1238 1122/749/1237 1125/753/1240
f 1125/753/1240 1126/754/1241 1123/751/1238
f 1124/752/1239 1127/755/1242 1121/750/1236
f 1124/752/1239 1128/756/1243 1127/755/1242
f 1128/756/1243 1129/757/1244 1127/755/1242
f 1128/756/1243 1130/758/1245 1129/757/1244
f 1130/758/1245 1128/756/1243 1131/759/1246
f 1132/760/1247 1131/759/1246 1128/756/1243
f 1124/752/1239 1133/761/1248 1128/756/1243
f 1128/756/1243 1133/761/1248 1132/760/1247
f 1134/762/1249 1133/761/1248 1124/752/1239
f 1135/763/1250 1134/762/1249 1124/752/1239
f 1136/764/1251 1124/752/1239 1123/751/1238
f 1137/765/1252 1135/763/1250 1124/752/1239
f 1124/752/1239 1136/764/1251 1137/765/1252
f 1125/753/1240 1138/766/1253 1126/754/1241
f 1138/766/1253 1139/767/1254 1126/754/1241
f 1139/767/1254 1140/768/1255 1126/754/1241
f 1126/754/1241 1140/768/1255 1141/769/1256
f 1141/769/1256 1136/764/1251 1123/751/1238
f 1123/751/1238 1126/754/1241 1141/769/1256
f 1177/770/1257 1178/771/1258 1176/772/1259 1175/773/1260
f 1332/774/1261 1460/775/1262 1331/776/1263 1328/777/1264
f 1233/778/1265 1231/779/1266 1230/780/332 1232/781/337
f 1143/777/1267 1146/774/1268 1161/782/1269 1160/783/1270
f 1513/784/806 1336/785/1271 1335/786/1272 1516/787/807
f 1430/788/1273 1428/789/1274 1336/785/1271 1513/784/806
f 1333/790/1275 1337/791/1276 1455/792/1277 1454/793/1278
f 1434/794/1279 1436/795/1280 1382/796/1281 1381/797/1282
f 1416/798/1283 1451/799/1284 1449/800/1285 1415/801/1286
f 1157/802/1287 1195/803/1288 1194/804/1289 1193/805/1290
f 1355/806/1291 1360/807/1292 1359/808/1293 1357/809/1294
f 1432/810/1295 1437/811/1296 1435/812/1297 1431/813/1298
f 1402/814/1299 1400/815/1300 1398/816/1301 1396/817/1302
f 1247/811/1303 1221/818/1304 1223/819/1305 1242/810/1306
f 1396/817/1302 1395/820/1307 1403/821/1308 1402/814/1299
f 1328/777/1264 1347/783/1309 1338/782/1310 1332/774/1261
f 1348/822/1311 1346/823/1312 1337/791/1276 1338/782/1310
f 1347/783/1309 1379/803/1313 1348/822/1311 1338/782/1310
f 1350/824/1314 1348/822/1311 1379/803/1313 1378/804/1315
f 1397/825/1316 1438/826/1317 1442/827/1318 1399/828/1319
f 1448/829/1320 1518/830/1321 1445/831/1322 1446/832/1323
f 1223/819/1305 1235/833/1324 1236/834/1325 1242/810/1306
f 1189/835/1326 1168/836/1327 1169/806/1328 1174/807/1329
f 1354/836/1330 1373/835/1331 1360/807/1292 1355/806/1291
f 1360/807/1292 1362/772/1332 1361/773/1333 1359/808/1293
f 1362/772/1332 1364/771/1334 1363/770/1335 1361/773/1333
f 1366/837/1336 1389/838/1337 1390/839/1338 1365/840/1339
f 1367/841/1340 1444/842/1341 1356/843/1342 1358/844/1343
f 1448/845/1320 1345/846/1344 1346/823/1312 1349/847/1345
f 1364/771/1334 1369/848/1346 1368/849/1347 1366/837/1336
f 1369/848/1346 1371/850/1348 1370/851/1349 1368/849/1347
f 1340/852/1350 1330/853/1351 1335/786/1272 1339/854/1352
f 1201/855/1353 1202/856/1354 1199/857/1355 1200/858/1356
f 1362/772/1332 1360/807/1292 1373/835/1331 1372/859/1357
f 1374/860/1358 1375/861/1359 1372/859/1357 1373/835/1331
f 1354/836/1330 1352/862/1360 1374/860/1358 1373/835/1331
f 1372/859/1357 1375/861/1359 1371/850/1348 1369/848/1346
f 1412/863/1361 1410/864/1362 1433/865/1363 1415/801/1286
f 1377/805/1364 1380/866/1365 1371/850/1348 1375/861/1359
f 1352/862/1360 1350/824/1314 1378/804/1315 1374/860/1358
f 1378/804/1315 1379/803/1313 1343/802/1366 1377/805/1364
f 1379/803/1313 1347/783/1309 1340/852/1350 1343/802/1366
f 1336/785/1271 1341/867/1367 1339/854/1352 1335/786/1272
f 1381/797/1282 1382/796/1281 1380/866/1365 1344/868/1368
f 1352/862/1360 1351/869/1369 1349/847/1345 1350/824/1314
f 1342/870/1370 1434/794/1279 1381/797/1282 1341/867/1367
f 1370/851/1349 1376/871/1371 1406/872/1372 1368/849/1347
f 1196/866/1373 1198/796/1374 1197/797/1375 1158/868/1376
f 1382/796/1281 1436/795/1280 1376/871/1371 1370/851/1349
f 1386/856/1377 1384/855/1378 1385/858/1379 1383/857/1380
f 1388/873/1381 1390/874/1338 1389/875/1337 1386/856/1377
f 1391/876/1382 1392/877/1383 1387/878/1384 1383/857/1380
f 1391/876/1382 1394/879/1385 1393/880/1386 1392/877/1383
f 1344/868/1368 1380/866/1365 1377/805/1364 1343/802/1366
f 1394/879/1385 1397/825/1316 1399/828/1319 1393/880/1386
f 1258/881/1387 1259/882/1388 1265/883/1389 1261/884/1390
f 1398/816/1301 1439/885/1391 1438/826/1317 1397/825/1316
f 1149/786/1392 1150/785/1393 1322/784/468 1324/787/111
f 1364/771/1334 1362/772/1332 1372/859/1357 1369/848/1346
f 1400/815/1300 1401/886/1394 1439/885/1391 1398/816/1301
f 1191/861/1395 1188/859/1396 1185/848/1397 1187/850/1398
f 1353/887/1399 1356/843/1342 1444/842/1341 1517/888/1400
f 1355/806/1291 1356/843/1342 1353/887/1399 1354/836/1330
f 1339/854/1352 1344/868/1368 1343/802/1366 1340/852/1350
f 1192/889/1401 1219/890/1402 1245/812/1403 1246/891/1404
f 1184/849/1405 1185/848/1397 1178/771/1258 1180/837/1406
f 1154/852/1407 1160/783/1270 1195/803/1288 1157/802/1287
f 1404/892/1408 1437/811/1296 1407/818/1409 1403/821/1308
f 1451/893/1284 1452/894/1410 1450/884/1411 1449/895/1285
f 1409/819/1412 1410/864/1362 1408/896/1413 1407/818/1409
f 1410/864/1362 1412/863/1361 1411/897/1414 1408/896/1413
f 1412/863/1361 1414/898/1415 1413/899/1416 1411/897/1414
f 1190/860/1417 1166/862/1418 1168/836/1327 1189/835/1326
f 1194/804/1289 1164/824/1419 1166/862/1418 1190/860/1417
f 617/900/334 1451/799/1284 1416/798/1283 1417/901/335
f 1401/902/1394 1413/903/1416 1446/832/1323 1445/831/1322
f 1419/779/1420 1421/778/1421 1420/781/338 1418/780/796
f 1421/778/1421 1423/904/1422 1422/905/211 1420/781/338
f 1385/858/1379 1404/892/1408 1403/821/1308 1395/820/1307
f 1246/795/1404 1198/796/1374 1186/851/1423 1192/871/1401
f 1427/906/1424 1342/907/1370 1428/908/1274 1426/909/1425
f 1429/910/212 1422/905/211 1423/904/1422 1426/909/1425
f 1425/834/1426 1427/906/1424 1426/909/1425 1423/904/1422
f 1425/834/1426 1432/810/1295 1431/813/1298 1427/906/1424
f 1395/820/1307 1391/876/1382 1383/857/1380 1385/858/1379
f 1409/819/1412 1432/810/1295 1425/834/1426 1424/833/1427
f 1368/849/1347 1406/872/1372 1389/838/1337 1366/837/1336
f 1435/812/1297 1436/891/1280 1434/911/1279 1431/813/1298
f 1338/782/1310 1337/791/1276 1333/790/1275 1332/774/1261
f 1454/912/1278 1455/883/1277 1450/884/1411 1452/894/1410
f 1409/819/1412 1407/818/1409 1437/811/1296 1432/810/1295
f 1437/811/1296 1404/892/1408 1405/890/1428 1435/812/1297
f 1405/890/1428 1376/889/1371 1436/891/1280 1435/812/1297
f 1516/787/807 1335/786/1272 1330/853/1351 1329/913/1429
f 1441/914/1430 1443/915/1431 1442/916/1318 1438/917/1317
f 1444/918/1341 1367/919/1340 1443/915/1431 1441/914/1430
f 1401/902/1394 1445/831/1322 1440/920/1432 1439/921/1391
f 1517/922/1400 1444/918/1341 1441/914/1430 1440/920/1432
f 1328/777/1264 1331/776/1263 1329/913/1429 1330/853/1351
f 1350/824/1314 1349/847/1345 1346/823/1312 1348/822/1311
f 1414/923/1415 1447/881/1433 1446/832/1323 1413/903/1416
f 1250/885/1434 1215/886/1435 1214/815/1436 1212/816/1437
f 1265/792/1389 1152/791/1438 1147/790/1439 1264/793/1440
f 1415/801/1286 1449/800/1285 1414/898/1415 1412/863/1361
f 1453/924/492 1452/894/1410 1451/893/1284 617/925/334
f 1183/919/1441 1254/918/1442 1251/914/1443 1253/915/1444
f 1221/818/1304 1247/811/1303 1218/892/1445 1217/821/1446
f 1345/882/1344 1447/881/1433 1450/884/1411 1455/883/1277
f 64/127/764 63/114/765 51/110/754 52/102/753
f 1458/74/841 1461/529/788 1457/101/787 1456/526/1447
f 1460/265/1262 1459/77/1448 1458/74/841 1456/526/1447
f 1145/926/1449 1267/526/768 1270/265/356
f 1464/75/839 1458/74/841 1459/77/1448 1462/76/1450
f 1463/263/1451 1459/77/1448 1460/265/1262 1334/264/1452
f 1269/77/85 1272/76/84 1273/263/354
f 615/927/491 614/357/490 1463/263/1451 1334/264/1452
f 1278/546/1453 1279/212/270 1277/197/269 1275/75/83
f 92/60/68 93/179/782 91/178/781 90/180/738
f 1468/212/1454 1467/546/840 1464/75/839 1466/197/254
f 36/84/93 39/89/233 38/88/232 37/90/740
f 1471/23/775 1461/529/788 1467/546/840 1469/73/81
f 637/17/219 635/351/536 475/117/137 474/20/136
f 412/62/70 408/49/57 406/38/46 402/37/45
f 608/335/486 511/339/294 606/255/484 605/256/483
f 1273/263/354 1286/354/512 239/357/515
f 1474/355/1455 1475/354/1456 614/357/490 612/356/511
f 485/187/239 631/186/238 597/352/256 487/190/474
f 1480/228/1457 1473/195/252 1474/355/1455 1477/245/325
f 1493/333/485 605/256/483 603/203/478 604/204/480
f 1478/25/324 1488/332/750 1479/227/1458 1477/245/325
f 1290/228/298 1289/227/297 1287/245/482
f 611/234/496 618/235/62 610/338/61 609/337/489
f 91/178/781 85/119/777 83/166/210 81/163/209
f 1484/13/779 1472/21/786 1471/23/775 1482/22/774
f 1481/72/80 1486/528/772 1295/530/778 1482/22/774
f 1284/195/1459 1290/228/298 1287/245/482 1285/355/513
f 1494/78/1460 1496/134/1461 1495/135/749 1489/26/748
f 1487/11/13 1515/10/808 1484/13/779 1485/12/14
f 631/186/238 475/117/137 635/351/536 597/352/256
f 1479/227/1458 1491/208/263 1490/229/836 1480/228/1457
f 1488/332/750 1492/209/264 1491/208/263 1479/227/1458
f 1478/25/324 607/24/323 1493/27/485 1489/26/748
f 604/79/480 1494/78/1460 1489/26/748 1493/27/485
f 1329/99/1429 1331/926/1263 1456/526/1447 1457/101/787
f 1495/135/749 1501/132/815 1492/209/264 1488/332/750
f 403/171/755 405/48/56 1496/134/1461 1494/78/1460
f 1494/78/1460 604/79/480 404/172/477 403/171/755
f 33/80/741 34/4/742 30/39/739 32/40/91
f 1313/535/801 1312/231/301 1307/206/792 1309/523/759
f 1498/207/262 1502/523/1462 1499/525/812 1497/524/811
f 1501/132/815 1506/232/302 1500/206/261 1492/209/264
f 1512/133/816 1501/132/815 1495/135/749 1496/134/1461
f 1305/207/760 1309/523/759 1307/206/792
f 506/533/799 509/225/289 499/140/266 498/210/265
f 1310/522/757 1311/544/1463 1306/525/762
f 1483/71/79 1470/70/78 1503/522/809 1504/544/837
f 1312/231/301 1313/535/801 1502/523/1462 1500/206/261
f 1502/523/1462 1313/535/801 1505/534/800 1499/525/812
f 1514/537/1464 534/539/814 152/260/349 533/169/213
f 509/225/289 518/92/103 519/486/668 507/66/284
f 74/148/179 75/149/671 38/88/232 73/145/180
f 482/185/237 483/216/276 480/179/227 481/118/138
f 69/142/173 71/141/172 70/124/147 68/143/669
f 1470/70/78 1468/212/1454 1510/213/810 1503/522/809
f 1468/212/1454 1466/197/254 1511/196/253 1510/213/810
f 1490/229/836 1497/524/811 1510/213/810 1511/196/253
f 1465/198/255 1475/354/1456 1474/355/1455 1473/195/252
f 1508/183/307 1512/133/816 407/47/55 409/50/58
f 1512/133/816 1496/134/1461 405/48/56 407/47/55
f 495/129/153 501/217/797 628/219/500 493/130/154
f 1514/329/1464 1430/328/1273 1513/327/806 1515/10/808
f 463/157/207 465/161/200 464/125/196 462/122/199
f 1516/100/807 1329/99/1429 1457/101/787 1472/21/786
f 1321/10/12 1294/13/15 1283/21/27
f 1323/329/470 1487/11/13 1321/10/12
f 1487/11/13 1323/329/470 534/928/814
f 1511/196/253 1473/195/252 1480/228/1457 1490/229/836
f 1463/263/1451 1475/354/1456 1465/198/255 1462/76/1450
f 400/31/37 405/48/56 403/171/755 401/32/38
f 1271/529/776 1282/23/29 1280/73/1465 1278/546/1453
f 1352/862/1360 1354/836/1330 1353/887/1399 1351/869/1369
f 1163/847/1466 1327/845/1467 1326/929/1468 1165/869/1469
f 1518/929/1321 1448/845/1320 1349/847/1345 1351/869/1369
f 1203/878/1470 1206/877/1471 1205/876/1472 1199/857/1355
f 1219/890/1402 1218/892/1445 1247/811/1303 1245/812/1403
f 1145/776/1449 1143/777/1267 1144/853/1473 1142/913/110
f 1148/930/355 1147/790/1439 1146/774/1268 1270/775/356
f 1148/930/355 1274/931/1474 1264/793/1440 1147/790/1439
f 1144/853/1473 1149/786/1392 1324/787/111 1142/913/110
f 1424/833/1427 1425/834/1426 1423/904/1422 1421/778/1421
f 1341/867/1367 1381/797/1282 1344/868/1368 1339/854/1352
f 1345/846/1344 1455/792/1277 1337/791/1276 1346/823/1312
f 1152/791/1438 1161/782/1269 1146/774/1268 1147/790/1439
f 1517/888/1400 1518/929/1321 1351/869/1369 1353/887/1399
f 1153/854/1475 1155/867/1476 1150/785/1393 1149/786/1392
f 1149/786/1392 1144/853/1473 1154/852/1407 1153/854/1475
f 1155/867/1476 1156/870/1477 1239/789/1478 1150/785/1393
f 1157/802/1287 1158/868/1376 1153/854/1475 1154/852/1407
f 1158/868/1376 1197/797/1375 1155/867/1476 1153/854/1475
f 1259/846/1388 1159/823/1479 1152/791/1438 1265/792/1389
f 1385/858/1379 1384/855/1378 1405/890/1428 1404/892/1408
f 1143/777/1267 1160/783/1270 1154/852/1407 1144/853/1473
f 1176/772/1259 1174/807/1329 1173/808/1480 1175/773/1260
f 1163/847/1466 1164/824/1419 1162/822/1481 1159/823/1479
f 1165/869/1469 1166/862/1418 1164/824/1419 1163/847/1466
f 1167/887/1482 1168/836/1327 1166/862/1418 1165/869/1469
f 1167/887/1482 1170/843/1483 1169/806/1328 1168/836/1327
f 1170/843/1483 1172/844/1484 1171/809/1485 1169/806/1328
f 1174/807/1329 1169/806/1328 1171/809/1485 1173/808/1480
f 1191/861/1395 1190/860/1417 1189/835/1326 1188/859/1396
f 1396/817/1302 1398/816/1301 1397/825/1316 1394/879/1385
f 1255/831/1486 1215/902/1435 1250/921/1434 1249/920/1487
f 1180/837/1406 1178/771/1258 1177/770/1257 1179/840/1488
f 1220/872/1489 1184/849/1405 1180/837/1406 1182/838/1490
f 1518/830/1321 1517/922/1400 1440/920/1432 1445/831/1322
f 1407/818/1409 1408/896/1413 1402/814/1299 1403/821/1308
f 1220/872/1489 1192/871/1401 1186/851/1423 1184/849/1405
f 1176/772/1259 1178/771/1258 1185/848/1397 1188/859/1396
f 1197/797/1375 1244/794/1491 1156/870/1477 1155/867/1476
f 1374/860/1358 1378/804/1315 1377/805/1364 1375/861/1359
f 1225/897/1492 1226/863/1493 1224/864/1494 1222/896/1495
f 1428/789/1274 1342/870/1370 1341/867/1367 1336/785/1271
f 1193/805/1290 1194/804/1289 1190/860/1417 1191/861/1395
f 1162/822/1481 1195/803/1288 1160/783/1270 1161/782/1269
f 1174/807/1329 1176/772/1259 1188/859/1396 1189/835/1326
f 1382/796/1281 1370/851/1349 1371/850/1348 1380/866/1365
f 1156/907/1477 1238/906/1496 1237/909/1497 1239/908/1478
f 1193/805/1290 1196/866/1373 1158/868/1376 1157/802/1287
f 1448/829/1320 1446/832/1323 1447/881/1433 1345/882/1344
f 1198/796/1374 1246/795/1404 1244/794/1491 1197/797/1375
f 1186/851/1423 1187/850/1398 1185/848/1397 1184/849/1405
f 1164/824/1419 1194/804/1289 1195/803/1288 1162/822/1481
f 1187/850/1398 1186/851/1423 1198/796/1374 1196/866/1373
f 1187/850/1398 1196/866/1373 1193/805/1290 1191/861/1395
f 1263/894/1498 240/924/835 242/925/834 1262/893/1499
f 1204/873/1500 1203/878/1470 1199/857/1355 1202/856/1354
f 1150/785/1393 1239/789/1478 1151/788/469 1322/784/468
f 1208/879/1501 1210/817/1502 1209/820/1503 1205/876/1472
f 1199/857/1355 1205/876/1472 1209/820/1503 1200/858/1356
f 1211/825/1504 1212/816/1437 1210/817/1502 1208/879/1501
f 1347/783/1309 1328/777/1264 1330/853/1351 1340/852/1350
f 1208/879/1501 1207/880/1505 1213/828/1506 1211/825/1504
f 1211/825/1504 1213/828/1506 1252/827/1507 1248/826/1508
f 1433/865/1363 1424/833/1427 1421/778/1421 1419/779/1420
f 1216/814/1509 1210/817/1502 1212/816/1437 1214/815/1436
f 1210/817/1502 1216/814/1509 1217/821/1446 1209/820/1503
f 1217/821/1446 1218/892/1445 1200/858/1356 1209/820/1503
f 1201/855/1353 1200/858/1356 1218/892/1445 1219/890/1402
f 1220/932/1489 1201/855/1353 1219/890/1402 1192/889/1401
f 1182/875/1490 1202/856/1354 1201/855/1353 1220/932/1489
f 1216/814/1509 1222/896/1495 1221/818/1304 1217/821/1446
f 1408/896/1413 1411/897/1414 1400/815/1300 1402/814/1299
f 1214/815/1436 1225/897/1492 1222/896/1495 1216/814/1509
f 1411/897/1414 1413/899/1416 1401/886/1394 1400/815/1300
f 1395/820/1307 1396/817/1302 1394/879/1385 1391/876/1382
f 1431/813/1298 1434/911/1279 1342/907/1370 1427/906/1424
f 1227/898/1510 1260/800/1511 1228/801/1512 1226/863/1493
f 1260/800/1511 1262/799/1499 1229/798/1513 1228/801/1512
f 1229/798/1513 147/901/330 1230/780/332 1231/779/1266
f 1243/865/1514 1228/801/1512 1229/798/1513 1231/779/1266
f 1234/904/1515 1236/834/1325 1235/833/1324 1233/778/1265
f 1238/906/1496 1236/834/1325 1234/904/1515 1237/909/1497
f 1256/832/1516 1258/881/1387 1227/923/1510 1257/903/1517
f 1262/799/1499 242/900/834 147/901/330 1229/798/1513
f 1151/933/469 1239/908/1478 1237/909/1497 1240/910/813
f 1257/899/1517 1227/898/1510 1226/863/1493 1225/897/1492
f 1156/907/1477 1244/911/1491 1241/813/1518 1238/906/1496
f 1426/909/1425 1428/908/1274 1430/933/1273 1429/910/212
f 1243/865/1514 1231/779/1266 1233/778/1265 1235/833/1324
f 1224/864/1494 1243/865/1514 1235/833/1324 1223/819/1305
f 1241/813/1518 1242/810/1306 1236/834/1325 1238/906/1496
f 1245/812/1403 1247/811/1303 1242/810/1306 1241/813/1518
f 1226/863/1493 1228/801/1512 1243/865/1514 1224/864/1494
f 1357/809/1294 1358/844/1343 1356/843/1342 1355/806/1291
f 1248/826/1508 1250/885/1434 1212/816/1437 1211/825/1504
f 1251/914/1443 1249/920/1487 1250/921/1434 1248/917/1508
f 1254/918/1442 1325/922/1519 1249/920/1487 1251/914/1443
f 1253/915/1444 1251/914/1443 1248/917/1508 1252/916/1507
f 1440/920/1432 1441/914/1430 1438/917/1317 1439/921/1391
f 1249/920/1487 1325/922/1519 1326/830/1468 1255/831/1486
f 1256/832/1516 1257/903/1517 1215/902/1435 1255/831/1486
f 1447/881/1433 1414/923/1415 1449/895/1285 1450/884/1411
f 1256/832/1516 1327/829/1467 1259/882/1388 1258/881/1387
f 1255/831/1486 1326/830/1468 1327/829/1467 1256/832/1516
f 1260/895/1511 1227/923/1510 1258/881/1387 1261/884/1390
f 1261/884/1390 1263/894/1498 1262/893/1499 1260/895/1511
f 1384/855/1378 1406/932/1372 1376/889/1371 1405/890/1428
f 1263/894/1498 1264/912/1440 1274/934/1474 240/924/835
f 1261/884/1390 1265/883/1389 1264/912/1440 1263/894/1498
f 1246/891/1404 1245/812/1403 1241/813/1518 1244/911/1491
f 1145/926/1449 1142/99/110 1266/101/112 1267/526/768
f 139/175/223 155/174/222 143/247/340 138/244/487
f 240/342/835 1274/341/1474 239/340/515 238/233/303
f 1460/265/1262 1456/526/1447 1331/926/1263
f 242/252/834 241/251/306 146/221/281 147/248/330
f 239/357/515 1274/927/1474 1148/264/355 1273/263/354
f 1462/76/1450 1459/77/1448 1463/263/1451
f 506/533/799 498/210/265 503/214/273 505/532/479
f 1271/529/776 1278/546/1453 1275/75/83 1268/74/82
f 1275/75/83 1277/197/269 1276/198/729 1272/76/84
f 460/156/190 542/149/182 427/88/98 425/90/101
f 1281/70/756 1279/212/270 1278/546/1453 1280/73/1465
f 491/57/65 94/182/231 477/180/229 479/60/228
f 1266/101/112 1283/21/27 1282/23/29 1271/529/776
f 1319/196/272 1284/195/1459 1276/198/729 1277/197/269
f 1285/355/513 1286/354/512 1276/198/729 1284/195/1459
f 1475/354/1456 1463/263/1451 614/357/490
f 223/205/216 17/33/732 221/34/96 224/86/95
f 1287/245/482 233/246/735 237/356/514 1285/355/513
f 394/8/10 402/37/45 396/29/40 395/9/11
f 1288/25/31 231/24/30 233/246/735 1287/245/482
f 420/40/48 421/80/88 425/90/101 424/84/100
f 1479/227/1458 1480/228/1457 1477/245/325
f 1293/71/1520 1281/70/756 1280/73/1465 1291/72/1521
f 1282/23/29 1292/22/28 1291/72/1521 1280/73/1465
f 76/154/192 156/153/357 74/148/179 72/146/181
f 1429/168/212 1430/538/1273 1514/537/1464 533/169/213
f 1294/13/15 1485/12/14 1295/530/778 1292/22/28
f 1509/527/771 1293/71/1520 1291/72/1521 1486/528/772
f 1013/701/1051 1051/698/1120 1050/739/1188 1049/738/1048
f 1302/135/159 1297/26/32 1288/25/31 1296/332/481
f 80/161/329 82/164/737 81/163/209 78/157/193
f 1505/534/800 1317/545/838 1504/544/837 1499/525/812
f 397/30/132 722/16/135 395/9/11 396/29/40
f 1486/528/772 1291/72/1521 1292/22/28 1295/530/778
f 1302/135/159 1303/134/158 1301/78/86 1297/26/32
f 71/141/172 466/160/197 79/125/148 70/124/147
f 493/130/154 628/219/500 492/193/250 489/191/247
f 72/146/181 73/145/180 65/144/234 66/147/670
f 1305/207/760 1299/208/296 1298/229/299 1304/524/761
f 1305/207/760 1307/206/792 1300/209/747 1299/208/296
f 241/251/306 148/54/305 141/55/282 146/221/281
f 497/211/267 494/128/152 488/131/155 486/189/241
f 430/137/204 424/84/100 428/89/99 429/113/130
f 1502/523/1462 1498/207/262 1500/206/261
f 1318/213/271 1310/522/757 1306/525/762 1304/524/761
f 1504/544/837 1503/522/809 1499/525/812
f 510/93/104 506/533/799 505/532/479 606/536/484
f 63/114/765 40/113/743 42/112/744 51/110/754
f 1317/545/838 1505/534/800 1306/525/762 1311/544/1463
f 178/155/773 33/80/741 37/90/740 161/156/769
f 1312/231/301 1507/230/300 1314/232/791 1307/206/792
f 1314/232/791 1507/230/300 1315/237/308 1316/183/235
f 23/50/165 1316/183/235 1315/237/308 413/52/60
f 1317/545/838 1311/544/1463 1293/71/1520 1509/527/771
f 467/162/201 470/165/208 82/164/737 80/161/329
f 516/44/52 517/43/51 514/91/102 515/222/295
f 500/67/268 502/64/286 501/217/797 495/129/153
f 1284/195/1459 1319/196/272 1298/229/299 1290/228/298
f 1466/197/254 1464/75/839 1462/76/1450 1465/198/255
f 1468/212/1454 1470/70/78 1469/73/81 1467/546/840
f 1320/133/157 1308/132/156 1314/232/791 1316/183/235
f 48/107/127 44/106/129 46/109/503 47/108/505
f 1324/100/111 1322/327/468 1321/10/12 1283/21/27
f 1474/355/1455 612/356/511 1476/246/326 1477/245/325
f 1484/13/779 1515/10/808 1472/21/786
f 1515/10/808 1487/11/13 1514/329/1464
f 534/928/814 1514/329/1464 1487/11/13
f 148/54/305 235/53/795 127/56/321 141/55/282
f 1281/70/756 1293/71/1520 1311/544/1463 1310/522/757
f 120/66/74 121/65/73 135/241/313 133/486/805
f 122/223/287 136/239/310 135/241/313 121/65/73
f 1170/843/1483 1167/887/1482 1325/888/1519 1254/842/1442
f 1165/869/1469 1326/929/1468 1325/888/1519 1167/887/1482
f 1387/878/1384 1388/873/1381 1386/856/1377 1383/857/1380
f 1159/823/1479 1259/846/1388 1327/845/1467 1163/847/1466
f 1215/886/1435 1257/899/1517 1225/897/1492 1214/815/1436
f 691/314/444 690/542/449 579/320/447 577/316/445
f 1333/790/1275 1334/930/1452 1460/775/1262 1332/774/1261
f 1234/904/1515 1233/778/1265 1232/781/337 150/905/475
f 1234/904/1515 150/905/475 1240/910/813 1237/909/1497
f 1410/864/1362 1409/819/1412 1424/833/1427 1433/865/1363
f 1159/823/1479 1162/822/1481 1161/782/1269 1152/791/1438
f 1386/856/1377 1389/875/1337 1406/932/1372 1384/855/1378
f 1182/838/1490 1180/837/1406 1179/840/1488 1181/839/1522
f 1416/798/1283 1419/779/1420 1418/780/796 1417/901/335
f 1415/801/1286 1433/865/1363 1419/779/1420 1416/798/1283
f 1270/775/356 1146/774/1268 1143/777/1267 1145/776/1449
f 1181/874/1522 1204/873/1500 1202/856/1354 1182/875/1490
f 1222/896/1495 1224/864/1494 1223/819/1305 1221/818/1304
f 1364/771/1334 1366/837/1336 1365/840/1339 1363/770/1335
f 1454/912/1278 1452/894/1410 1453/924/492 615/934/491
f 1170/843/1483 1254/842/1442 1183/841/1441 1172/844/1484
f 1454/793/1278 615/931/491 1334/930/1452 1333/790/1275
f 1628/935/1523 1630/936/1524 1629/937/1525 1627/938/1526
f 1578/939/1527 1598/940/1528 1589/941/1529 1577/942/1527
f 1602/943/1530 1604/944/1531 1564/945/1531 1565/946/1532
f 1604/944/1531 1566/947/1533 1586/948/1533 1564/945/1531
f 1574/949/1534 1573/950/1534 1572/951/1535 1599/952/1535
f 1567/953/1536 1605/954/1537 1568/955/1537 1587/956/1536
f 1594/957/1538 1568/955/1537 1605/954/1537 1606/958/1538
f 1607/959/1539 1596/960/1539 1594/957/1538 1606/958/1538
f 1538/961/1540 1539/962/1541 1541/946/1542 1560/943/1543
f 1552/963/1544 1547/964/1545 1524/965/1546
f 1570/966/1547 1591/964/1548 1608/965/1549 1569/967/1550
f 1590/968/1551 1570/966/1547 1569/967/1550 1603/969/1552
f 1528/970/1553 1527/969/1554 1546/968/1555
f 1599/952/1535 1572/951/1535 1590/968/1551 1571/970/1556
f 1543/955/1557 1562/954/1557 1522/953/1558 1542/956/1558
f 1576/971/1559 1573/972/1534 1574/973/1534 1575/974/1559
f 1575/974/1559 1578/939/1527 1577/942/1527 1576/971/1559
f 1554/973/1560 1530/972/1560 1532/971/1561 1531/974/1561
f 1534/939/1562 1531/974/1561 1532/971/1561 1533/942/1562
f 1546/968/1555 1529/951/1563 1555/952/1563 1528/970/1553
f 1526/966/1564 1546/968/1555 1527/969/1554 1525/967/1564
f 1537/975/1565 1538/961/1540 1558/976/1566
f 1558/976/1566 1538/961/1540 1559/977/1567
f 1559/977/1567 1538/961/1540 1560/943/1543
f 1582/961/1568 1602/943/1530 1565/946/1532 1583/962/1569
f 1539/962/1541 1538/961/1540 1537/975/1565
f 1545/978/1570 1540/979/1571 1536/980/1572
f 1536/980/1572 1540/979/1571 1537/981/1573
f 1537/981/1573 1540/979/1571 1539/982/1574
f 1539/982/1574 1540/979/1571 1541/983/1575
f 1541/983/1575 1540/979/1571 1519/984/1576
f 1519/984/1576 1540/979/1571 1520/985/1577
f 1520/985/1577 1540/979/1571 1542/986/1578
f 1542/986/1578 1540/979/1571 1543/987/1579
f 1543/987/1579 1540/979/1571 1548/988/1580
f 1540/979/1571 1549/989/1581 1548/988/1580
f 1544/990/1582 1545/991/1570 1551/992/1583
f 1530/983/1584 1540/979/1571 1532/982/1585
f 1532/982/1585 1540/979/1571 1533/981/1586
f 1533/981/1586 1540/979/1571 1544/980/1582
f 1529/984/1587 1540/979/1571 1530/983/1584
f 1546/985/1588 1540/979/1571 1529/984/1587
f 1526/986/1589 1540/979/1571 1546/985/1588
f 1547/987/1590 1540/979/1571 1526/986/1589
f 1552/988/1591 1540/979/1571 1547/987/1590
f 1549/989/1581 1540/979/1571 1552/988/1591
f 1540/979/1571 1545/978/1570 1544/980/1582
f 1548/990/1580 1549/991/1581 1550/992/1592
f 1551/992/1583 1545/991/1570 1536/990/1572
f 1550/992/1592 1549/991/1581 1552/990/1591
f 1535/993/1593 1553/994/1594 1534/995/1595
f 1534/995/1595 1553/994/1594 1531/996/1596
f 1531/996/1596 1553/994/1594 1554/997/1597
f 1554/997/1597 1553/994/1594 1555/998/1598
f 1555/998/1598 1553/994/1594 1528/999/1599
f 1556/1000/1600 1553/994/1594 1535/993/1593
f 1557/1001/1601 1553/994/1594 1556/1000/1600
f 1558/1002/1602 1553/994/1594 1557/1001/1601
f 1559/1003/1603 1553/994/1594 1558/1002/1602
f 1560/1004/1604 1553/994/1594 1559/1003/1603
f 1528/999/1599 1553/994/1594 1527/1005/1605
f 1561/1006/1606 1553/994/1594 1560/1004/1604
f 1521/1007/1607 1553/994/1594 1561/1006/1606
f 1522/1008/1608 1553/994/1594 1521/1007/1607
f 1562/1009/1609 1553/994/1594 1522/1008/1608
f 1523/1010/1610 1553/994/1594 1562/1009/1609
f 1563/1011/1611 1553/994/1594 1523/1010/1610
f 1524/1012/1612 1553/994/1594 1563/1011/1611
f 1525/1013/1613 1553/994/1594 1524/1012/1612
f 1527/1005/1605 1553/994/1594 1525/1013/1613
f 1543/955/1557 1548/957/1614 1523/958/1614 1562/954/1557
f 1519/945/1615 1561/944/1615 1560/943/1543 1541/946/1542
f 1520/948/1616 1542/956/1558 1522/953/1558 1521/947/1616
f 1585/1014/1617 1595/1015/1618 1579/1016/1618 1600/1017/1617
f 1581/975/1619 1585/1014/1617 1600/1017/1617 1580/976/1620
f 1607/959/1539 1608/965/1549 1592/963/1621 1596/960/1539
f 1524/965/1546 1563/959/1622 1550/960/1622 1552/963/1544
f 1591/964/1548 1592/963/1621 1608/965/1549
f 1548/957/1614 1550/960/1622 1563/959/1622 1523/958/1614
f 1547/964/1545 1526/966/1564 1525/967/1564 1524/965/1546
f 1603/969/1552 1571/970/1556 1590/968/1551
f 1520/948/1616 1521/947/1616 1561/944/1615 1519/945/1615
f 1529/951/1563 1530/950/1560 1554/949/1560 1555/952/1563
f 1598/940/1528 1579/1016/1618 1595/1015/1618 1589/941/1529
f 1567/953/1536 1587/956/1536 1586/948/1533 1566/947/1533
f 1535/940/1623 1534/939/1562 1533/942/1562 1544/941/1624
f 1551/1015/1625 1556/1016/1626 1535/940/1623 1544/941/1624
f 1551/1015/1625 1536/1014/1627 1557/1017/1628 1556/1016/1626
f 1536/1014/1627 1537/975/1565 1558/976/1566 1557/1017/1628
f 1582/961/1568 1581/975/1619 1580/976/1620
f 1582/961/1568 1580/976/1620 1601/977/1629
f 1582/961/1568 1601/977/1629 1602/943/1530
f 762/507/711 764/512/720 763/509/713 761/508/712
f 1582/961/1568 1583/962/1569 1581/975/1619
f 1584/979/1630 1593/978/1631 1585/980/1632
f 1584/979/1630 1585/980/1632 1581/981/1633
f 1584/979/1630 1581/981/1633 1583/982/1634
f 1584/979/1630 1583/982/1634 1565/983/1635
f 1584/979/1630 1565/983/1635 1564/984/1636
f 1584/979/1630 1564/984/1636 1586/985/1637
f 1584/979/1630 1586/985/1637 1587/986/1638
f 1584/979/1630 1587/986/1638 1568/987/1639
f 1584/979/1630 1568/987/1639 1594/988/1640
f 1588/989/1641 1584/979/1630 1594/988/1640
f 1593/991/1631 1589/990/1642 1595/992/1643
f 1584/979/1630 1573/983/1644 1576/982/1645
f 1584/979/1630 1576/982/1645 1577/981/1646
f 1584/979/1630 1577/981/1646 1589/980/1642
f 1584/979/1630 1572/984/1647 1573/983/1644
f 1584/979/1630 1590/985/1648 1572/984/1647
f 1584/979/1630 1570/986/1649 1590/985/1648
f 1584/979/1630 1591/987/1650 1570/986/1649
f 1584/979/1630 1592/988/1651 1591/987/1650
f 1584/979/1630 1588/989/1641 1592/988/1651
f 1593/978/1631 1584/979/1630 1589/980/1642
f 1588/991/1641 1594/990/1640 1596/992/1652
f 1593/991/1631 1595/992/1643 1585/990/1632
f 1588/991/1641 1596/992/1652 1592/990/1651
f 1597/994/1653 1598/993/1654 1578/995/1655
f 1597/994/1653 1578/995/1655 1575/996/1656
f 1597/994/1653 1575/996/1656 1574/997/1657
f 1597/994/1653 1574/997/1657 1599/998/1658
f 1597/994/1653 1599/998/1658 1571/999/1659
f 1597/994/1653 1579/1000/1660 1598/993/1654
f 1597/994/1653 1600/1001/1661 1579/1000/1660
f 1597/994/1653 1580/1002/1662 1600/1001/1661
f 1597/994/1653 1601/1003/1663 1580/1002/1662
f 1597/994/1653 1602/1004/1664 1601/1003/1663
f 1597/994/1653 1571/999/1659 1603/1005/1665
f 1597/994/1653 1604/1006/1666 1602/1004/1664
f 1597/994/1653 1566/1007/1667 1604/1006/1666
f 1597/994/1653 1567/1008/1668 1566/1007/1667
f 1597/994/1653 1605/1009/1669 1567/1008/1668
f 1597/994/1653 1606/1010/1670 1605/1009/1669
f 1597/994/1653 1607/1011/1671 1606/1010/1670
f 1597/994/1653 1608/1012/1672 1607/1011/1671
f 1597/994/1653 1569/1013/1673 1608/1012/1672
f 1597/994/1653 1603/1005/1665 1569/1013/1673
f 2124/1018/1674 2116/1019/1675 2118/1020/1676 2121/1021/1677
f 1909/1022/1678 1910/1023/1679 1907/1024/1680 1908/1025/1681
f 1629/937/1525 1888/1026/1682 1706/1027/1683 1627/938/1526
f 1899/1028/1684 1901/1029/1685 1900/1030/1686 1898/1031/1687
f 1896/1032/1688 1897/1033/1689 1895/1034/1690 1894/1035/1691
f 1895/1034/1690 1906/1036/1692 1893/1037/1693 1894/1035/1691
f 1905/1038/1694 1903/1039/1695 1902/1040/1696 1904/1041/1697
f 1906/1036/1692 1908/1025/1681 1907/1024/1680 1893/1037/1693
f 1896/1032/1688 1899/1028/1684 1898/1031/1687 1897/1033/1689
f 1911/938/1698 1912/935/1699 1910/1023/1679 1909/1022/1678
f 1913/937/1700 1914/936/1701 1912/935/1699 1911/938/1698
f 1913/937/1700 1916/1042/1702 1915/1043/1703 1914/936/1701
f 1916/1042/1702 1905/1044/1694 1904/1045/1697 1915/1043/1703
f 2173/1027/1704 1911/938/1698 1909/1022/1678 1990/1046/1705
f 1987/1047/1706 1906/1036/1692 1895/1034/1690 1985/1048/1707
f 1920/1049/1708 1919/1050/1709 1917/1051/1710 1918/1052/1711
f 1637/1053/1712 1633/1050/1713 1635/1051/1714
f 1638/1054/1715 1633/1050/1713 1637/1053/1712
f 1919/1050/1709 1924/1055/1716 1923/1056/1717 1922/1054/1718
f 1924/1055/1716 1926/1057/1719 1925/1058/1720 1923/1056/1717
f 1928/1059/1721 1927/1060/1722 1925/1058/1720 1926/1057/1719
f 1928/1059/1721 1930/1061/1723 1929/1062/1724 1927/1060/1722
f 1971/1063/1725 2083/1064/1726 2168/1065/1727 2167/1066/1728
f 1646/1061/1729 1647/1067/1730 1648/1068/1731
f 1982/1069/1732 2076/1070/1733 1924/1055/1716 1919/1050/1709
f 2141/1071/1734 2066/1072/1735 2145/1073/1736 2146/1074/1737
f 1934/1075/1738 1939/1076/1739 1929/1062/1724 1933/1077/1740
f 2071/1078/1741 1936/1079/1742 1934/1075/1738 1935/1080/1743
f 2141/1071/1734 2149/737/1175 2137/1081/1744 2139/1082/1745
f 1654/1076/1746 1653/1083/1747 1652/1079/1748
f 1654/1076/1746 1652/1079/1748 1650/1075/1749
f 1939/1076/1739 1941/1084/1750 1927/1060/1722 1929/1062/1724
f 1646/1061/1729 1648/1068/1731 1786/1085/1751
f 1786/1085/1751 1644/1059/1752 1646/1061/1729
f 1940/1086/1753 1941/1084/1750 1939/1076/1739 1937/1083/1754
f 1655/1086/1755 1781/1087/1756 1653/1083/1747
f 1941/1084/1750 1942/1088/1757 1925/1058/1720 1927/1060/1722
f 1673/1089/1758 1672/1090/1759 1668/1091/1760 1667/1092/1761
f 1941/1084/1750 1940/1086/1753 1943/1093/1762 1942/1088/1757
f 1953/1094/1763 1954/1095/1764 1952/1091/1765 1950/1096/1766
f 1879/1097/1767 1665/1098/1768 1671/1099/1769 1701/1100/1770
f 1658/1101/1771 1659/1093/1772 1661/1102/1773
f 1946/1103/1774 1922/1054/1718 1923/1056/1717 1944/1104/1775
f 1945/1102/1776 1947/1105/1777 1946/1103/1774 1944/1104/1775
f 2067/1106/1778 1947/1105/1777 1945/1102/1776 2069/1101/1779
f 1662/1103/1780 1664/1107/1781 1663/1105/1782
f 1921/1053/1783 1922/1054/1718 1946/1103/1774 1948/1107/1784
f 1665/1098/1768 1664/1107/1781 1637/1053/1712
f 1634/1052/1785 1698/1108/1786 1667/1092/1761 1635/1051/1714
f 1633/1050/1713 1636/1049/1787 1634/1052/1785 1635/1051/1714
f 1889/1109/1788 1671/1099/1769 1669/1094/1789 1891/1110/1790
f 1736/1111/1791 1741/1112/1792 1735/1113/1793 1733/1114/1794
f 1956/1090/1795 1957/1089/1796 1951/1092/1797 1952/1091/1765
f 1960/1115/1798 2088/1116/1799 1957/1089/1796 1956/1090/1795
f 2088/1116/1799 1959/1117/1800 1958/1118/1801 1957/1089/1796
f 1887/1119/1802 1700/1120/1803 1670/1095/1804 1884/1121/1805
f 1958/1118/1801 1963/1122/1806 1962/1123/1807 1961/1124/1808
f 1679/1122/1809 1799/1117/1810 1675/1118/1811
f 1964/1125/1812 1965/1126/1813 1963/1122/1806 1959/1117/1800
f 1962/1123/1807 1963/1122/1806 1965/1126/1813 1966/1127/1814
f 1965/1126/1813 1968/1128/1815 1967/1129/1816 1966/1127/1814
f 1681/1126/1817 1684/1128/1818 1680/1125/1819
f 1641/1058/1820 1642/1057/1821 1640/1055/1822 1639/1056/1823
f 2025/1130/1824 2032/1131/1825 2021/1114/1826 2024/1111/1827
f 1918/1052/1711 1983/1108/1828 1961/1124/1808 1980/1132/1829
f 1701/1100/1770 1703/1133/1830 1726/1134/1831 1879/1097/1767
f 2162/1135/1832 1947/1105/1777 2144/1136/1833 2159/1137/1834
f 1718/1138/1835 1746/1139/1836 1731/1140/1837 1717/1141/1838
f 1974/1142/1839 1979/1143/1840 1978/1144/1841 1977/1145/1842
f 1695/1143/1843 1691/1146/1844 1690/1142/1845
f 1961/1124/1808 1983/1108/1828 1957/1089/1796 1958/1118/1801
f 1694/1144/1846 1693/1145/1847 1697/1147/1848
f 1980/1132/1829 1961/1124/1808 1962/1123/1807 1976/1148/1849
f 1982/1069/1732 1920/1049/1708 1981/1147/1850 1978/1144/1841
f 1918/1052/1711 1980/1132/1829 1981/1147/1850 1920/1049/1708
f 1973/1149/1851 1976/1148/1849 1962/1123/1807 1966/1127/1814
f 1673/1089/1758 1667/1092/1761 1698/1108/1786
f 1792/1069/1852 1636/1049/1787 1633/1050/1713
f 1971/1063/1725 2167/1066/1728 1975/1146/1853 1972/1150/1854
f 1983/1108/1828 1918/1052/1711 1917/1051/1710 1951/1092/1797
f 1642/1057/1821 1699/1070/1855 1640/1055/1822
f 2076/1070/1733 2074/1085/1856 1928/1059/1721 1926/1057/1719
f 1955/1099/1857 1985/1109/1707 1984/1110/1858 1953/1094/1763
f 2010/1151/1859 2161/1152/1860 2160/1153/1861 2156/1154/1862
f 1989/1133/1863 1988/1155/1864 1987/1156/1706 1986/1100/1865
f 2163/1157/1866 2014/1134/1867 2165/1097/1868 2164/1158/1869
f 1639/1056/1823 1640/1055/1822 1633/1050/1713 1638/1054/1715
f 1991/1159/1870 2166/1160/1871 1993/1161/1872 1992/1162/1873
f 1996/1163/1874 2122/1164/1875 1992/1162/1873 1993/1161/1872
f 1991/1159/1870 1992/1162/1873 2173/1165/1704 1990/1166/1705
f 1817/1167/1876 1710/1168/1877 1837/1163/1878
f 1817/1167/1876 1762/1169/1879 1711/1170/1880
f 2035/1171/1881 1999/1169/1882 1998/1170/1883 2000/1172/1884
f 2002/1173/1885 2000/1172/1884 1998/1170/1883 2001/1174/1886
f 1974/1142/1839 1977/1145/1842 1976/1148/1849 1973/1149/1851
f 1656/1084/1887 1654/1076/1746 1645/1062/1888 1643/1060/1889
f 2002/1173/1885 2008/1175/1890 2007/1176/1891 2004/1177/1892
f 2007/1176/1891 2009/1178/1893 2005/1141/1894 2004/1177/1892
f 2010/1151/1859 2011/1179/1895 2009/1178/1893 2007/1176/1891
f 1719/1176/1896 1722/1151/1897 1720/1175/1898
f 2013/1180/1899 2011/1179/1895 2010/1151/1859 2012/1181/1900
f 2063/1182/1901 2151/1183/1902 2147/1184/1903 2148/1185/1904
f 1727/1186/1905 1713/1174/1906 1726/1134/1831
f 1703/1133/1830 1727/1186/1905 1726/1134/1831
f 1683/1129/1907 1684/1128/1818 1681/1126/1817 1682/1127/1908
f 1729/1187/1909 1725/1180/1910 1723/1179/1911
f 2017/1187/1912 2022/1188/1913 2018/1189/1914 2016/1190/1915
f 1971/1063/1725 1972/1150/1854 1967/1129/1816 1970/1191/1916
f 2034/1139/1917 2006/1138/1918 2005/1141/1894 2019/1140/1919
f 2019/1140/1919 2005/1141/1894 2009/1178/1893 2016/1190/1915
f 2021/1114/1826 2032/1131/1825 2020/1192/1920 2018/1189/1914
f 2011/1179/1895 2017/1187/1912 2016/1190/1915 2009/1178/1893
f 1729/1187/1909 1734/1188/1921 1725/1180/1910
f 2023/1113/1922 2029/1112/1923 2024/1111/1827 2021/1114/1826
f 1662/1103/1780 1663/1105/1782 1661/1102/1773 1660/1104/1924
f 1796/1193/1925 1686/1191/1926 1687/1063/1927 1795/1064/1928
f 1737/1130/1929 1739/1194/1930 1761/1195/1931
f 1740/1196/1932 1761/1195/1931 1739/1194/1930
f 1738/1197/1933 1741/1112/1792 1736/1111/1791
f 1742/1198/1934 1741/1112/1792 1738/1197/1933
f 2023/1113/1922 2051/1199/1935 2053/1198/1936 2029/1112/1923
f 1721/1178/1937 1723/1179/1911 1722/1151/1897 1719/1176/1896
f 2025/1130/1824 2027/1194/1938 2030/1200/1939 2032/1131/1825
f 1766/1199/1940 1734/1188/1921 1735/1113/1793
f 2033/1201/1941 2020/1192/1920 2032/1131/1825 2030/1200/1939
f 1745/1201/1942 1759/1202/1943 1743/1200/1944
f 2002/1173/1885 2004/1177/1892 2003/1203/1945 2000/1172/1884
f 1762/1169/1879 1747/1171/1946 1712/1172/1947 1711/1170/1880
f 1757/1204/1948 1746/1139/1836 1718/1138/1835
f 1643/1060/1889 1644/1059/1752 1642/1057/1821 1641/1058/1820
f 1715/1203/1949 1712/1172/1947 1747/1171/1946
f 1725/1180/1910 1734/1188/1921 1766/1199/1940
f 1748/1205/1950 1749/1206/1951 1750/1207/1952
f 2042/1208/1953 2036/1206/1954 2038/1207/1955 2039/1209/1956
f 2041/1210/1957 2040/1211/1958 2039/1209/1956 2038/1207/1955
f 2044/1212/1959 2042/1208/1953 2039/1209/1956 2043/1213/1960
f 2040/1211/1958 2102/1214/1961 2043/1213/1960 2039/1209/1956
f 1802/1215/1962 1803/1216/1963 1885/1217/1964 1676/1218/1965
f 1794/1219/1966 1695/1220/1843 1694/1221/1846 1793/1222/1967
f 2031/1223/1968 2047/1224/1969 2046/1225/1970 2045/1226/1971
f 1759/1223/1943 1760/1224/1972 1740/1227/1932
f 1761/1228/1931 1740/1227/1932 1760/1224/1972
f 2046/1225/1970 2049/1229/1973 2048/1230/1974 2044/1212/1959
f 1754/1208/1975 1763/1230/1976 1756/1212/1977
f 1787/1231/1978 1785/1232/1979 1782/1233/1980 1780/1234/1981
f 2037/1205/1982 2036/1206/1954 2055/1235/1983 2056/1236/1984
f 2064/1237/1985 2060/1238/1986 2055/1235/1983 2012/1239/1900
f 2043/1213/1960 1999/1240/1882 2035/1241/1881 2044/1212/1959
f 1765/1242/1987 1742/1243/1934 1738/1244/1933
f 1765/1242/1987 1766/1245/1940 1742/1243/1934
f 1767/1246/1988 1724/1239/1989 1763/1230/1976
f 1767/1246/1988 1768/1235/1990 1724/1239/1989
f 1768/1235/1990 1767/1246/1988 1749/1206/1951
f 1790/1247/1991 1791/1248/1992 1788/1249/1993 1789/1250/1994
f 2057/1251/1995 2058/1252/1996 2037/1205/1982 2056/1236/1984
f 2055/1235/1983 2060/1238/1986 2059/1253/1997 2056/1236/1984
f 2097/1254/1998 2096/1255/1999 2093/1256/2000 2092/1257/2001
f 2061/1258/2002 2062/1259/2003 2059/1253/1997 2060/1238/1986
f 1749/1206/1951 1767/1246/1988 1754/1208/1975
f 2064/1237/1985 2063/1260/1901 2061/1258/2002 2060/1238/1986
f 2148/1261/1904 2145/1262/1736 2061/1258/2002 2063/1260/1901
f 2062/1259/2003 2140/1263/2004 2065/1264/2005 2059/1253/1997
f 2094/1265/2006 2038/1207/1955 2037/1205/1982 2058/1252/1996
f 2046/1225/1970 2047/1224/1969 2050/1242/2007 2049/1229/1973
f 2103/1266/2008 1994/1267/2009 2101/1268/2010 2100/1269/2011
f 1779/1270/2012 1769/1236/2013 1770/1251/2014
f 2067/1270/1778 2069/1271/1779 2068/1234/2015 2057/1251/1995
f 1938/1272/2016 2070/1233/2017 2068/1234/2015 2069/1271/1779
f 1651/1273/2018 1781/1272/1756 1782/1233/1980
f 1783/1274/2019 1651/1273/2018 1782/1233/1980
f 2070/1233/2017 1935/1274/1743 2072/1275/2020 2073/1232/2021
f 1648/1276/1731 1784/1275/2022 1785/1232/1979
f 1648/1276/1731 1785/1232/1979 1786/1277/1751
f 1782/1233/1980 1785/1232/1979 1784/1275/2022 1783/1274/2019
f 2074/1277/1856 2076/1278/1733 2075/1231/2023 2073/1232/2021
f 2070/1233/2017 2073/1232/2021 2075/1231/2023 2068/1234/2015
f 2078/1250/2024 2058/1252/1996 2057/1251/1995 2077/1249/2025
f 2077/1249/2025 2080/1248/2026 2079/1247/2027 2078/1250/2024
f 1788/1249/1993 1791/1248/1992 1792/1279/1852
f 2094/1265/2006 2093/1256/2000 2096/1255/1999 2095/1280/2028
f 2081/1222/2029 2080/1248/2026 1982/1279/1732 1978/1221/1841
f 1979/1220/1840 2082/1219/2030 2081/1222/2029 1978/1221/1841
f 1695/1220/1843 1794/1219/1966 1882/1281/2031
f 1795/1282/1928 1882/1281/2031 1794/1219/1966
f 1748/1205/1950 1771/1252/2032 1770/1251/2014 1769/1236/2013
f 1790/1247/1991 1789/1250/1994 1805/1256/2033 1804/1257/2034
f 1798/1283/2035 1796/1284/1925 1797/1285/2036
f 1797/1285/2036 1680/1286/1819 1798/1283/2035
f 1959/1287/1800 2087/1288/2037 2085/1285/2038 1964/1286/1812
f 1772/1253/2039 1775/1259/2040 1774/1258/2041 1773/1238/2042
f 2061/1258/2002 2145/1262/1736 2066/1289/1735 2062/1259/2003
f 1752/1211/2043 1753/1210/2044 1750/1207/1952 1751/1209/2045
f 2079/1247/2027 2080/1248/2026 2089/1290/2046 2090/1215/2047
f 2171/1217/2048 2091/1216/2049 2090/1215/2047 1960/1218/1798
f 2090/1215/2047 2091/1216/2049 2092/1257/2001 2079/1247/2027
f 2078/1250/2024 2079/1247/2027 2092/1257/2001 2093/1256/2000
f 2058/1252/1996 2078/1250/2024 2093/1256/2000 2094/1265/2006
f 1789/1250/1994 1771/1252/2032 1806/1265/2050 1805/1256/2033
f 1806/1265/2050 1750/1207/1952 1753/1210/2044
f 1806/1265/2050 1753/1210/2044 1807/1280/2051
f 1755/1213/2052 1815/1214/2053 1752/1211/2043 1751/1209/2045
f 1780/1234/1981 1658/1271/1771 1779/1270/2012 1770/1251/2014
f 1809/1254/2054 1886/1291/2055 1804/1257/2034
f 1886/1291/2055 1803/1216/1963 1804/1257/2034
f 1885/1217/1964 1803/1216/1963 1886/1291/2055
f 1807/1280/2051 1810/1292/2056 1808/1255/2057
f 2099/1293/2058 2176/1292/2059 2096/1255/1999 2097/1254/1998
f 1886/1291/2055 1809/1254/2054 1892/1293/2060
f 2176/1292/2059 2103/1266/2008 2100/1269/2011 2095/1280/2028
f 1811/1269/2061 1807/1280/2051 1753/1210/2044
f 2040/1211/1958 2041/1210/1957 2100/1269/2011 2101/1268/2010
f 1801/1290/2062 1791/1248/1992 1790/1247/1991 1802/1215/1962
f 2087/1288/2037 2089/1290/2046 2080/1248/2026 2081/1222/2029
f 1791/1248/1992 1793/1222/1967 1694/1221/1846 1792/1279/1852
f 1813/1294/2063 1752/1211/2043 1815/1214/2053
f 1888/1295/1682 1816/1266/2064 1709/1267/2065
f 2136/1296/2066 1999/1240/1882 2043/1213/1960 2102/1214/1961
f 2107/1297/2067 2105/1298/2068 2106/1299/2069 2104/1300/2070
f 2115/1301/2071 2117/1302/2072 2116/1019/1675 2108/1303/2073
f 1819/1299/2074 1818/1300/2075 1824/1304/2076
f 2112/1305/2077 2109/1306/2078 2104/1300/2070 2110/1304/2079
f 1819/1299/2074 1824/1304/2076 1825/1307/2080
f 2104/1300/2070 2109/1306/2078 2108/1303/2073 2107/1297/2067
f 1828/1301/2081 1841/1308/2082 1823/1306/2083 1822/1303/2084
f 1820/1298/2085 1819/1299/2074 1849/1309/2086
f 2128/1308/2087 2115/1301/2071 2108/1303/2073 2109/1306/2078
f 2113/1309/2088 2114/1310/2089 2111/1307/2090 2106/1299/2069
f 2114/1310/2089 2120/1311/2091 2129/1312/2092 2111/1307/2090
f 1841/1308/2082 1826/1305/2093 1823/1306/2083
f 2117/1302/2072 2119/1313/2094 2118/1020/1676 2116/1019/1675
f 1820/1298/2085 1821/1297/2095 1818/1300/2075 1819/1299/2074
f 1833/1312/2096 1826/1305/2093 1841/1308/2082
f 1823/1306/2083 1826/1305/2093 1824/1304/2076 1818/1300/2075
f 1995/1314/2097 2122/1315/1875 2121/1021/1677 2118/1020/1676
f 1838/1316/2098 1848/1317/2099 1817/1318/1876 1837/1319/1878
f 2136/1318/2066 2135/1317/2100 2123/1316/2101 1996/1319/1874
f 2123/1316/2101 2125/1320/2102 2124/1018/1674 2121/1021/1677
f 1821/1297/2095 1820/1298/2085 1840/1320/2103 1839/1018/2104
f 1840/1320/2103 1838/1316/2098 1835/1021/2105 1839/1018/2104
f 2125/1320/2102 2105/1298/2068 2107/1297/2067 2124/1018/1674
f 1840/1320/2103 1820/1298/2085 1847/1321/2106
f 1847/1321/2106 1820/1298/2085 1849/1309/2086
f 1831/1322/2107 1832/1323/2108 1813/1324/2063 1843/1325/2109
f 1842/1326/2110 1841/1327/2082 1828/1328/2081
f 1828/1328/2081 1843/1325/2109 1842/1326/2110
f 2114/1329/2089 2131/1330/2111 2127/1326/2112 2120/1331/2091
f 1847/1332/2106 1849/1333/2086 1844/1330/2113 1845/1334/2114
f 2129/1335/2092 2120/1331/2091 2127/1326/2112 2128/1327/2087
f 2133/1324/2115 2134/1323/2116 2119/1322/2094 2130/1325/2117
f 1843/1325/2109 1846/1336/2118 1831/1322/2107
f 1828/1328/2081 1846/1336/2118 1843/1325/2109
f 2131/1330/2111 2113/1333/2088 2126/1332/2119 2132/1334/2120
f 1845/1334/2114 1848/1337/2099 1847/1332/2106
f 1844/1330/2113 1849/1333/2086 1827/1329/2121
f 2136/1338/2066 2102/1339/1961 2132/1334/2120 2135/1337/2100
f 2137/1081/1744 2140/1340/2004 2138/1341/2122 2139/1082/1745
f 1854/1072/2123 1852/1341/2124 1853/1082/2125
f 1854/1072/2123 1853/1082/2125 1855/1071/2126
f 2175/1119/2127 2099/1342/2058 2098/1343/2128 2170/1121/2129
f 1850/1340/2130 1856/1344/2131 1851/1081/2132
f 2142/1344/2133 2143/1345/2134 2065/1346/2005 2140/1340/2004
f 1858/1345/2135 1857/1346/2136 1859/1136/2137
f 1943/1093/1762 1940/1086/1753 1938/1087/2016 2069/1101/1779
f 1717/1141/1838 1721/1178/1937 1719/1176/1896 1716/1177/2138
f 2145/1073/1736 2148/1185/1904 2147/1184/1903 2146/1074/1737
f 2150/734/1172 2149/737/1175 2141/1071/1734 2146/1074/1737
f 1766/1199/1940 1735/1113/1793 1741/1112/1792 1742/1198/1934
f 1861/1184/2139 1860/1074/2140 1863/734/2141
f 1969/1347/2142 1970/1191/1916 1967/1129/1816 1968/1128/1815
f 1861/1184/2139 1863/734/2141 1864/1183/2143
f 1865/1182/2144 1864/1183/2143 1866/1348/2145
f 2152/1348/2146 2154/735/1173 2150/734/1172 2151/1183/1902
f 1678/1123/2147 1677/1124/2148 1696/1132/2149 1692/1148/2150
f 2158/1349/2151 2143/1345/2134 2142/1344/2133 2153/736/1174
f 2155/1350/2152 2152/1348/2146 2063/1182/1901 2064/1351/1985
f 1679/1122/1809 1675/1118/1811 1677/1124/2148 1678/1123/2147
f 1870/1154/2153 1778/1351/2154 1869/1350/2155
f 2156/1154/1862 2160/1153/1861 2157/1352/2156 2155/1350/2152
f 1862/737/2157 1863/734/2141 1860/1074/2140 1855/1071/2126
f 2156/1154/1862 2064/1351/1985 2012/1181/1900 2010/1151/1859
f 2158/1349/2151 2159/1137/1834 2144/1136/1833 2143/1345/2134
f 2157/1352/2156 2160/1153/1861 2159/1137/1834 2158/1349/2151
f 2019/1140/1919 2020/1192/1920 2033/1201/1941 2034/1139/1917
f 1674/1116/2158 1676/1115/1965 1672/1090/1759 1673/1089/1758
f 2160/1153/1861 2161/1152/1860 2162/1135/1832 2159/1137/1834
f 1722/1151/1897 1875/1152/2159 1877/1157/2160
f 2028/1196/2161 2031/1202/1968 2030/1200/1939 2027/1194/1938
f 1722/1151/1897 1877/1157/2160 1720/1175/1898
f 1726/1134/1831 1720/1175/1898 1877/1157/2160
f 1876/1135/2162 1663/1105/1782 1878/1158/2163
f 1878/1158/2163 1663/1105/1782 1664/1107/1781
f 2165/1097/1868 1949/1098/2164 1948/1107/1784 2164/1158/1869
f 1931/1067/2165 1933/1077/1740 1929/1062/1724 1930/1061/1723
f 2014/1134/1867 1989/1133/1863 1986/1100/1865 2165/1097/1868
f 1949/1098/2164 2165/1097/1868 1986/1100/1865 1955/1099/1857
f 1727/1186/1905 1703/1133/1830 1880/1160/2166
f 1880/1160/2166 1710/1168/1877 1727/1186/1905
f 1705/1159/2167 1880/1160/2166 1703/1133/1830
f 2166/1160/1871 1997/1168/2168 1996/1163/1874 1993/1161/1872
f 1858/1345/2135 1856/1344/2131 1850/1340/2130 1857/1346/2136
f 1713/1174/1906 1727/1186/1905 1711/1170/1880
f 2071/1078/1741 1938/1087/2016 1937/1083/1754 1936/1079/1742
f 2167/1066/1728 2168/1065/1727 1979/1143/1840 1975/1146/1853
f 1723/1179/1911 1725/1180/1910 1724/1181/1989 1722/1151/1897
f 1971/1063/1725 1970/1191/1916 2084/1193/2169 2083/1064/1726
f 1796/1193/1925 1685/1347/2170 1686/1191/1926
f 1798/1353/2035 1685/1347/2170 1796/1193/1925
f 1968/1128/1815 1964/1125/1812 2086/1353/2171 1969/1347/2142
f 1668/1091/1760 1883/1354/2172 1670/1095/1804
f 2170/1121/2129 2171/1355/2048 2169/1354/2173 1954/1095/1764
f 2171/1355/2048 1960/1115/1798 1956/1090/1795 2169/1354/2173
f 1668/1091/1760 1672/1090/1759 1883/1354/2172
f 1885/1355/1964 1886/1343/2055 1884/1121/1805
f 1954/1095/1764 2174/1120/2174 2175/1119/2127 2170/1121/2129
f 1776/1185/2175 1777/1073/2176 1860/1074/2140 1861/1184/2139
f 2174/1120/2174 1954/1095/1764 1953/1094/1763 1984/1110/1858
f 1873/1137/2177 1872/1349/2178 1858/1345/2135 1859/1136/2137
f 1763/1230/1976 1754/1208/1975 1767/1246/1988
f 2172/1026/2179 2103/1356/2008 1916/1042/1702 1913/937/1700
f 1625/1022/2180 1704/1046/2181 1890/1357/2182 1624/1025/2183
f 1988/1357/1864 1990/1046/1705 1909/1022/1678 1908/1025/1681
f 1889/1048/1788 1891/1358/1790 1613/1033/2184 1611/1034/2185
f 2173/1027/1704 2172/1026/2179 1913/937/1700 1911/938/1698
f 1984/1358/1858 1985/1048/1707 1895/1034/1690 1897/1033/1689
f 1898/1031/1687 2174/1359/2174 1984/1358/1858 1897/1033/1689
f 2176/1360/2059 1905/1044/1694 1916/1042/1702 2103/1356/2008
f 2176/1361/2059 2099/1362/2058 1903/1039/1695 1905/1038/1694
f 1887/1363/1802 1616/1030/2186 1614/1031/2187 1700/1359/1803
f 1609/1037/2188 1622/1036/2189 1611/1034/2185 1610/1035/2190
f 1611/1034/2185 1613/1033/2184 1612/1032/2191 1610/1035/2190
f 1614/1031/2187 1615/1028/2192 1612/1032/2191 1613/1033/2184
f 1616/1030/2186 1617/1029/2193 1615/1028/2192 1614/1031/2187
f 1616/1030/2186 1619/1039/2194 1618/1040/2195 1617/1029/2193
f 1626/1023/2196 1628/935/1523 1627/938/1526 1625/1022/2180
f 1620/1045/2197 1621/1044/2198 1632/1042/2199 1631/1043/2200
f 1623/1024/2201 1626/1023/2196 1625/1022/2180 1624/1025/2183
f 1623/1024/2201 1624/1025/2183 1622/1036/2189 1609/1037/2188
f 1619/1039/2194 1621/1038/2198 1620/1041/2197 1618/1040/2195
f 1903/1039/1695 1900/1030/1686 1901/1029/1685 1902/1040/1696
f 1631/1043/2200 1632/1042/2199 1629/937/1525 1630/936/1524
f 1888/1026/1682 1629/937/1525 1632/1042/2199 1816/1356/2064
f 1632/1042/2199 1621/1044/2198 1810/1360/2056 1816/1356/2064
f 1947/1105/1777 2067/1106/1778 2065/1346/2005 2144/1136/1833
f 1919/1050/1709 1921/1053/1783 1917/1051/1710
f 1919/1050/1709 1922/1054/1718 1921/1053/1783
f 1645/1062/1888 1646/1061/1729 1644/1059/1752 1643/1060/1889
f 1739/1194/1930 1737/1130/1929 1744/1131/2202 1743/1200/1944
f 1882/1065/2031 1881/1066/2203 1691/1146/1844 1695/1143/1843
f 2172/1364/2179 2173/1165/1704 1992/1162/1873 1994/1365/2009
f 1645/1062/1888 1649/1077/2204 1647/1067/1730 1646/1061/1729
f 1931/1067/2165 1930/1061/1723 1932/1068/2205
f 1647/1067/1730 1649/1077/2204 1784/1366/2022 1648/1068/1731
f 1650/1075/1749 1783/1080/2019 1784/1366/2022 1649/1077/2204
f 2018/1189/1914 2020/1192/1920 2019/1140/1919 2016/1190/1915
f 1712/1172/1947 1714/1173/2206 1713/1174/1906 1711/1170/1880
f 1653/1083/1747 1781/1087/1756 1651/1078/2018 1652/1079/1748
f 1937/1083/1754 1939/1076/1739 1936/1079/1742
f 1934/1075/1738 1936/1079/1742 1939/1076/1739
f 1719/1176/1896 1720/1175/1898 1714/1173/2206 1716/1177/2138
f 1932/1068/2205 1930/1061/1723 2074/1085/1856
f 1928/1059/1721 2074/1085/1856 1930/1061/1723
f 2022/1188/1913 2023/1113/1922 2021/1114/1826 2018/1189/1914
f 1938/1087/2016 1940/1086/1753 1937/1083/1754
f 1863/734/2141 1868/735/2207 1866/1348/2145 1864/1183/2143
f 1658/1101/1771 1781/1087/1756 1655/1086/1755 1659/1093/1772
f 1995/1367/2097 1994/1365/2009 1992/1162/1873 2122/1164/1875
f 1660/1104/1924 1661/1102/1773 1659/1093/1772 1657/1088/2208
f 1641/1058/1820 1639/1056/1823 1660/1104/1924 1657/1088/2208
f 1943/1093/1762 2069/1101/1779 1945/1102/1776
f 1972/1150/1854 1973/1149/1851 1966/1127/1814 1967/1129/1816
f 2072/1366/2020 1935/1080/1743 1934/1075/1738 1933/1077/1740
f 2072/1366/2020 1933/1077/1740 1931/1067/2165 1932/1068/2205
f 1948/1107/1784 1946/1103/1774 1947/1105/1777
f 1799/1117/1810 1679/1122/1809 1681/1126/1817 1680/1125/1819
f 1948/1107/1784 1949/1098/2164 1921/1053/1783
f 1637/1053/1712 1635/1051/1714 1666/1096/2209 1665/1098/1768
f 1668/1091/1760 1666/1096/2209 1635/1051/1714 1667/1092/1761
f 1668/1091/1760 1670/1095/1804 1669/1094/1789 1666/1096/2209
f 1669/1094/1789 1671/1099/1769 1665/1098/1768 1666/1096/2209
f 2034/1139/1917 2033/1201/1941 2031/1202/1968 2045/1204/1971
f 1977/1145/1842 1981/1147/1850 1980/1132/1829 1976/1148/1849
f 1890/1155/2182 1703/1133/1830 1701/1100/1770 1702/1156/2210
f 1673/1089/1758 1698/1108/1786 1677/1124/2148 1675/1118/1811
f 1700/1120/1803 1891/1110/1790 1669/1094/1789 1670/1095/1804
f 1959/1117/1800 1963/1122/1806 1958/1118/1801
f 2149/737/1175 2153/736/1174 2142/1344/2133 2137/1081/1744
f 1874/1153/2211 1870/1154/2153 1869/1350/2155 1871/1352/2212
f 1949/1098/2164 1955/1099/1857 1953/1094/1763 1950/1096/1766
f 1968/1128/1815 1965/1126/1813 1964/1125/1812
f 1686/1191/1926 1685/1347/2170 1684/1128/1818 1683/1129/1907
f 1683/1129/1907 1688/1150/2213 1687/1063/1927 1686/1191/1926
f 1689/1149/2214 1688/1150/2213 1683/1129/1907 1682/1127/1908
f 1692/1148/2150 1689/1149/2214 1682/1127/1908 1678/1123/2147
f 1690/1142/1845 1691/1146/1844 1688/1150/2213 1689/1149/2214
f 1692/1148/2150 1693/1145/1847 1690/1142/1845 1689/1149/2214
f 1675/1118/1811 1799/1117/1810 1674/1116/2158 1673/1089/1758
f 1975/1146/1853 1979/1143/1840 1974/1142/1839
f 1696/1132/2149 1697/1147/1848 1693/1145/1847 1692/1148/2150
f 1977/1145/1842 1978/1144/1841 1981/1147/1850
f 1744/1131/2202 1733/1114/1794 1730/1189/2215 1732/1192/2216
f 1836/1164/2217 1837/1163/1878 1708/1161/2218 1707/1162/2219
f 1654/1076/1746 1656/1084/1887 1655/1086/1755 1653/1083/1747
f 1677/1124/2148 1698/1108/1786 1634/1052/1785 1696/1132/2149
f 1951/1092/1797 1957/1089/1796 1983/1108/1828
f 1920/1049/1708 1982/1069/1732 1919/1050/1709
f 1640/1055/1822 1699/1070/1855 1792/1069/1852 1633/1050/1713
f 1644/1059/1752 1786/1085/1751 1699/1070/1855 1642/1057/1821
f 2076/1070/1733 1926/1057/1719 1924/1055/1716
f 1950/1096/1766 1952/1091/1765 1951/1092/1797 1917/1051/1710
f 1943/1093/1762 1945/1102/1776 1944/1104/1775 1942/1088/1757
f 1651/1078/2018 1783/1080/2019 1650/1075/1749 1652/1079/1748
f 1702/1156/2210 1701/1100/1770 1671/1099/1769 1889/1109/1788
f 1866/1348/2145 1869/1350/2155 1778/1351/2154 1865/1182/2144
f 1703/1133/1830 1890/1155/2182 1704/1166/2181 1705/1159/2167
f 1707/1162/2219 1705/1159/2167 1704/1166/2181 1706/1165/1683
f 2075/1231/2023 2077/1249/2025 2057/1251/1995 2068/1234/2015
f 1883/1354/2172 1885/1355/1964 1884/1121/1805 1670/1095/1804
f 1709/1365/2065 1814/1367/2220 1836/1164/2217 1707/1162/2219
f 1989/1133/1863 1991/1159/1870 1990/1166/1705 1988/1155/1864
f 1997/1168/2168 2136/1167/2066 1996/1163/1874
f 1998/1170/1883 1999/1169/1882 2136/1167/2066
f 1697/1147/1848 1636/1049/1787 1792/1069/1852 1694/1144/1846
f 1634/1052/1785 1636/1049/1787 1697/1147/1848 1696/1132/2149
f 1715/1203/1949 1716/1177/2138 1714/1173/2206 1712/1172/1947
f 1715/1203/1949 1718/1138/1835 1717/1141/1838 1716/1177/2138
f 1657/1088/2208 1656/1084/1887 1643/1060/1889 1641/1058/1820
f 2052/1197/2221 2026/1195/2222 2025/1130/1824 2024/1111/1827
f 1679/1122/1809 1678/1123/2147 1682/1127/1908 1681/1126/1817
f 2010/1151/1859 2007/1176/1891 2008/1175/1890
f 1880/1160/2166 1705/1159/2167 1707/1162/2219 1708/1161/2218
f 1726/1134/1831 1713/1174/1906 1714/1173/2206 1720/1175/1898
f 2001/1174/1886 2015/1186/2223 2014/1134/1867
f 2014/1134/1867 2015/1186/2223 1989/1133/1863
f 1729/1187/1909 1723/1179/1911 1721/1178/1937 1728/1190/2224
f 2013/1180/1899 2017/1187/1912 2011/1179/1895
f 1638/1054/1715 1637/1053/1712 1664/1107/1781 1662/1103/1780
f 1731/1140/1837 1732/1192/2216 1730/1189/2215 1728/1190/2224
f 2163/1157/1866 2164/1158/1869 2162/1135/1832 2161/1152/1860
f 2005/1141/1894 2006/1138/1918 2003/1203/1945 2004/1177/1892
f 2158/1349/2151 2153/736/1174 2154/735/1173 2157/1352/2156
f 1733/1114/1794 1735/1113/1793 1734/1188/1921 1730/1189/2215
f 2022/1188/1913 2017/1187/1912 2013/1180/1899
f 1732/1192/2216 1745/1201/1942 1743/1200/1944 1744/1131/2202
f 1733/1114/1794 1744/1131/2202 1737/1130/1929 1736/1111/1791
f 1737/1130/1929 1761/1195/1931 1738/1197/1933 1736/1111/1791
f 2026/1195/2222 2027/1194/1938 2025/1130/1824
f 2026/1195/2222 2028/1196/2161 2027/1194/1938
f 2029/1112/1923 2052/1197/2221 2024/1111/1827
f 2029/1112/1923 2053/1198/1936 2052/1197/2221
f 1655/1086/1755 1656/1084/1887 1657/1088/2208 1659/1093/1772
f 1743/1200/1944 1759/1202/1943 1740/1196/1932 1739/1194/1930
f 1950/1096/1766 1917/1051/1710 1921/1053/1783 1949/1098/2164
f 2022/1188/1913 2051/1199/1935 2023/1113/1922
f 1858/1345/2135 1872/1349/2178 1867/736/2225 1856/1344/2131
f 2031/1202/1968 2033/1201/1941 2030/1200/1939
f 1732/1192/2216 1731/1140/1837 1746/1139/1836 1745/1201/1942
f 1745/1201/1942 1746/1139/1836 1757/1204/1948 1759/1202/1943
f 2034/1139/1917 2045/1204/1971 2006/1138/1918
f 1747/1171/1946 1757/1204/1948 1718/1138/1835 1715/1203/1949
f 2000/1172/1884 2003/1203/1945 2035/1171/1881
f 2013/1180/1899 2051/1199/1935 2022/1188/1913
f 2036/1206/1954 2037/1205/1982 2038/1207/1955
f 1808/1255/2057 1810/1292/2056 1892/1293/2060 1809/1254/2054
f 1799/1287/1810 1680/1286/1819 1797/1285/2036 1800/1288/2226
f 1762/1240/1879 1817/1296/1876 1815/1214/2053 1755/1213/2052
f 2012/1239/1900 2048/1230/1974 2049/1229/1973 2013/1368/1899
f 1747/1241/1946 1762/1240/1879 1755/1213/2052 1756/1212/1977
f 1757/1226/1948 1747/1241/1946 1756/1212/1977 1758/1225/2227
f 1770/1251/2014 1771/1252/2032 1789/1250/1994 1788/1249/1993
f 2028/1227/2161 2047/1224/1969 2031/1223/1968
f 2047/1224/1969 2028/1227/2161 2026/1228/2222
f 2087/1288/2037 2081/1222/2029 2082/1219/2030 2085/1285/2038
f 2048/1230/1974 2042/1208/1953 2044/1212/1959
f 1760/1224/1972 1758/1225/2227 1764/1229/2228 1765/1242/1987
f 1763/1230/1976 1724/1239/1989 1725/1368/1910 1764/1229/2228
f 1764/1229/2228 1725/1368/1910 1766/1245/1940 1765/1242/1987
f 1738/1244/1933 1761/1228/1931 1760/1224/1972 1765/1242/1987
f 2052/1244/2221 2053/1243/1936 2050/1242/2007
f 2051/1245/1935 2050/1242/2007 2053/1243/1936
f 2012/1239/1900 2054/1246/2229 2048/1230/1974
f 2055/1235/1983 2054/1246/2229 2012/1239/1900
f 2054/1246/2229 2055/1235/1983 2036/1206/1954
f 1749/1206/1951 1748/1205/1950 1769/1236/2013 1768/1235/1990
f 2044/1212/1959 2035/1241/1881 2045/1226/1971 2046/1225/1970
f 1763/1230/1976 1764/1229/2228 1758/1225/2227 1756/1212/1977
f 1773/1238/2042 1778/1237/2154 1724/1239/1989 1768/1235/1990
f 1857/1264/2136 1850/1263/2130 1775/1259/2040 1772/1253/2039
f 2054/1246/2229 2036/1206/1954 2042/1208/1953
f 1753/1210/2044 1752/1211/2043 1812/1268/2230 1811/1269/2061
f 2101/1268/2010 2134/1369/2116 2133/1294/2115 2040/1211/1958
f 1772/1253/2039 1773/1238/2042 1768/1235/1990 1769/1236/2013
f 1852/1370/2124 1854/1289/2123 1775/1259/2040 1850/1263/2130
f 1854/1289/2123 1777/1262/2176 1774/1258/2041 1775/1259/2040
f 1779/1270/2012 1857/1264/2136 1772/1253/2039 1769/1236/2013
f 2056/1236/1984 2067/1270/1778 2057/1251/1995
f 1749/1206/1951 1754/1208/1975 1751/1209/2045 1750/1207/1952
f 2084/1284/2169 2085/1285/2038 2082/1219/2030 2083/1282/1726
f 2071/1273/1741 2070/1233/2017 1938/1272/2016
f 2070/1233/2017 2071/1273/1741 1935/1274/1743
f 2026/1228/2222 2052/1244/2221 2050/1242/2007 2047/1224/1969
f 2072/1275/2020 1932/1276/2205 2073/1232/2021
f 1932/1276/2205 2074/1277/1856 2073/1232/2021
f 1787/1231/1978 1699/1278/1855 1786/1277/1751 1785/1232/1979
f 1770/1251/2014 1788/1249/1993 1787/1231/1978 1780/1234/1981
f 1865/1260/2144 1778/1237/2154 1773/1238/2042 1774/1258/2041
f 2062/1259/2003 2066/1289/1735 2138/1370/2122 2140/1263/2004
f 1776/1261/2175 1865/1260/2144 1774/1258/2041 1777/1262/2176
f 2080/1248/2026 2077/1249/2025 1982/1279/1732
f 1792/1279/1852 1699/1278/1855 1787/1231/1978 1788/1249/1993
f 1982/1279/1732 2077/1249/2025 2075/1231/2023 2076/1278/1733
f 2088/1371/1799 1960/1218/1798 2090/1215/2047 2089/1290/2046
f 2082/1219/2030 1979/1220/1840 2168/1281/1727
f 2082/1219/2030 2168/1281/1727 2083/1282/1726
f 1797/1285/2036 1796/1284/1925 1795/1282/1928 1794/1219/1966
f 1793/1222/1967 1800/1288/2226 1797/1285/2036 1794/1219/1966
f 2084/1284/2169 2086/1283/2171 2085/1285/2038
f 2086/1283/2171 1964/1286/1812 2085/1285/2038
f 1760/1224/1972 1759/1223/1943 1757/1226/1948 1758/1225/2227
f 1791/1248/1992 1801/1290/2062 1800/1288/2226 1793/1222/1967
f 1800/1288/2226 1801/1290/2062 1674/1371/2158 1799/1287/1810
f 1802/1215/1962 1676/1218/1965 1674/1371/2158 1801/1290/2062
f 1754/1208/1975 1756/1212/1977 1755/1213/2052 1751/1209/2045
f 2087/1288/2037 1959/1287/1800 2088/1371/1799 2089/1290/2046
f 2013/1368/1899 2049/1229/1973 2050/1242/2007 2051/1245/1935
f 1658/1271/1771 1780/1234/1981 1782/1233/1980 1781/1272/1756
f 1816/1266/2064 1810/1292/2056 1807/1280/2051 1811/1269/2061
f 1750/1207/1952 1806/1265/2050 1771/1252/2032 1748/1205/1950
f 2038/1207/1955 2094/1265/2006 2041/1210/1957
f 2095/1280/2028 2041/1210/1957 2094/1265/2006
f 1808/1255/2057 1805/1256/2033 1806/1265/2050 1807/1280/2051
f 1809/1254/2054 1804/1257/2034 1805/1256/2033 1808/1255/2057
f 2098/1291/2128 2092/1257/2001 2091/1216/2049
f 2092/1257/2001 2098/1291/2128 2097/1254/1998
f 2091/1216/2049 2171/1217/2048 2098/1291/2128
f 2176/1292/2059 2095/1280/2028 2096/1255/1999
f 2067/1270/1778 2056/1236/1984 2059/1253/1997 2065/1264/2005
f 2097/1254/1998 2098/1291/2128 2099/1293/2058
f 1803/1216/1963 1802/1215/1962 1790/1247/1991 1804/1257/2034
f 2095/1280/2028 2100/1269/2011 2041/1210/1957
f 2101/1268/2010 1994/1267/2009 1995/1372/2097 2134/1369/2116
f 1813/1294/2063 1832/1369/2108 1812/1268/2230 1752/1211/2043
f 1814/1372/2220 1709/1267/2065 1812/1268/2230 1832/1369/2108
f 1709/1267/2065 1816/1266/2064 1811/1269/2061 1812/1268/2230
f 2040/1211/1958 2133/1294/2115 2102/1214/1961
f 2103/1266/2008 2172/1295/2179 1994/1267/2009
f 2129/1312/2092 2112/1305/2077 2110/1304/2079 2111/1307/2090
f 1822/1303/2084 1823/1306/2083 1818/1300/2075 1821/1297/2095
f 2104/1300/2070 2106/1299/2069 2110/1304/2079
f 1836/1315/2217 1814/1314/2220 1830/1020/2231 1835/1021/2105
f 2111/1307/2090 2110/1304/2079 2106/1299/2069
f 1826/1305/2093 1833/1312/2096 1825/1307/2080 1824/1304/2076
f 1825/1307/2080 1827/1310/2121 1849/1309/2086 1819/1299/2074
f 2113/1309/2088 2106/1299/2069 2105/1298/2068
f 1996/1319/1874 2123/1316/2101 2121/1021/1677 2122/1315/1875
f 1829/1019/2232 1846/1302/2118 1828/1301/2081 1822/1303/2084
f 1821/1297/2095 1839/1018/2104 1829/1019/2232 1822/1303/2084
f 2128/1308/2087 2109/1306/2078 2112/1305/2077
f 2135/1317/2100 2126/1321/2119 2125/1320/2102 2123/1316/2101
f 1830/1020/2231 1814/1314/2220 1832/1373/2108 1831/1313/2107
f 2128/1308/2087 2112/1305/2077 2129/1312/2092
f 1833/1312/2096 1834/1311/2233 1827/1310/2121 1825/1307/2080
f 1995/1314/2097 2118/1020/1676 2119/1313/2094 2134/1373/2116
f 1838/1316/2098 1837/1319/1878 1836/1315/2217 1835/1021/2105
f 2131/1330/2111 2132/1334/2120 2130/1325/2117 2127/1326/2112
f 2116/1019/1675 2124/1018/1674 2107/1297/2067 2108/1303/2073
f 1830/1020/2231 1829/1019/2232 1839/1018/2104 1835/1021/2105
f 1840/1320/2103 1847/1321/2106 1848/1317/2099 1838/1316/2098
f 1830/1020/2231 1831/1313/2107 1846/1302/2118 1829/1019/2232
f 2105/1298/2068 2125/1320/2102 2126/1321/2119
f 2105/1298/2068 2126/1321/2119 2113/1309/2088
f 1834/1331/2233 1833/1335/2096 1841/1327/2082 1842/1326/2110
f 2115/1328/2071 2128/1327/2087 2127/1326/2112
f 2130/1325/2117 2115/1328/2071 2127/1326/2112
f 2132/1334/2120 2102/1339/1961 2133/1324/2115 2130/1325/2117
f 1843/1325/2109 1845/1334/2114 1844/1330/2113 1842/1326/2110
f 1813/1324/2063 1815/1339/2053 1845/1334/2114 1843/1325/2109
f 525/175/318 538/176/224 140/242/315 523/45/53
f 2117/1336/2072 2130/1325/2117 2119/1322/2094
f 2117/1336/2072 2115/1328/2071 2130/1325/2117
f 1845/1334/2114 1815/1339/2053 1817/1338/1876 1848/1337/2099
f 2135/1337/2100 2132/1334/2120 2126/1332/2119
f 2113/1333/2088 2131/1330/2111 2114/1329/2089
f 1842/1326/2110 1844/1330/2113 1827/1329/2121 1834/1331/2233
f 1663/1105/1782 1779/1106/2012 1658/1101/1771 1661/1102/1773
f 2139/1082/1745 2138/1341/2122 2066/1072/1735
f 2066/1072/1735 2141/1071/1734 2139/1082/1745
f 1851/1081/2132 1862/737/2157 1855/1071/2126 1853/1082/2125
f 2142/1344/2133 2140/1340/2004 2137/1081/1744
f 1680/1125/1819 1684/1128/1818 1685/1347/2170 1798/1353/2035
f 2065/1346/2005 2143/1345/2134 2144/1136/1833
f 1779/1106/2012 1663/1105/1782 1859/1136/2137 1857/1346/2136
f 1855/1071/2126 1860/1074/2140 1777/1073/2176 1854/1072/2123
f 1708/1161/2218 1837/1163/1878 1710/1168/1877 1880/1160/2166
f 1639/1056/1823 1638/1054/1715 1662/1103/1780 1660/1104/1924
f 1856/1344/2131 1867/736/2225 1862/737/2157 1851/1081/2132
f 2146/1074/1737 2147/1184/1903 2150/734/1172
f 1864/1183/2143 1865/1182/2144 1776/1185/2175 1861/1184/2139
f 2147/1184/1903 2151/1183/1902 2150/734/1172
f 2151/1183/1902 2063/1182/1901 2152/1348/2146
f 1944/1104/1775 1923/1056/1717 1925/1058/1720 1942/1088/1757
f 1867/736/2225 1868/735/2207 1863/734/2141 1862/737/2157
f 1986/1100/1865 1987/1156/1706 1985/1109/1707 1955/1099/1857
f 1998/1170/1883 2136/1167/2066 1997/1168/2168 2015/1186/2223
f 1868/735/2207 1871/1352/2212 1869/1350/2155 1866/1348/2145
f 2064/1351/1985 2156/1154/1862 2155/1350/2152
f 1730/1189/2215 1734/1188/1921 1729/1187/1909 1728/1190/2224
f 1872/1349/2178 1871/1352/2212 1868/735/2207 1867/736/2225
f 2006/1138/1918 2045/1204/1971 2035/1171/1881 2003/1203/1945
f 1724/1181/1989 1778/1351/2154 1870/1154/2153 1722/1151/1897
f 1717/1141/1838 1731/1140/1837 1728/1190/2224 1721/1178/1937
f 1875/1152/2159 1722/1151/1897 1870/1154/2153 1874/1153/2211
f 1663/1105/1782 1876/1135/2162 1873/1137/2177 1859/1136/2137
f 1645/1062/1888 1654/1076/1746 1650/1075/1749 1649/1077/2204
f 2161/1152/1860 2010/1151/1859 2163/1157/1866
f 1876/1135/2162 1878/1158/2163 1877/1157/2160 1875/1152/2159
f 2163/1157/1866 2010/1151/1859 2008/1175/1890
f 2008/1175/1890 2014/1134/1867 2163/1157/1866
f 1947/1105/1777 2162/1135/1832 2164/1158/1869
f 1947/1105/1777 2164/1158/1869 1948/1107/1784
f 1694/1144/1846 1695/1143/1843 1690/1142/1845 1693/1145/1847
f 1726/1134/1831 1877/1157/2160 1878/1158/2163 1879/1097/1767
f 1876/1135/2162 1875/1152/2159 1874/1153/2211 1873/1137/2177
f 1672/1090/1759 1676/1115/1965 1885/1355/1964 1883/1354/2172
f 1989/1133/1863 2015/1186/2223 2166/1160/1871
f 1997/1168/2168 2166/1160/1871 2015/1186/2223
f 2166/1160/1871 1991/1159/1870 1989/1133/1863
f 1710/1168/1877 1817/1167/1876 1711/1170/1880 1727/1186/1905
f 2015/1186/2223 2001/1174/1886 1998/1170/1883
f 1881/1066/2203 1687/1063/1927 1688/1150/2213 1691/1146/1844
f 2002/1173/1885 2001/1174/1886 2014/1134/1867 2008/1175/1890
f 1882/1065/2031 1795/1064/1928 1687/1063/1927 1881/1066/2203
f 1874/1153/2211 1871/1352/2212 1872/1349/2178 1873/1137/2177
f 1970/1191/1916 1969/1347/2142 2084/1193/2169
f 1969/1347/2142 2086/1353/2171 2084/1193/2169
f 1851/1081/2132 1853/1082/2125 1852/1341/2124 1850/1340/2130
f 1954/1095/1764 2169/1354/2173 1952/1091/1765
f 1665/1098/1768 1879/1097/1767 1878/1158/2163 1664/1107/1781
f 1972/1150/1854 1975/1146/1853 1974/1142/1839 1973/1149/1851
f 1956/1090/1795 1952/1091/1765 2169/1354/2173
f 2171/1355/2048 2170/1121/2129 2098/1343/2128
f 2157/1352/2156 2154/735/1173 2152/1348/2146 2155/1350/2152
f 1892/1342/2060 1887/1119/1802 1884/1121/1805 1886/1343/2055
f 1888/1364/1682 1709/1365/2065 1707/1162/2219 1706/1165/1683
f 2042/1208/1953 2048/1230/1974 2054/1246/2229
f 1622/1036/2189 1702/1047/2210 1889/1048/1788 1611/1034/2185
f 1624/1025/2183 1890/1357/2182 1702/1047/2210 1622/1036/2189
f 1700/1359/1803 1614/1031/2187 1613/1033/2184 1891/1358/1790
f 1627/938/1526 1706/1027/1683 1704/1046/2181 1625/1022/2180
f 1616/1030/2186 1887/1363/1802 1892/1362/2060 1619/1039/2194
f 1988/1357/1864 1908/1025/1681 1906/1036/1692 1987/1047/1706
f 1900/1030/1686 2174/1359/2174 1898/1031/1687
f 1900/1030/1686 2175/1363/2127 2174/1359/2174
f 1900/1030/1686 2099/1362/2058 2175/1363/2127
f 2099/1362/2058 1900/1030/1686 1903/1039/1695
f 1810/1361/2056 1621/1038/2198 1619/1039/2194 1892/1362/2060
f 1207/880/1505 1208/879/1501 1205/876/1472 1206/877/1471
o 5_Megaman_1_0_0.005
v -0.666736 1.109290 0.088714
v -0.669844 1.102988 0.088212
v -0.648145 1.115681 0.089435
v -0.686423 1.112331 0.087946
v -0.689295 1.108353 0.088375
v -0.710454 1.112686 0.086475
v -0.712214 1.105180 0.090825
v -0.692956 1.103397 0.088242
v -0.713619 1.100492 0.093242
v -0.713620 1.095099 0.092487
v -0.724263 1.096061 0.094174
v -0.725498 1.101050 0.094677
v -0.724526 1.105125 0.091649
v -0.722681 1.113458 0.085704
v -0.676238 1.098014 0.087842
v -0.659148 1.091090 0.085968
v -0.688126 1.091238 0.086927
v -0.670422 1.081879 0.082589
v -0.681259 1.073578 0.079565
v -0.658538 1.072311 0.076184
v -0.644904 1.087398 0.082001
v -0.651189 1.103945 0.088531
v -0.636548 1.107838 0.086288
v -0.626593 1.110069 0.082696
v -0.637066 1.085909 0.078376
v -0.633972 1.123960 0.087495
v -0.624545 1.128843 0.083473
v -0.617498 1.130650 0.077345
v -0.619155 1.111013 0.077002
v -0.653605 1.069591 0.072684
v -0.614399 1.110032 0.065450
v -0.623677 1.096791 0.075338
v -0.624807 1.084906 0.061703
v -0.630775 1.085317 0.072920
v -0.611360 1.128325 0.064562
v -0.645122 1.067762 0.053055
v -0.649083 1.067900 0.066313
v -0.665744 1.056393 0.060858
v -0.670142 1.058028 0.068109
v -0.682107 1.051362 0.064977
v -0.684442 1.054886 0.067833
v -0.672880 1.061378 0.071273
v -0.613517 1.102141 0.049047
v -0.610648 1.120904 0.048822
v -0.670812 1.052750 0.043403
v -0.659859 1.057960 0.047275
v -0.657438 1.058047 0.039565
v -0.643003 1.069070 0.043230
v -0.668045 1.052732 0.039247
v -0.626627 1.082632 0.047288
v -0.618997 1.093517 0.034751
v -0.631916 1.077496 0.037656
v -0.615624 1.110821 0.030388
v -0.610905 1.138489 0.046544
v -0.612443 1.145383 0.061129
v -0.644087 1.068043 0.038672
v -0.614327 1.129898 0.026979
v -0.617957 1.146041 0.074774
v -0.625090 1.141588 0.081275
v -0.634644 1.132663 0.086506
v -0.647553 1.120553 0.089324
v -0.700193 1.081889 0.086087
v -0.714066 1.074182 0.083662
v -0.705463 1.059699 0.073486
v -0.717881 1.082315 0.087613
v -0.703927 1.090577 0.090004
v -0.694893 1.043119 0.060581
v -0.690460 1.044333 0.052484
v -0.677605 1.049856 0.057436
v -0.681945 1.048654 0.036274
v -0.680741 1.049184 0.034008
v -0.691988 1.066242 0.077162
v -0.697383 1.047717 0.063394
v -0.749942 1.093530 0.040804
v -0.746335 1.088500 0.044168
v -0.760920 1.094321 0.024499
v -0.741030 1.101988 0.056503
v -0.738960 1.098946 0.059777
v -0.728772 1.109216 0.075927
v -0.729543 1.101898 0.080847
v -0.735782 1.095285 0.063583
v -0.729629 1.097460 0.084023
v -0.727499 1.092471 0.084496
v -0.741687 1.085617 0.050156
v -0.746097 1.074621 0.035902
v -0.733541 1.082636 0.060777
v -0.735485 1.069556 0.045126
v -0.725625 1.065175 0.054019
v -0.732937 1.058219 0.033345
v -0.748323 1.067810 0.022452
v -0.755499 1.084188 0.028469
v -0.761461 1.084179 0.014362
v -0.763659 1.084107 0.003772
v -0.748484 1.064806 0.014222
v -0.768136 1.098549 0.010243
v -0.770463 1.101206 -0.000547
v -0.769062 1.101943 -0.009926
v -0.762567 1.083850 -0.005575
v -0.731518 1.054834 0.027821
v -0.754766 1.083445 -0.015373
v -0.755133 1.071892 -0.000355
v -0.739836 1.063119 -0.004531
v -0.746635 1.063372 0.006208
v -0.760492 1.100079 -0.021309
v -0.718405 1.053881 0.010858
v -0.727776 1.052995 0.021002
v -0.712287 1.047578 0.034058
v -0.716812 1.049188 0.041236
v -0.706793 1.046686 0.050763
v -0.709094 1.050217 0.053638
v -0.719138 1.052616 0.044638
v -0.739175 1.078341 -0.023306
v -0.745510 1.095361 -0.028831
v -0.694233 1.048314 0.029917
v -0.704005 1.049598 0.021856
v -0.698656 1.050240 0.015831
v -0.711473 1.056102 0.003805
v -0.692008 1.048193 0.025449
v -0.726223 1.063768 -0.010060
v -0.722211 1.073968 -0.024679
v -0.714242 1.061903 -0.009748
v -0.724890 1.090125 -0.032528
v -0.748344 1.112458 -0.032593
v -0.761825 1.117089 -0.024886
v -0.706849 1.056156 0.002534
v -0.727904 1.108386 -0.038418
v -0.770948 1.117064 -0.013318
v -0.771890 1.113783 -0.003252
v -0.769403 1.107139 0.008912
v -0.762450 1.098791 0.023167
v -0.724661 1.077255 0.071998
v -0.728639 1.085897 0.075775
v -0.702108 1.045215 0.043328
v -0.716606 1.061579 0.062987
vn 0.1079 -0.1767 0.9783
vn 0.0699 -0.0323 0.9970
vn -0.0212 -0.0445 0.9988
vn -0.0076 -0.0899 0.9959
vn 0.1026 -0.4549 0.8846
vn 0.1365 -0.5628 0.8152
vn 0.1736 -0.5286 0.8310
vn 0.0672 -0.4065 0.9112
vn 0.2948 -0.2107 0.9320
vn 0.2668 0.0037 0.9637
vn 0.7602 -0.6135 0.2138
vn 0.7549 -0.6546 0.0392
vn 0.9395 -0.3425 -0.0070
vn 0.9320 -0.2576 0.2551
vn 0.5027 -0.8567 0.1151
vn 0.6065 -0.7934 0.0515
vn 0.5780 -0.8059 0.1283
vn 0.4860 -0.8663 0.1152
vn 0.2469 -0.4132 0.8765
vn 0.3466 -0.6720 0.6544
vn 0.4229 -0.5119 0.7478
vn 0.0836 -0.3215 0.9432
vn 0.2801 -0.7343 0.6184
vn 0.0915 -0.5844 0.8063
vn 0.2309 -0.7649 0.6013
vn 0.4396 -0.8578 0.2664
vn 0.5062 -0.7832 0.3610
vn 0.6898 -0.7232 0.0349
vn 0.8871 -0.4525 -0.0909
vn 0.0038 0.1274 0.9918
vn 0.1284 -0.3869 0.9131
vn 0.1134 -0.2205 0.9688
vn 0.1097 0.0228 0.9937
vn 0.1664 -0.2466 0.9547
vn 0.0075 0.4474 0.8943
vn 0.0237 0.1431 0.9894
vn 0.1651 0.1456 0.9755
vn 0.1862 -0.1770 0.9664
vn -0.1904 -0.0356 0.9811
vn -0.1354 -0.8471 0.5139
vn 0.7871 -0.2096 0.5801
vn 0.5027 -0.2005 0.8409
vn 0.7089 -0.4038 0.5783
vn 0.6024 -0.6300 0.4901
vn -0.2966 0.9320 0.2084
vn 0.1657 0.6178 0.7687
vn 0.0736 0.3814 0.9215
vn 0.6079 -0.7930 0.0396
vn 0.0183 -0.1657 0.9860
vn -0.3280 -0.5665 0.7560
vn 0.0690 0.0667 0.9954
vn 0.0944 -0.5258 0.8454
vn 0.1274 -0.7618 0.6351
vn 0.0930 -0.5523 0.8284
vn 0.0786 -0.5086 0.8574
vn 0.3292 -0.7482 0.5760
vn 0.3690 -0.9070 0.2032
vn 0.3799 -0.9059 0.1872
vn 0.2786 -0.9576 0.0736
vn 0.3684 -0.9271 0.0699
vn 0.2990 -0.9301 -0.2133
vn 0.3495 -0.9267 0.1381
vn 0.5056 0.0423 0.8618
vn 0.7913 0.0340 0.6105
vn 0.9947 -0.0887 -0.0514
vn 0.9678 -0.0144 0.2514
vn 0.9989 0.0048 -0.0464
vn 0.9689 0.0843 0.2325
vn 0.9711 -0.1376 -0.1949
vn 0.9839 -0.0694 -0.1648
vn 0.8226 0.1337 0.5527
vn 0.5431 0.1561 0.8250
vn 0.2759 0.1363 0.9515
vn -0.8249 -0.3534 0.4412
vn -0.8103 -0.2419 0.5337
vn -0.8190 -0.1956 0.5394
vn -0.8630 -0.2090 0.4599
vn -0.6664 -0.6006 0.4418
vn -0.6858 -0.5491 0.4776
vn -0.6337 -0.6815 0.3661
vn -0.5938 -0.7011 0.3947
vn -0.8630 -0.4300 0.2653
vn -0.9361 -0.2241 0.2711
vn -0.3618 -0.8260 -0.4322
vn -0.5746 -0.5430 -0.6124
vn -0.3338 -0.5837 -0.7402
vn -0.2012 -0.8356 -0.5111
vn -0.0922 -0.9694 -0.2274
vn -0.0818 -0.9739 -0.2118
vn -0.1522 -0.9442 -0.2921
vn -0.1042 -0.9280 -0.3577
vn -0.7379 -0.5998 0.3094
vn -0.6836 -0.7214 0.1106
vn -0.5253 -0.8372 0.1524
vn -0.7440 -0.4782 0.4667
vn -0.4469 -0.8720 0.1998
vn -0.4014 -0.8846 0.2373
vn -0.5595 -0.7077 0.4315
vn -0.3212 -0.9399 -0.1154
vn -0.1901 -0.9770 -0.0962
vn -0.2085 -0.6600 -0.7218
vn -0.1482 -0.8819 -0.4476
vn -0.8724 -0.0385 0.4873
vn -0.7212 -0.5478 0.4240
vn -0.8127 -0.4321 0.3909
vn -0.8939 -0.1673 0.4158
vn -0.8073 -0.3948 0.4386
vn -0.8805 0.2792 0.3830
vn -0.8839 -0.0288 0.4669
vn -0.9382 -0.0634 0.3402
vn -0.8510 -0.3735 0.3692
vn -0.7946 -0.5092 -0.3307
vn -0.7031 -0.6712 -0.2347
vn -0.8852 -0.4634 0.0418
vn -0.5169 -0.8420 -0.1544
vn -0.9157 0.1940 0.3518
vn -0.0949 -0.9261 -0.3651
vn -0.7930 -0.3193 0.5189
vn -0.8887 -0.1146 0.4440
vn -0.6100 -0.6592 0.4398
vn -0.0825 -0.9935 -0.0791
vn 0.0276 -0.9916 -0.1264
vn -0.0212 -0.9969 -0.0754
vn -0.9713 -0.2374 0.0113
vn -0.8896 -0.2844 -0.3573
vn -0.6555 -0.3218 -0.6832
vn -0.3923 -0.3514 -0.8501
vn -0.6674 -0.2256 -0.7097
vn -0.4243 -0.2648 -0.8659
vn -0.2469 -0.3682 -0.8964
vn -0.2972 -0.3120 -0.9024
vn -0.8830 -0.1894 -0.4294
vn -0.9893 -0.1339 -0.0574
vn -0.9667 -0.0991 0.2360
vt 0.824772 0.903142
vt 0.819986 0.895854
vt 0.834956 0.891480
vt 0.839109 0.896510
vt 0.857087 0.920176
vt 0.855717 0.932981
vt 0.841002 0.927550
vt 0.844464 0.916593
vt 0.815295 0.908582
vt 0.808799 0.900015
vt 0.812472 0.938880
vt 0.808327 0.949935
vt 0.790741 0.938244
vt 0.797124 0.926498
vt 0.844858 0.965747
vt 0.827229 0.959043
vt 0.832076 0.950729
vt 0.849230 0.956959
vt 0.826483 0.919377
vt 0.839116 0.932754
vt 0.822410 0.924317
vt 0.831840 0.913010
vt 0.855156 0.937981
vt 0.871081 0.933884
vt 0.871081 0.938100
vt 0.853954 0.944206
vt 0.836548 0.938937
vt 0.804621 0.962040
vt 0.784764 0.952376
vt 0.852112 0.887463
vt 0.871081 0.903247
vt 0.858005 0.902722
vt 0.859426 0.891920
vt 0.871081 0.893420
vt 0.867709 0.875651
vt 0.855182 0.890221
vt 0.870183 0.880240
vt 0.870987 0.883459
vt 0.882126 0.893420
vt 0.882126 0.887080
vt 0.803628 0.918506
vt 0.808987 0.913579
vt 0.810269 0.924697
vt 0.818269 0.929394
vt 0.882126 0.876952
vt 0.882126 0.879955
vt 0.869054 0.878608
vt 0.822977 0.967229
vt 0.845092 0.902197
vt 0.882126 0.881950
vt 0.818263 0.892812
vt 0.871081 0.921921
vt 0.882126 0.902534
vt 0.882126 0.922081
vt 0.882126 0.931400
vt 0.882126 0.936569
vt 0.882126 0.944853
vt 0.871081 0.944556
vt 0.882126 0.959271
vt 0.871081 0.958993
vt 0.882126 0.968863
vt 0.871081 0.968560
vt 0.801385 0.903984
vt 0.795416 0.908524
vt 0.779631 0.928413
vt 0.786933 0.914874
vt 0.766583 0.913739
vt 0.777093 0.902751
vt 0.767662 0.942154
vt 0.788881 0.898235
vt 0.796406 0.895781
vt 0.805588 0.894320
s 1
usemtl Gregar
f 2198/1374/2234 2179/1375/2235 2177/1376/2236 2178/1377/2237
f 2195/1378/2238 2218/1379/2239 2196/1380/2240 2194/1381/2241
f 2199/1382/2242 2202/1383/2243 2179/1375/2235 2198/1374/2234
f 2209/1384/2244 2226/1385/2245 2219/1386/2246 2207/1387/2247
f 2223/1388/2248 2224/1389/2249 2212/1390/2250 2222/1391/2251
f 2197/1392/2252 2196/1380/2240 2206/1393/2253 2201/1394/2254
f 2199/1382/2242 2198/1374/2234 2192/1395/2255 2197/1392/2252
f 2215/1396/2256 2218/1379/2239 2217/1397/2257 2216/1398/2258
f 2215/1396/2256 2214/1399/2259 2213/1400/2260 2206/1393/2253
f 2226/1385/2245 2228/1401/2261 2227/1402/2262 2219/1386/2246
f 2180/1403/2263 2178/1377/2237 2177/1376/2236
f 2238/1404/2264 2193/1405/2265 2184/1406/2266 2242/1407/2267
f 2182/1408/2268 2181/1409/2269 2180/1403/2263
f 2185/1410/2270 2186/1411/2271 2242/1407/2267
f 2241/1412/2272 2186/1411/2271 2187/1413/2273
f 2241/1412/2272 2242/1407/2267 2186/1411/2271
f 2205/1414/2274 2200/1415/2275 2208/1416/2276
f 2200/1415/2275 2201/1394/2254 2208/1416/2276
f 2209/1384/2244 2208/1416/2276 2210/1417/2277
f 2208/1416/2276 2201/1394/2254 2210/1417/2277
f 2182/1408/2268 2190/1418/2278 2189/1419/2279 2183/1420/2280
f 2224/1389/2249 2228/1401/2261 2226/1385/2245
f 2224/1389/2249 2232/1421/2281 2228/1401/2261
f 2232/1421/2281 2224/1389/2249 2223/1388/2248
f 2191/1422/2282 2194/1381/2241 2192/1395/2255 2178/1377/2237
f 2185/1410/2270 2188/1423/2283 2187/1413/2273 2186/1411/2271
f 2179/1375/2235 2237/1424/2284 2177/1376/2236
f 2178/1377/2237 2192/1395/2255 2198/1374/2234
f 2248/1425/2285 2238/1404/2264 2239/1426/2286
f 2239/1426/2286 2240/1427/2287 2248/1425/2285
f 2241/1412/2272 2239/1426/2286 2238/1404/2264
f 2238/1404/2264 2242/1407/2267 2241/1412/2272
f 2217/1397/2257 2248/1425/2285 2240/1427/2287
f 2240/1427/2287 2249/1428/2288 2217/1397/2257
f 2216/1398/2258 2217/1397/2257 2249/1428/2288
f 2249/1428/2288 2243/1429/2289 2216/1398/2258
f 2243/1429/2289 2244/1430/2290 2216/1398/2258
f 2244/1430/2290 2245/1431/2291 2216/1398/2258
f 2245/1431/2291 2244/1430/2290 2246/1432/2292
f 2246/1432/2292 2221/1433/2293 2245/1431/2291
f 2221/1433/2293 2246/1432/2292 2247/1434/2294
f 2247/1434/2294 2225/1435/2295 2221/1433/2293
f 2197/1392/2252 2201/1394/2254 2200/1415/2275 2199/1382/2242
f 2203/1436/2296 2202/1383/2243 2199/1382/2242 2200/1415/2275
f 2200/1415/2275 2205/1414/2274 2204/1437/2297 2203/1436/2296
f 2197/1392/2252 2192/1395/2255 2194/1381/2241 2196/1380/2240
f 2213/1400/2260 2212/1390/2250 2209/1384/2244 2210/1417/2277
f 2214/1399/2259 2245/1431/2291 2221/1433/2293 2222/1391/2251
f 2216/1398/2258 2245/1431/2291 2214/1399/2259 2215/1396/2256
f 2206/1393/2253 2196/1380/2240 2218/1379/2239 2215/1396/2256
f 2219/1386/2246 2220/1438/2298 2211/1439/2299 2207/1387/2247
f 2248/1425/2285 2195/1378/2238 2193/1405/2265 2238/1404/2264
f 2222/1391/2251 2212/1390/2250 2213/1400/2260 2214/1399/2259
f 2221/1433/2293 2225/1435/2295 2223/1388/2248 2222/1391/2251
f 2211/1439/2299 2220/1438/2298 2230/1440/2300 2231/1441/2301
f 2229/1442/2302 2233/1440/2303 2230/1440/2300 2220/1438/2298
f 2227/1402/2262 2229/1442/2302 2220/1438/2298 2219/1386/2246
f 2208/1416/2276 2209/1384/2244 2207/1387/2247 2205/1414/2274
f 2207/1387/2247 2211/1439/2299 2204/1437/2297 2205/1414/2274
f 2204/1437/2297 2211/1439/2299 2231/1441/2301 2234/1443/2304
f 2203/1436/2296 2204/1437/2297 2234/1443/2304 2235/1444/2305
f 2202/1383/2243 2203/1436/2296 2235/1444/2305 2236/1445/2306
f 2179/1375/2235 2202/1383/2243 2236/1445/2306 2237/1424/2284
f 2181/1409/2269 2191/1422/2282 2178/1377/2237 2180/1403/2263
f 2183/1420/2280 2184/1406/2266 2181/1409/2269 2182/1408/2268
f 2185/1410/2270 2242/1407/2267 2184/1406/2266 2183/1420/2280
f 2185/1410/2270 2183/1420/2280 2189/1419/2279 2188/1423/2283
f 2184/1406/2266 2193/1405/2265 2191/1422/2282 2181/1409/2269
f 2193/1405/2265 2195/1378/2238 2194/1381/2241 2191/1422/2282
f 2213/1400/2260 2210/1417/2277 2201/1394/2254 2206/1393/2253
f 2226/1385/2245 2209/1384/2244 2212/1390/2250 2224/1389/2249
f 2217/1397/2257 2218/1379/2239 2195/1378/2238 2248/1425/2285
f 2267/1374/2307 2251/1377/2308 2250/1376/2309 2252/1375/2310
f 2264/1378/2311 2263/1381/2312 2265/1380/2313 2287/1379/2314
f 2268/1382/2315 2267/1374/2307 2252/1375/2310 2271/1383/2316
f 2278/1384/2317 2276/1387/2318 2288/1386/2319 2295/1385/2320
f 2292/1388/2321 2291/1391/2322 2281/1390/2323 2293/1389/2324
f 2266/1392/2325 2270/1394/2326 2275/1393/2327 2265/1380/2313
f 2268/1382/2315 2266/1392/2325 2261/1395/2328 2267/1374/2307
f 2284/1396/2329 2285/1398/2330 2286/1397/2331 2287/1379/2314
f 2284/1396/2329 2275/1393/2327 2282/1400/2332 2283/1399/2333
f 2295/1385/2320 2288/1386/2319 2296/1402/2334 2297/1401/2335
f 2253/1403/2336 2250/1376/2309 2251/1377/2308
f 2307/1404/2337 2308/1407/2338 2257/1406/2339 2262/1405/2340
f 2255/1408/2341 2253/1403/2336 2254/1409/2342
f 2258/1410/2343 2308/1407/2338 2259/1411/2344
f 2241/1412/2272 2187/1413/2273 2259/1411/2344
f 2241/1412/2272 2259/1411/2344 2308/1407/2338
f 2274/1414/2345 2277/1416/2346 2269/1415/2347
f 2269/1415/2347 2277/1416/2346 2270/1394/2326
f 2278/1384/2317 2279/1417/2348 2277/1416/2346
f 2277/1416/2346 2279/1417/2348 2270/1394/2326
f 2255/1408/2341 2256/1420/2349 2189/1419/2279 2190/1418/2278
f 2293/1389/2324 2295/1385/2320 2297/1401/2335
f 2293/1389/2324 2297/1401/2335 2301/1421/2350
f 2301/1421/2350 2292/1388/2321 2293/1389/2324
f 2260/1422/2351 2251/1377/2308 2261/1395/2328 2263/1381/2312
f 2258/1410/2343 2259/1411/2344 2187/1413/2273 2188/1423/2283
f 2252/1375/2310 2250/1376/2309 2306/1424/2352
f 2251/1377/2308 2267/1374/2307 2261/1395/2328
f 2310/1425/2353 2239/1426/2286 2307/1404/2337
f 2239/1426/2286 2310/1425/2353 2240/1427/2287
f 2241/1412/2272 2307/1404/2337 2239/1426/2286
f 2307/1404/2337 2241/1412/2272 2308/1407/2338
f 2286/1397/2331 2240/1427/2287 2310/1425/2353
f 2240/1427/2287 2286/1397/2331 2249/1428/2288
f 2285/1398/2330 2249/1428/2288 2286/1397/2331
f 2249/1428/2288 2285/1398/2330 2243/1429/2289
f 2243/1429/2289 2285/1398/2330 2244/1430/2290
f 2244/1430/2290 2285/1398/2330 2309/1431/2354
f 2309/1431/2354 2246/1432/2292 2244/1430/2290
f 2246/1432/2292 2309/1431/2354 2290/1433/2355
f 2290/1433/2355 2247/1434/2294 2246/1432/2292
f 2247/1434/2294 2290/1433/2355 2294/1435/2356
f 2266/1392/2325 2268/1382/2315 2269/1415/2347 2270/1394/2326
f 2272/1436/2357 2269/1415/2347 2268/1382/2315 2271/1383/2316
f 2269/1415/2347 2272/1436/2357 2273/1437/2358 2274/1414/2345
f 2266/1392/2325 2265/1380/2313 2263/1381/2312 2261/1395/2328
f 2282/1400/2332 2279/1417/2348 2278/1384/2317 2281/1390/2323
f 2283/1399/2333 2291/1391/2322 2290/1433/2355 2309/1431/2354
f 2285/1398/2330 2284/1396/2329 2283/1399/2333 2309/1431/2354
f 2275/1393/2327 2284/1396/2329 2287/1379/2314 2265/1380/2313
f 2288/1386/2319 2276/1387/2318 2280/1439/2359 2289/1438/2360
f 2310/1425/2353 2307/1404/2337 2262/1405/2340 2264/1378/2311
f 2291/1391/2322 2283/1399/2333 2282/1400/2332 2281/1390/2323
f 2290/1433/2355 2291/1391/2322 2292/1388/2321 2294/1435/2356
f 2280/1439/2359 2300/1441/2361 2299/1440/2362 2289/1438/2360
f 2298/1442/2363 2289/1438/2360 2299/1440/2362 2302/1440/2364
f 2296/1402/2334 2288/1386/2319 2289/1438/2360 2298/1442/2363
f 2277/1416/2346 2274/1414/2345 2276/1387/2318 2278/1384/2317
f 2276/1387/2318 2274/1414/2345 2273/1437/2358 2280/1439/2359
f 2273/1437/2358 2303/1443/2365 2300/1441/2361 2280/1439/2359
f 2272/1436/2357 2304/1444/2366 2303/1443/2365 2273/1437/2358
f 2271/1383/2316 2305/1445/2367 2304/1444/2366 2272/1436/2357
f 2252/1375/2310 2306/1424/2352 2305/1445/2367 2271/1383/2316
f 2254/1409/2342 2253/1403/2336 2251/1377/2308 2260/1422/2351
f 2256/1420/2349 2255/1408/2341 2254/1409/2342 2257/1406/2339
f 2258/1410/2343 2256/1420/2349 2257/1406/2339 2308/1407/2338
f 2258/1410/2343 2188/1423/2283 2189/1419/2279 2256/1420/2349
f 2257/1406/2339 2254/1409/2342 2260/1422/2351 2262/1405/2340
f 2262/1405/2340 2260/1422/2351 2263/1381/2312 2264/1378/2311
f 2282/1400/2332 2275/1393/2327 2270/1394/2326 2279/1417/2348
f 2295/1385/2320 2293/1389/2324 2281/1390/2323 2278/1384/2317
f 2286/1397/2331 2310/1425/2353 2264/1378/2311 2287/1379/2314
o 5_Megaman_1_0_0.006
v -0.773235 0.933578 0.044012
v -0.784116 0.891494 0.049914
v -0.746933 0.948111 0.077404
v -0.737489 0.958467 0.052957
v -0.757366 0.949464 0.046728
v -0.765409 0.857069 0.070084
v -0.778220 0.871794 0.058940
v -0.776947 0.883901 0.081568
v -0.782462 0.913201 0.044840
v -0.781383 0.898499 0.075004
v -0.727757 0.850430 0.092158
v -0.708648 0.859527 0.099727
v -0.717202 0.959288 0.062749
v -0.699837 0.951828 0.075031
v -0.687794 0.937196 0.087515
v -0.682335 0.917550 0.097302
v -0.705853 0.917779 0.109841
v -0.747627 0.849559 0.081642
v -0.725421 0.874815 0.111776
v -0.707238 0.901722 0.113878
v -0.684073 0.895853 0.102522
v -0.693216 0.875466 0.103204
v -0.714060 0.886628 0.114472
v -0.709962 0.932337 0.102707
v -0.726286 0.920878 0.098396
v -0.719047 0.943195 0.093752
v -0.731987 0.948729 0.084791
v -0.761488 0.941423 0.072499
v -0.773175 0.929649 0.070373
v -0.780107 0.914570 0.071158
v -0.744021 0.908188 0.093126
v -0.764135 0.893452 0.086312
v -0.767447 0.872993 0.089801
v -0.754310 0.867436 0.098418
v -0.739561 0.868076 0.106149
v -0.735413 0.903159 0.076929
vn 0.4528 -0.2638 -0.8517
vn 0.4195 -0.3477 -0.8385
vn 0.4273 -0.3493 -0.8339
vn 0.4407 -0.3344 -0.8330
vn 0.4833 -0.2921 -0.8253
vn 0.5094 -0.2471 -0.8243
vn 0.4729 -0.1835 -0.8618
vn 0.4905 -0.1930 -0.8498
vn 0.5074 -0.2137 -0.8348
vn 0.5135 -0.2291 -0.8269
vn -0.5916 0.7919 0.1514
vn -0.8213 0.5643 0.0841
vn 0.1610 0.8224 0.5457
vn 0.1609 0.8224 0.5457
vn 0.3430 0.6271 0.6994
vn 0.3430 0.6270 0.6994
vn 0.4465 0.3408 0.8273
vn 0.4423 0.0130 0.8968
vn -0.1598 -0.6773 0.7182
vn -0.1597 -0.6772 0.7182
vn 0.1172 -0.5331 0.8379
vn -0.4513 -0.6939 0.5611
vn -0.9626 0.2607 0.0731
vn 0.4352 -0.3505 -0.8293
vn 0.4243 -0.3315 -0.8427
vn 0.4091 -0.2785 -0.8690
vn 0.4079 -0.2294 -0.8837
vn 0.4521 -0.1863 -0.8723
vn 0.4266 -0.1993 -0.8822
vn 0.4130 -0.2113 -0.8859
vn -0.3277 0.9085 0.2593
vn -0.0695 0.9164 0.3942
vn -0.3277 0.9085 0.2592
vn 0.3279 -0.2912 0.8987
vn -0.9047 -0.3529 0.2388
vn -0.7136 -0.5796 0.3935
vn -0.9046 -0.3530 0.2388
vn -0.9903 -0.0588 0.1259
vn -0.4825 0.2271 0.8459
vn -0.4645 0.2249 0.8566
vn -0.4717 0.2352 0.8498
vn -0.4762 0.2446 0.8446
vn -0.4386 0.3071 0.8446
vn -0.4492 0.2996 0.8417
vn -0.4391 0.2659 0.8582
vn -0.4554 0.3139 0.8331
vn -0.4527 0.2605 0.8528
vn -0.4412 0.3045 0.8442
vn -0.4295 0.3036 0.8505
vn -0.4367 0.2974 0.8490
vn -0.4575 0.2750 0.8456
vn -0.4709 0.2499 0.8461
vn -0.4434 0.2450 0.8622
vn -0.4622 0.2280 0.8570
vn -0.4561 0.2285 0.8601
vn -0.4498 0.2313 0.8626
vn -0.4466 0.2343 0.8635
vt 0.058075 0.059082
vt 0.039886 0.103027
vt 0.057922 0.106750
vt 0.024658 0.092468
vt 0.014503 0.077026
vt 0.010986 0.059113
vt 0.058228 0.012444
vt 0.040222 0.015930
vt 0.024887 0.026047
vt 0.014626 0.041229
vt 0.553711 0.927246
vt 0.569824 0.927246
vt 0.569824 0.905762
vt 0.553711 0.905762
vt 0.537598 0.927246
vt 0.537598 0.905762
vt 0.585449 0.927246
vt 0.585449 0.905762
vt 0.633301 0.905762
vt 0.633301 0.927246
vt 0.617676 0.927246
vt 0.617676 0.905762
vt 0.649414 0.905762
vt 0.649414 0.927246
vt 0.521484 0.905762
vt 0.521484 0.927246
vt 0.601562 0.905762
vt 0.601562 0.927246
vt 0.543457 0.151123
vt 0.557129 0.145386
vt 0.552734 0.164429
vt 0.533203 0.161499
vt 0.891602 0.297119
vt 0.891602 0.316650
vt 0.876953 0.331787
vt 0.864746 0.323730
vt 0.856934 0.311523
vt 0.854004 0.297119
vt 0.856934 0.282715
vt 0.864746 0.270752
vt 0.876953 0.262451
vt 0.891602 0.274414
s 1
usemtl Gregar
f 2346/1446/2368 2314/1447/2369 2323/1448/2370
f 2346/1446/2368 2315/1449/2371 2314/1447/2369
f 2346/1446/2368 2311/1450/2372 2315/1449/2371
f 2346/1446/2368 2319/1451/2373 2311/1450/2372
f 2346/1446/2368 2328/1452/2374 2316/1453/2375
f 2346/1446/2368 2316/1453/2375 2317/1454/2376
f 2346/1446/2368 2317/1454/2376 2312/1455/2377
f 2346/1446/2368 2312/1455/2377 2319/1451/2373
f 2315/1456/2378 2311/1457/2379 2339/1458/2379 2338/1459/2378
f 2324/1460/2380 2336/1461/2381 2334/1459/2382 2325/1456/2383
f 2326/1457/2384 2325/1456/2383 2334/1459/2382 2327/1458/2384
f 2331/1462/2385 2326/1457/2384 2327/1458/2384 2330/1463/2385
f 2345/1464/2386 2321/1465/2387 2322/1466/2388 2329/1467/2388
f 2344/1468/2389 2328/1469/2389 2321/1465/2387 2345/1464/2386
f 2311/1457/2379 2319/1462/2390 2340/1463/2390 2339/1458/2379
f 2324/1447/2391 2346/1446/2368 2323/1448/2370
f 2325/1449/2392 2346/1446/2368 2324/1447/2391
f 2326/1450/2393 2346/1446/2368 2325/1449/2392
f 2331/1451/2394 2346/1446/2368 2326/1450/2393
f 2328/1452/2374 2346/1446/2368 2321/1453/2395
f 2321/1453/2395 2346/1446/2368 2322/1454/2396
f 2322/1454/2396 2346/1446/2368 2332/1455/2397
f 2332/1455/2397 2346/1446/2368 2331/1451/2394
f 2313/1461/2398 2337/1470/2399 2323/1471/2399 2314/1460/2400
f 2331/1462/2385 2330/1463/2385 2333/1472/2401 2332/1473/2401
f 2338/1459/2378 2313/1461/2398 2314/1460/2400 2315/1456/2378
f 2317/1466/2402 2316/1465/2403 2343/1464/2403 2318/1467/2404
f 2328/1469/2389 2344/1468/2389 2343/1464/2403 2316/1465/2403
f 2329/1467/2388 2322/1466/2388 2332/1473/2401 2333/1472/2401
f 2312/1473/2405 2317/1466/2402 2318/1467/2404 2320/1472/2405
f 2319/1462/2390 2312/1473/2405 2320/1472/2405 2340/1463/2390
f 2318/1474/2406 2343/1475/2407 2342/1476/2408
f 2318/1474/2406 2342/1476/2408 2320/1477/2409
f 2334/1474/2410 2335/1476/2411 2327/1475/2412
f 2336/1477/2413 2335/1476/2411 2334/1474/2410
f 2341/1478/2414 2335/1479/2411 2336/1480/2413
f 2337/1481/2415 2341/1478/2414 2336/1480/2413
f 2313/1482/2416 2341/1478/2414 2337/1481/2415
f 2338/1483/2417 2341/1478/2414 2313/1482/2416
f 2339/1484/2418 2341/1478/2414 2338/1483/2417
f 2340/1485/2419 2341/1478/2414 2339/1484/2418
f 2320/1486/2409 2341/1478/2414 2340/1485/2419
f 2342/1487/2408 2341/1478/2414 2320/1486/2409
f 2341/1478/2414 2327/1480/2412 2335/1479/2411
f 2327/1480/2412 2341/1478/2414 2330/1481/2420
f 2341/1478/2414 2342/1487/2408 2343/1486/2407
f 2344/1485/2421 2341/1478/2414 2343/1486/2407
f 2345/1484/2422 2341/1478/2414 2344/1485/2421
f 2329/1483/2423 2341/1478/2414 2345/1484/2422
f 2333/1482/2424 2341/1478/2414 2329/1483/2423
f 2330/1481/2420 2341/1478/2414 2333/1482/2424
f 2323/1471/2399 2337/1470/2399 2336/1461/2381 2324/1460/2380
o GregarArmor
v -0.835687 0.040534 -0.495920
v -0.819832 0.037686 -0.472078
v -0.814329 0.034923 -0.443972
v -0.817261 0.032776 -0.418626
v -0.833299 0.031305 -0.394804
v -0.858585 0.030305 -0.371997
v -0.960049 0.043554 -0.473419
v -0.937102 0.044859 -0.498563
v -0.913157 0.045307 -0.514494
v -0.887701 0.044563 -0.517377
v -0.859514 0.042962 -0.511831
v -0.823286 0.341954 -0.295917
v -0.810192 0.324764 -0.279553
v -0.807178 0.305257 -0.260976
v -0.814701 0.286401 -0.243014
v -0.831618 0.271069 -0.228403
v -0.855352 0.261593 -0.219366
v -0.882289 0.259417 -0.217280
v -0.908331 0.264872 -0.222461
v -0.929510 0.277128 -0.234122
v -0.942604 0.294318 -0.250486
v -0.945619 0.313825 -0.269064
v -0.938095 0.332681 -0.287025
v -0.921178 0.348013 -0.301636
v -0.897445 0.357489 -0.310673
v -0.870507 0.359665 -0.312760
v -0.844466 0.354210 -0.307578
v -0.814060 0.402497 -0.246577
v -0.798440 0.381990 -0.227055
v -0.794844 0.358719 -0.204894
v -0.803819 0.336226 -0.183468
v -0.823999 0.317936 -0.166037
v -0.852312 0.306632 -0.155257
v -0.884447 0.304036 -0.152768
v -0.909084 0.307217 -0.154874
v -0.933582 0.329555 -0.177045
v -0.960502 0.351391 -0.196918
v -0.959993 0.368941 -0.214542
v -0.951018 0.391434 -0.235969
v -0.930838 0.409725 -0.253399
v -0.902526 0.421028 -0.264179
v -0.870391 0.423624 -0.266668
v -0.839326 0.417116 -0.260487
v -0.945234 0.396039 -0.292569
v -0.971102 0.372594 -0.270226
v -0.844577 0.263893 -0.166768
v -0.808285 0.278382 -0.180586
v -0.908942 0.410528 -0.306387
v -0.885768 0.260565 -0.163577
v -0.867751 0.413856 -0.309578
v -0.925579 0.268863 -0.171531
v -0.827931 0.405514 -0.301655
v -0.959221 0.285915 -0.189259
v -0.775523 0.360489 -0.258801
v -0.795545 0.386774 -0.283824
v -0.977987 0.313889 -0.214385
v -0.770913 0.330659 -0.230394
v -0.982606 0.343762 -0.242761
v -0.782418 0.301827 -0.202929
v -0.896940 0.284865 -0.382194
v -0.919271 0.275950 -0.373692
v -0.882297 0.193009 -0.294799
v -0.856869 0.195338 -0.297138
v -0.871594 0.286913 -0.384157
v -0.906974 0.197910 -0.299398
v -0.847132 0.281809 -0.379335
v -0.927006 0.209350 -0.310272
v -0.815066 0.254530 -0.353627
v -0.827318 0.270424 -0.368606
v -0.939425 0.225469 -0.325621
v -0.812131 0.236479 -0.336550
v -0.942311 0.243796 -0.343076
v -0.818970 0.218890 -0.319793
v -0.935210 0.261528 -0.359956
v -0.834662 0.204403 -0.305891
v -0.905393 0.096157 -0.363039
v -0.897132 0.085764 -0.353453
v -0.976824 0.087813 -0.433550
v -0.893779 0.076715 -0.349503
v -0.982523 0.041510 -0.439835
v -0.937439 0.035639 -0.394743
v -0.896158 0.083487 -0.342983
v -0.982644 0.095348 -0.431264
v -0.880415 0.095459 -0.355703
v -0.892330 0.029732 -0.349679
v -0.908608 0.101470 -0.358581
v -0.904984 0.280275 -0.423313
v -0.883456 0.152040 -0.301227
v -0.869404 0.283140 -0.426039
v -0.918066 0.158724 -0.307420
v -0.835314 0.276080 -0.419470
v -0.946509 0.174463 -0.322354
v -0.790729 0.238541 -0.384528
v -0.964395 0.196870 -0.343754
v -0.786352 0.213693 -0.361153
v -0.968780 0.222548 -0.368312
v -0.795382 0.189245 -0.337787
v -0.958956 0.247476 -0.392119
v -0.816854 0.168796 -0.317939
v -0.936480 0.267765 -0.411436
v -0.847676 0.155779 -0.305135
v -0.807803 0.260383 -0.404878
v -0.915435 0.210037 -0.435281
v -0.859519 0.141515 -0.373400
v -0.836435 0.206328 -0.431950
v -0.895702 0.217753 -0.442502
v -0.881682 0.139776 -0.368929
v -0.873497 0.219532 -0.444004
v -0.903276 0.143852 -0.371720
v -0.852941 0.215498 -0.440345
v -0.921070 0.153268 -0.380422
v -0.826080 0.193347 -0.419904
v -0.932300 0.166437 -0.393771
v -0.823267 0.178370 -0.405872
v -0.935208 0.181256 -0.409589
v -0.828473 0.163600 -0.391648
v -0.929206 0.195117 -0.425592
v -0.841249 0.151319 -0.379230
v -0.918162 0.140202 -0.487192
v -0.859307 0.091051 -0.388300
v -0.831900 0.142145 -0.478998
v -0.897150 0.145373 -0.497414
v -0.882403 0.103145 -0.384193
v -0.873511 0.147734 -0.499304
v -0.905570 0.110761 -0.389349
v -0.850606 0.146621 -0.492786
v -0.924912 0.116118 -0.402925
v -0.820183 0.135168 -0.460047
v -0.937419 0.117917 -0.422827
v -0.817521 0.127392 -0.439516
v -0.941432 0.115789 -0.446059
v -0.823546 0.120082 -0.419115
v -0.936964 0.105965 -0.469035
v -0.839194 0.113947 -0.399677
v -0.896701 0.235499 -0.427328
v -0.880998 0.152944 -0.348657
v -0.873425 0.237516 -0.429286
v -0.903669 0.156916 -0.352192
v -0.851575 0.233345 -0.425718
v -0.922487 0.166849 -0.361561
v -0.822440 0.209791 -0.404196
v -0.934547 0.181189 -0.375266
v -0.819205 0.193839 -0.389181
v -0.937844 0.197745 -0.391159
v -0.824617 0.177953 -0.373870
v -0.931813 0.213949 -0.406733
v -0.838142 0.164487 -0.360591
v -0.917306 0.227234 -0.419456
v -0.857898 0.155757 -0.351799
v -0.833752 0.223610 -0.416933
v -0.835712 0.075872 -0.396897
v -0.944568 0.088437 -0.470601
v -0.820657 0.078090 -0.419115
v -0.814774 0.082174 -0.444967
v -0.818925 0.087548 -0.470590
v -0.853955 0.096140 -0.507095
v -0.879853 0.096767 -0.512606
v -0.906312 0.094939 -0.507742
v -0.832609 0.092758 -0.492327
v -0.857771 0.075335 -0.381843
v -0.929104 0.091800 -0.492993
v -0.972253 0.096368 -0.430293
v -0.962848 0.105298 -0.422471
v -0.949491 0.108341 -0.409541
v -0.933864 0.107505 -0.393581
v -0.918347 0.102955 -0.377133
v -0.897613 0.037499 -0.434342
v -0.969717 0.111851 -0.449447
v -0.968086 0.112129 -0.421253
v -0.954536 0.113969 -0.408304
v -0.938565 0.111982 -0.391689
v -0.922365 0.107421 -0.374001
v -0.987209 0.042121 -0.444519
v -0.887644 0.029120 -0.344996
v -0.922444 0.079947 -0.326252
v -0.999698 0.089959 -0.404063
v -0.925920 0.090684 -0.329727
v -0.933435 0.097825 -0.338512
v -0.995465 0.099823 -0.400736
v -0.987069 0.105218 -0.393892
v -0.974705 0.107746 -0.382332
v -0.960127 0.107081 -0.367601
v -0.945572 0.103479 -0.351979
v -1.007405 0.040832 -0.413350
v -0.918879 0.029272 -0.324861
v -0.963142 0.035052 -0.369105
v -0.892847 0.192915 -0.466770
v -0.877883 0.122439 -0.386880
v -0.870568 0.194532 -0.468548
v -0.900218 0.127686 -0.389409
v -0.849301 0.189828 -0.464625
v -0.918929 0.134911 -0.399470
v -0.821799 0.166601 -0.443442
v -0.930592 0.144419 -0.415512
v -0.819037 0.152980 -0.428476
v -0.933568 0.154624 -0.435072
v -0.824269 0.141082 -0.412261
v -0.927705 0.167564 -0.451579
v -0.837164 0.132226 -0.397567
v -0.913273 0.185348 -0.459455
v -0.855569 0.122553 -0.391134
v -0.832060 0.179671 -0.455598
v -0.877419 0.363830 -0.209718
v -0.930750 0.290675 -0.171120
v -0.962849 0.317609 -0.197009
v -0.916426 0.338691 -0.135179
v -0.933632 0.345605 -0.159185
v -0.951331 0.368680 -0.163721
v -0.932825 0.397467 -0.103699
v -0.965054 0.339853 -0.186901
v -0.921239 0.305458 -0.153962
v -0.955402 0.359396 -0.157315
v -0.925572 0.336456 -0.134969
v -0.967387 0.306216 -0.158140
v -0.957113 0.337276 -0.137805
v -0.958389 0.036753 -0.373651
v -0.993104 0.044125 -0.337835
v -1.031259 0.028859 -0.301658
v -0.989959 0.064553 -0.318324
v -0.947430 0.060975 -0.359460
v -1.004737 0.087045 -0.320667
v -0.955444 0.093520 -0.371327
v -1.009779 0.067141 -0.338136
v -0.970262 0.064197 -0.384216
v -0.984421 0.040152 -0.399673
v -1.019136 0.047524 -0.363857
v -1.057292 0.032259 -0.327680
v -1.015991 0.067952 -0.344346
v -0.970365 0.064211 -0.384319
v -1.030762 0.090390 -0.346776
v -0.981219 0.097173 -0.397988
v -1.035811 0.070540 -0.364158
v -0.996293 0.067596 -0.410241
v -0.932391 0.033358 -0.347664
v -0.967106 0.040730 -0.311848
v -1.005261 0.025465 -0.275671
v -0.963960 0.061158 -0.292337
v -0.918334 0.057417 -0.332310
v -0.978740 0.083691 -0.294627
v -0.929615 0.090080 -0.344782
v -0.983781 0.063746 -0.312149
v -0.796022 0.787948 -0.077536
v -0.800053 0.807390 -0.074250
v -0.807661 0.825668 -0.077857
v -0.817688 0.840002 -0.087809
v -0.828605 0.848209 -0.102589
v -0.838753 0.849039 -0.119949
v -0.846585 0.842366 -0.137245
v -0.850909 0.829206 -0.151843
v -0.851068 0.811563 -0.161523
v -0.847036 0.792121 -0.164809
v -0.839428 0.773842 -0.161202
v -0.832029 0.764829 -0.152493
v -0.817014 0.757051 -0.135817
v -0.807088 0.754130 -0.114440
v -0.800505 0.757144 -0.101815
v -0.796180 0.770305 -0.087216
v -0.845325 0.771977 -0.046583
v -0.849556 0.792379 -0.043135
v -0.857540 0.811561 -0.046920
v -0.868061 0.826602 -0.057363
v -0.879518 0.835215 -0.072874
v -0.890167 0.836086 -0.091091
v -0.898386 0.829083 -0.109241
v -0.902924 0.815273 -0.124561
v -0.903090 0.796758 -0.134718
v -0.898859 0.776356 -0.138167
v -0.890876 0.757174 -0.134382
v -0.880354 0.742133 -0.123939
v -0.868897 0.733521 -0.108428
v -0.858249 0.732650 -0.090211
v -0.850030 0.739652 -0.072061
v -0.845492 0.753462 -0.056741
v -0.936951 0.744075 0.005852
v -0.941197 0.764547 0.009313
v -0.949208 0.783794 0.005514
v -0.959765 0.798888 -0.004964
v -0.971262 0.807530 -0.020528
v -0.981947 0.808404 -0.038808
v -0.990194 0.801377 -0.057020
v -0.994748 0.787520 -0.072393
v -0.994914 0.768941 -0.082585
v -0.990669 0.748469 -0.086046
v -0.982658 0.729222 -0.082247
v -0.972100 0.714128 -0.071768
v -0.960604 0.705486 -0.056205
v -0.949919 0.704612 -0.037925
v -0.941672 0.711639 -0.019713
v -0.937118 0.725496 -0.004340
v -0.982577 0.728949 0.035488
v -0.987076 0.750643 0.039155
v -0.995566 0.771041 0.035130
v -1.006754 0.787036 0.024025
v -1.018937 0.796194 0.007531
v -1.030260 0.797120 -0.011840
v -1.039000 0.789674 -0.031140
v -1.043826 0.774988 -0.047431
v -1.044003 0.755300 -0.058232
v -1.039504 0.733605 -0.061899
v -1.031014 0.713208 -0.057874
v -1.019826 0.697213 -0.046770
v -1.007643 0.688055 -0.030276
v -0.996319 0.687129 -0.010904
v -0.987580 0.694575 0.008396
v -0.982754 0.709260 0.024687
v -0.953205 0.681180 0.003623
v -0.965708 0.670528 -0.023987
v -1.033668 0.796217 -0.076241
v -1.026765 0.817225 -0.052936
v -0.946301 0.702188 0.026928
v -1.033921 0.768051 -0.091693
v -0.952484 0.761390 0.047626
v -0.946048 0.730354 0.042380
v -1.027485 0.737016 -0.096939
v -0.964630 0.790569 0.041867
v -1.015340 0.707836 -0.091180
v -0.980635 0.813451 0.025982
v -0.999335 0.684954 -0.075294
v -0.998063 0.826552 0.002387
v -0.981906 0.671854 -0.051699
v -1.014262 0.827877 -0.025326
v -0.872881 0.753124 -0.167529
v -0.884298 0.780554 -0.172942
v -0.840256 0.852407 -0.057392
v -0.825211 0.830897 -0.042458
v -0.857835 0.731613 -0.152596
v -0.856640 0.864722 -0.079572
v -0.841517 0.718673 -0.130548
v -0.871867 0.865968 -0.105623
v -0.826224 0.718052 -0.104365
v -0.883621 0.855954 -0.131578
v -0.814471 0.728066 -0.078410
v -0.890110 0.836205 -0.153485
v -0.807981 0.747815 -0.056502
v -0.890783 0.813900 -0.166552
v -0.813794 0.803466 -0.037045
v -0.808179 0.778463 -0.040518
v -0.823545 0.799755 -0.119530
v -1.013290 0.742124 -0.011372
v -0.814037 0.745453 -0.117133
v -0.834800 0.754360 -0.148813
v -0.803196 0.745409 -0.148147
v -0.813131 0.751294 -0.161514
v -0.794421 0.743267 -0.132967
v -0.818446 0.714273 -0.146906
v -0.800036 0.735586 -0.135255
v -0.815437 0.742193 -0.158753
v -0.785001 0.731853 -0.163883
v -0.790740 0.734758 -0.171863
v -0.779829 0.730077 -0.155216
v -0.778602 0.716591 -0.172369
v -0.785280 0.722936 -0.157147
v -0.793153 0.726313 -0.169159
v -0.769424 0.718670 -0.177799
v -0.794879 0.713663 -0.162524
v -0.993137 0.688819 -0.066439
v -1.016854 0.678682 -0.053745
v -1.030189 0.668740 -0.047801
v -1.039555 0.660349 -0.044021
v -1.059023 0.661218 -0.031017
v -1.078020 0.668491 -0.016521
v -1.091769 0.683096 -0.003404
v -1.076941 0.686296 -0.012222
v -1.058150 0.691742 -0.023007
v -1.044080 0.695494 -0.031173
v -1.032295 0.699178 -0.037862
v -1.019411 0.703771 -0.045015
v -1.006117 0.708678 -0.052348
v -1.078946 0.678174 -0.021003
v -1.064697 0.679178 -0.036690
v -1.050618 0.680634 -0.049624
v -1.036766 0.688274 -0.052751
v -1.024035 0.695025 -0.056212
v -1.004840 0.701250 -0.064186
v -1.068213 0.672991 0.032536
v -1.054465 0.658386 0.019419
v -1.035468 0.651113 0.004923
v -1.016000 0.650244 -0.008081
v -1.006633 0.658635 -0.011861
v -0.993298 0.668577 -0.017805
v -0.969581 0.678714 -0.030499
v -0.982562 0.698573 -0.016408
v -0.995855 0.693666 -0.009075
v -1.008740 0.689073 -0.001922
v -1.020525 0.685389 0.004767
v -1.034595 0.681637 0.012933
v -1.053386 0.676190 0.023718
v -1.072159 0.675262 -0.010648
v -1.052149 0.673795 -0.017545
v -1.034494 0.673717 -0.025022
v -1.023947 0.682775 -0.033193
v -1.013810 0.690638 -0.040610
v -0.997096 0.697928 -0.052371
v -1.055390 0.668069 0.014937
v -1.041141 0.669073 -0.000750
v -1.027063 0.670529 -0.013684
v -1.013210 0.678169 -0.016811
v -1.000479 0.684920 -0.020272
v -0.981284 0.691145 -0.028247
v -1.048604 0.665157 0.025292
v -1.028594 0.663690 0.018395
v -1.010939 0.663612 0.010917
v -1.000391 0.672670 0.002747
v -0.990254 0.680533 -0.004670
v -0.973540 0.687823 -0.016431
v -0.780860 0.826645 0.057978
v -0.801486 0.811783 0.027037
v -0.806878 0.833006 -0.003054
v -0.798842 0.834684 -0.031759
v -0.776223 0.835566 -0.063689
v -0.738964 0.816567 -0.080311
v -0.708335 0.831347 -0.066175
v -0.779307 0.856532 0.057930
v -0.801272 0.841629 0.025688
v -0.806617 0.862394 -0.005628
v -0.798596 0.863203 -0.035707
v -0.775239 0.862998 -0.068970
v -0.736691 0.842734 -0.086371
v -0.703919 0.856373 -0.071718
v -0.782897 0.895209 0.054330
v -0.804536 0.871872 0.023448
v -0.807054 0.890916 -0.009624
v -0.798894 0.891935 -0.042164
v -0.774162 0.890101 -0.077703
v -0.734041 0.867880 -0.096598
v -0.698380 0.877550 -0.080486
v -0.779696 0.901815 0.055566
v -0.809422 0.869759 0.029399
v -0.811990 0.890351 -0.012403
v -0.802873 0.893458 -0.045738
v -0.776895 0.892324 -0.081871
v -0.735183 0.867568 -0.101020
v -0.697281 0.878557 -0.085433
v -0.748156 0.948622 0.055392
v -0.788135 0.951377 0.016521
v -0.799273 0.950848 -0.016465
v -0.797756 0.936303 -0.057342
v -0.772785 0.933524 -0.098847
v -0.718786 0.935792 -0.115071
v -0.682315 0.927597 -0.098123
v -0.739175 1.001019 0.025230
v -0.762169 1.003428 -0.003403
v -0.784552 0.994679 -0.017313
v -0.732143 1.020282 0.008365
v -0.745916 1.027995 -0.022592
v -0.716347 1.037656 -0.022183
v -0.735480 1.037428 -0.039836
v -0.696643 1.043437 -0.048645
v -0.723801 1.039600 -0.061326
v -0.685413 1.037388 -0.069044
v -0.712999 1.033701 -0.081867
v -0.680650 0.969496 -0.093303
v -0.713440 0.976363 -0.108038
v -0.681143 1.011500 -0.084668
v -0.710500 1.011734 -0.098366
v -0.675679 1.042353 -0.056214
v -0.757936 1.034855 -0.031914
v -0.747062 1.040825 -0.048675
v -0.736455 1.041177 -0.067512
v -0.725413 1.034994 -0.089715
v -0.730036 0.976191 -0.120113
v -0.723000 1.012264 -0.108300
v -0.746932 0.950568 -0.117695
v -0.800759 0.959028 -0.027839
v -0.756110 0.982013 -0.065841
v -0.783029 1.021554 0.036269
v -0.744408 1.032427 0.011827
v -0.771775 1.068069 0.007183
v -0.727173 1.066852 -0.048436
v -0.678459 1.063233 -0.078516
v -0.739524 1.003679 0.028797
v -0.748095 0.948719 0.058063
v -0.726281 1.037338 -0.001377
v -0.709138 1.047469 -0.031614
v -0.695035 1.047416 -0.047410
v -0.674737 1.046359 -0.054642
v -0.773652 1.071197 0.010825
v -0.744913 1.035863 0.016386
v -0.726287 1.069924 -0.046152
v -0.678092 1.066483 -0.076031
v -0.783316 1.024295 0.039545
v -0.677164 1.066098 -0.072860
v -0.769715 1.070783 0.013162
v -0.722229 1.069434 -0.043175
v -0.741124 1.034300 0.017439
v -0.778782 1.022353 0.041324
v -0.676907 1.024721 -0.043008
v -0.692892 1.025553 -0.037299
v -0.703824 1.025595 -0.025155
v -0.716853 1.017621 -0.002147
v -0.732961 0.947867 0.042826
v -0.727070 0.991128 0.021251
v -0.737025 0.947797 0.047580
v -0.777965 1.018666 0.035880
v -0.737822 1.029215 0.009127
v -0.763795 1.063365 0.004033
v -0.722348 1.063187 -0.048547
v -0.678039 1.059965 -0.074999
v -0.757320 1.084225 -0.123083
v -0.741942 1.059473 -0.142522
v -0.761662 1.015314 -0.133889
v -0.734532 1.018881 -0.117818
v -0.771995 1.037954 -0.134915
v -0.735209 1.044150 -0.112477
v -0.789107 1.055320 -0.125491
v -0.744243 1.060932 -0.096195
v -0.806940 1.061174 -0.104553
v -0.759044 1.065919 -0.071050
v -0.821727 1.050108 -0.077399
v -0.776622 1.056718 -0.043882
v -0.790656 1.036934 -0.022890
v -0.825370 1.005366 -0.037514
v -0.798413 1.010565 -0.014598
v -0.820097 0.982164 -0.033437
v -0.800743 0.984626 -0.021160
v -0.806349 0.961209 -0.030803
v -0.736579 1.024863 -0.146552
v -0.756878 0.967667 -0.110751
v -0.759689 0.991812 -0.122464
v -0.744061 0.992021 -0.112780
v -0.779679 1.092669 -0.089828
v -0.802517 1.078341 -0.050063
v -0.818686 1.049485 -0.018553
v -0.824326 1.013535 -0.004739
v -0.819510 0.979259 -0.009873
v -0.742594 0.989172 -0.134334
v -0.807651 1.047301 -0.152674
v -0.780735 1.031161 -0.159713
v -0.773274 0.987958 -0.144184
v -0.761728 1.015360 -0.133838
v -0.792619 0.999477 -0.152431
v -0.772184 1.038041 -0.134712
v -0.816444 1.007219 -0.149934
v -0.789196 1.055316 -0.125372
v -0.837736 1.007905 -0.135538
v -0.849342 0.999920 -0.111063
v -0.849926 0.986755 -0.084748
v -0.828128 1.029029 -0.052184
v -0.840239 0.973115 -0.065093
v -0.823048 0.962064 -0.055770
v -0.805713 0.956919 -0.042975
v -0.761634 1.008979 -0.153443
v -0.757466 0.966240 -0.106578
v -0.763073 0.975360 -0.126776
v -0.759837 0.991901 -0.122458
v -0.835023 1.049720 -0.131801
v -0.850725 1.038943 -0.096101
v -0.854398 1.016926 -0.062617
v -0.846746 0.992520 -0.041451
v -0.829394 0.971190 -0.035244
v -0.753954 0.985832 -0.134102
v -0.823014 0.981089 -0.172289
v -0.791546 0.978357 -0.173830
v -0.776540 0.955169 -0.151849
v -0.773608 0.987932 -0.144006
v -0.796690 0.957372 -0.161914
v -0.792985 0.999155 -0.152629
v -0.820056 0.957108 -0.160314
v -0.816956 1.006639 -0.150277
v -0.840507 0.954140 -0.147510
v -0.838269 1.007237 -0.136107
v -0.852178 0.949319 -0.125488
v -0.849697 0.999376 -0.111619
v -0.853256 0.943655 -0.100577
v -0.850065 0.986495 -0.085189
v -0.843016 0.939057 -0.079751
v -0.840176 0.973143 -0.065334
v -0.823510 0.938241 -0.067128
v -0.822903 0.962235 -0.056155
v -0.801445 0.943520 -0.052914
v -0.765381 0.971959 -0.160698
v -0.752111 0.955482 -0.106424
v -0.764295 0.952587 -0.131349
v -0.763159 0.975499 -0.126578
v -0.850791 0.978540 -0.155867
v -0.865512 0.970787 -0.126202
v -0.866019 0.960296 -0.093026
v -0.852690 0.950783 -0.065924
v -0.828347 0.944928 -0.051259
v -0.750874 0.963684 -0.135296
v -0.751637 1.274467 -0.059035
v -0.734252 1.291242 -0.048785
v -0.753722 1.265161 -0.081642
v -0.736029 1.224286 -0.134519
v -0.703033 1.131095 -0.134944
v -0.754789 1.270303 -0.051974
v -0.696322 1.118927 -0.131019
v -0.638142 1.113926 -0.150026
v -0.717187 1.149503 -0.139409
v -0.738748 1.178456 -0.125366
v -0.692091 1.255857 -0.150651
v -0.725136 1.293782 -0.082903
v -0.747480 1.191447 -0.117846
v -0.764200 1.253710 -0.075658
v -0.674675 1.115117 -0.147691
v -0.738614 1.282457 -0.028248
v -0.641390 1.149515 -0.172028
v -0.686381 1.137579 -0.159012
v -0.716859 1.194128 -0.154598
v -0.668187 1.216046 -0.173882
v -0.749833 1.245020 -0.114984
v -0.710753 1.280351 -0.124916
v -0.765672 1.228282 -0.097045
v -0.705627 1.170836 -0.163911
v -0.698853 1.156927 -0.164474
v -0.656795 1.188049 -0.177810
v -0.649693 1.169673 -0.177446
v -0.727651 1.081677 -0.047697
v -0.725536 1.158436 -0.135031
v -0.673824 1.116908 -0.188820
v -0.693315 1.099282 -0.111897
v -0.642739 1.089426 -0.123856
v -0.674492 1.093043 -0.124484
v -0.690099 1.134326 -0.195244
v -0.737963 1.117972 -0.037956
v -0.752987 1.282134 -0.137824
v -0.716883 1.332002 -0.081723
v -0.752359 1.249105 -0.166425
v -0.704692 1.152695 -0.199073
v -0.717314 1.175469 -0.199387
v -0.714452 1.148942 -0.493966
v -0.713831 1.037347 0.045950
v -0.733850 1.043242 0.024323
v -0.745623 1.058641 -0.005389
v -0.748499 1.074997 -0.027933
v -0.747661 1.090604 -0.044070
v -0.716207 1.047027 0.046211
v -0.728987 1.050776 0.032672
v -0.736365 1.056248 0.020304
v -0.749496 1.067707 -0.003999
v -0.748708 1.083319 -0.023536
v -0.751803 1.097784 -0.039629
v -0.739287 1.064510 0.033400
v -0.709319 1.033932 0.039629
v -0.721049 1.039673 0.025622
v -0.729782 1.046293 0.011003
v -0.740634 1.055763 -0.009588
v -0.743538 1.069918 -0.030203
v -0.743397 1.084219 -0.045216
v -0.722835 1.027110 0.012835
v -0.736392 1.049369 0.014319
v -0.726181 1.041495 0.031993
v -0.747576 1.148630 0.087801
v -0.743960 1.110821 0.070438
v -0.759866 1.131309 0.059983
v -0.769740 1.137670 0.041151
v -0.778839 1.141629 0.015673
v -0.781147 1.145780 -0.014573
v -0.772317 1.148112 -0.030811
v -0.803879 1.151962 0.167350
v -0.808142 1.156394 0.134608
v -0.810694 1.163027 0.089909
v -0.809150 1.166217 0.059362
v -0.801977 1.168837 0.014560
v -0.782916 1.170570 -0.062388
v -0.793912 1.171622 -0.019494
v -0.764398 1.120028 0.106721
v -0.750196 1.338641 -0.072227
v -0.796124 1.246165 0.027206
v -0.790067 1.231888 0.077640
v -0.792691 1.207100 0.087440
v -0.799586 1.214147 0.044620
v -0.758554 1.400305 -0.467704
v -0.770760 1.313919 -0.115523
v -0.770636 1.389701 -0.445033
v -0.777001 1.230936 -0.180791
v -0.821402 1.274447 -0.159980
v -0.792177 1.233432 -0.064372
v -0.795297 1.224515 -0.005156
v -0.719165 1.146532 -0.467280
v -0.707867 1.116704 -0.125789
v -0.708554 1.106540 -0.206926
v -0.755532 1.192541 -0.204957
v -0.718330 1.116720 -0.208840
v -0.752909 1.142426 -0.216956
v -0.738075 1.154171 -0.154229
v -0.737382 1.151641 -0.118038
v -0.763572 1.191532 -0.137236
v -0.782577 1.128876 0.109184
v -0.789746 1.142205 0.074204
v -0.794032 1.146838 0.050059
v -0.795816 1.149602 0.014454
v -0.793580 1.152772 -0.018833
v -0.782513 1.153171 -0.044468
v -0.759149 1.163654 -0.102189
v -0.775708 1.122060 0.140283
v -0.762937 1.264668 0.080963
v -0.781550 1.253069 0.061799
v -0.774102 1.249348 0.094403
v -0.781065 1.238560 0.096710
v -0.768653 1.243921 0.109774
v -0.793465 0.884668 0.037483
v -0.796711 0.888049 0.041441
v -0.690152 0.898984 -0.092028
v -0.794112 0.927098 0.024099
v -0.807143 0.917599 -0.014902
v -0.800843 0.911969 -0.051617
v -0.774763 0.907895 -0.089142
v -0.726889 0.901355 -0.109588
v -0.769588 0.931679 0.048087
v -0.583929 0.990784 -0.180217
v -0.688246 0.929891 -0.047068
v -0.618789 0.870629 -0.151926
v -0.698385 0.886417 -0.032651
v -0.728565 1.339567 -0.105565
v -0.741944 1.314906 -0.122174
v -0.740636 1.308157 -0.104064
v -0.770478 1.330896 -0.118739
v -0.750588 1.354432 -0.102363
v -0.768948 1.323430 -0.098859
v -0.739844 1.234246 -0.201216
v -0.733607 1.208526 -0.208050
v -0.734771 1.209462 -0.185257
v -0.757094 1.203954 -0.219295
v -0.763228 1.229721 -0.212914
v -0.760476 1.204121 -0.196356
v -0.914111 0.163696 -0.476525
v -0.855495 0.111721 -0.394625
v -0.831447 0.160360 -0.469848
v -0.893555 0.169667 -0.485176
v -0.878407 0.113840 -0.390062
v -0.870979 0.171195 -0.486917
v -0.901094 0.118826 -0.393958
v -0.849204 0.167845 -0.481546
v -0.919676 0.126513 -0.405360
v -0.820558 0.150550 -0.453769
v -0.931438 0.132822 -0.423522
v -0.817958 0.140396 -0.435654
v -0.934425 0.139682 -0.444218
v -0.823579 0.131044 -0.417098
v -0.928211 0.149403 -0.462570
v -0.837004 0.123613 -0.401187
v -0.360066 0.044277 0.123827
v -0.388598 0.042598 0.127322
v -0.413518 0.039401 0.141346
v -0.430775 0.035781 0.159913
v -0.438242 0.031142 0.187291
v -0.438846 0.025776 0.220927
v -0.295198 0.029716 0.231249
v -0.291283 0.035173 0.197851
v -0.294999 0.039509 0.169672
v -0.309574 0.042271 0.148827
v -0.332315 0.044170 0.131385
v -0.474836 0.358381 0.156536
v -0.498141 0.344910 0.153352
v -0.520386 0.331269 0.160690
v -0.538183 0.319534 0.177432
v -0.548824 0.311493 0.201030
v -0.550688 0.308369 0.227891
v -0.543492 0.310638 0.253926
v -0.528331 0.317955 0.275171
v -0.507513 0.329205 0.288391
v -0.484208 0.342677 0.291575
v -0.461963 0.356318 0.284238
v -0.444166 0.368052 0.267496
v -0.433525 0.376093 0.243898
v -0.431661 0.379217 0.217037
v -0.438857 0.376948 0.191002
v -0.454018 0.369631 0.169757
v -0.509598 0.428562 0.149376
v -0.537399 0.412492 0.145578
v -0.563936 0.396219 0.154331
v -0.585166 0.382220 0.174303
v -0.597860 0.372628 0.202454
v -0.600084 0.368901 0.234497
v -0.591499 0.371608 0.265554
v -0.580132 0.377447 0.286961
v -0.546366 0.395733 0.297738
v -0.513938 0.414534 0.311572
v -0.494242 0.426100 0.301714
v -0.473011 0.440098 0.281742
v -0.460317 0.449691 0.253592
v -0.458093 0.453418 0.221549
v -0.466678 0.450711 0.190492
v -0.484764 0.441982 0.165148
v -0.422634 0.427570 0.258004
v -0.438905 0.415274 0.294088
v -0.601791 0.324011 0.233528
v -0.598941 0.328788 0.192454
v -0.419784 0.432346 0.216931
v -0.590787 0.327481 0.273338
v -0.430788 0.428876 0.177121
v -0.567589 0.338618 0.305816
v -0.453971 0.417688 0.144635
v -0.535775 0.354423 0.327608
v -0.521441 0.379886 0.119549
v -0.485804 0.400485 0.124418
v -0.500120 0.376420 0.330901
v -0.555455 0.359027 0.130769
v -0.466120 0.397330 0.319689
v -0.582670 0.341084 0.156370
v -0.382868 0.289918 0.211149
v -0.384622 0.286979 0.236422
v -0.487699 0.225601 0.245261
v -0.494096 0.223615 0.220510
v -0.389639 0.287784 0.186653
v -0.473674 0.232368 0.265549
v -0.403836 0.280917 0.166678
v -0.454158 0.242909 0.278136
v -0.444592 0.257898 0.151112
v -0.423130 0.270417 0.154236
v -0.432250 0.255560 0.281251
v -0.465125 0.245223 0.157732
v -0.411332 0.268382 0.274407
v -0.481792 0.234252 0.173184
v -0.394613 0.279417 0.258642
v -0.492037 0.226642 0.195241
v -0.413358 0.086149 0.271774
v -0.425143 0.075321 0.269562
v -0.312379 0.069828 0.276878
v -0.430255 0.066178 0.268029
v -0.305812 0.023224 0.269750
v -0.369660 0.021488 0.265183
v -0.433567 0.072584 0.275202
v -0.310696 0.076880 0.284890
v -0.435773 0.089085 0.257809
v -0.433503 0.019721 0.260575
v -0.416407 0.092866 0.278658
v -0.343668 0.274989 0.207026
v -0.490474 0.185070 0.253669
v -0.353203 0.271991 0.172651
v -0.471079 0.194454 0.282246
v -0.372837 0.262429 0.144755
v -0.443938 0.209087 0.300386
v -0.428690 0.230565 0.122777
v -0.413207 0.226741 0.305271
v -0.456954 0.213033 0.131538
v -0.383683 0.244725 0.295967
v -0.480358 0.197739 0.152599
v -0.360055 0.260238 0.273928
v -0.495264 0.186967 0.183175
v -0.346023 0.270871 0.242622
v -0.498812 0.182538 0.218547
v -0.399325 0.247869 0.127362
v -0.344557 0.206408 0.228974
v -0.435936 0.150875 0.213228
v -0.376468 0.192869 0.157811
v -0.343309 0.208934 0.206768
v -0.432253 0.153560 0.234824
v -0.349441 0.207112 0.185377
v -0.421143 0.159850 0.252473
v -0.360958 0.201472 0.168414
v -0.404887 0.168917 0.263914
v -0.393967 0.182557 0.154890
v -0.385878 0.179193 0.267188
v -0.411135 0.172042 0.160107
v -0.367211 0.189157 0.261664
v -0.425639 0.162868 0.172955
v -0.351753 0.196921 0.248063
v -0.435094 0.156378 0.191724
v -0.307088 0.127649 0.213629
v -0.423632 0.086991 0.220057
v -0.358149 0.131447 0.145335
v -0.308777 0.131865 0.190506
v -0.412953 0.097733 0.242362
v -0.318886 0.134043 0.169489
v -0.395557 0.104306 0.258475
v -0.336181 0.133860 0.153591
v -0.373634 0.108393 0.266302
v -0.381510 0.127332 0.146129
v -0.349916 0.108227 0.264239
v -0.401765 0.122489 0.155816
v -0.328146 0.104249 0.252326
v -0.417165 0.117597 0.173067
v -0.311862 0.093734 0.231426
v -0.425932 0.112735 0.198018
v -0.352828 0.230221 0.208310
v -0.448061 0.172099 0.236656
v -0.358875 0.228347 0.185736
v -0.435920 0.178010 0.255627
v -0.370798 0.222371 0.167579
v -0.418535 0.187381 0.267895
v -0.405890 0.202103 0.152593
v -0.398640 0.198761 0.271586
v -0.424194 0.190791 0.157828
v -0.379384 0.210405 0.266002
v -0.439680 0.180826 0.171131
v -0.363809 0.220510 0.251974
v -0.449903 0.173706 0.190762
v -0.354479 0.227481 0.231648
v -0.452794 0.170667 0.213700
v -0.387256 0.213160 0.156008
v -0.432555 0.074689 0.194196
v -0.305646 0.075685 0.230284
v -0.424773 0.078794 0.168967
v -0.407542 0.082914 0.148591
v -0.383692 0.086640 0.136382
v -0.332215 0.090340 0.142083
v -0.312464 0.089069 0.158529
v -0.300623 0.085645 0.180910
v -0.357184 0.089361 0.134191
v -0.429700 0.070952 0.220197
v -0.298236 0.080824 0.206001
v -0.318323 0.079287 0.278195
v -0.331527 0.090198 0.279337
v -0.350797 0.095405 0.278634
v -0.373250 0.096442 0.276703
v -0.395183 0.092802 0.274150
v -0.365926 0.030382 0.209825
v -0.307980 0.097251 0.271317
v -0.331670 0.098514 0.287872
v -0.352235 0.103740 0.287069
v -0.375711 0.104200 0.284529
v -0.398073 0.099882 0.281324
v -0.299178 0.023405 0.270226
v -0.440137 0.019539 0.260098
v -0.428653 0.064475 0.304902
v -0.319223 0.067637 0.312920
v -0.423878 0.075431 0.307060
v -0.413272 0.083078 0.308617
v -0.325357 0.078807 0.314790
v -0.337318 0.086261 0.315133
v -0.355399 0.091255 0.314596
v -0.376362 0.092405 0.312954
v -0.396630 0.089182 0.310728
v -0.309430 0.018070 0.305546
v -0.434761 0.014633 0.296541
v -0.372095 0.016351 0.301043
v -0.328094 0.178694 0.201791
v -0.417689 0.124972 0.235655
v -0.334521 0.177217 0.180210
v -0.405705 0.132474 0.252390
v -0.347520 0.171893 0.162807
v -0.388982 0.140828 0.262605
v -0.384292 0.154561 0.150443
v -0.368835 0.148392 0.264614
v -0.402622 0.145620 0.157363
v -0.348206 0.154026 0.257653
v -0.417488 0.138006 0.172091
v -0.333645 0.162423 0.243682
v -0.426199 0.132495 0.192323
v -0.328797 0.176009 0.224666
v -0.424468 0.123740 0.214179
v -0.365346 0.163747 0.152271
v -0.529088 0.411159 0.228023
v -0.561320 0.360143 0.305767
v -0.520464 0.382788 0.321388
v -0.588481 0.413923 0.292634
v -0.559037 0.416045 0.299612
v -0.543544 0.439101 0.309341
v -0.598303 0.480908 0.304089
v -0.523962 0.407069 0.321470
v -0.577029 0.377725 0.298876
v -0.549962 0.432681 0.317175
v -0.585914 0.413133 0.301661
v -0.556670 0.383663 0.340081
v -0.571950 0.417483 0.329761
v -0.371703 0.018869 0.294746
v -0.375432 0.019964 0.345017
v -0.378437 -0.001831 0.395153
v -0.391032 0.039761 0.358153
v -0.378390 0.060218 0.370551
v -0.374352 0.076983 0.303490
v -0.362971 0.040531 0.360169
v -0.354430 0.044910 0.300157
v -0.334847 0.019880 0.297394
v -0.338577 0.020975 0.347665
v -0.341581 -0.000820 0.397801
v -0.354177 0.040772 0.360801
v -0.354284 0.044914 0.300168
v -0.341561 0.061243 0.373213
v -0.337755 0.078534 0.306639
v -0.326116 0.041542 0.362818
v -0.317574 0.045922 0.302806
v -0.408510 0.017859 0.292101
v -0.412240 0.018954 0.342372
v -0.415244 -0.002840 0.392508
v -0.427840 0.038751 0.355508
v -0.427947 0.042893 0.294875
v -0.415185 0.059208 0.367905
v -0.410979 0.075642 0.300537
v -0.399779 0.039521 0.357525
v -0.391316 0.048760 0.298292
v -0.566726 0.778641 0.079688
v -0.560246 0.797645 0.081059
v -0.547756 0.813246 0.078693
v -0.531157 0.823070 0.072951
v -0.512977 0.825621 0.064706
v -0.495982 0.820511 0.055214
v -0.482762 0.808517 0.045920
v -0.475327 0.791466 0.038239
v -0.474811 0.771953 0.033340
v -0.481291 0.752950 0.031969
v -0.493782 0.737348 0.034335
v -0.506304 0.731966 0.039439
v -0.528758 0.730811 0.047090
v -0.547949 0.734996 0.060439
v -0.558776 0.742077 0.067108
v -0.566210 0.759128 0.074789
v -0.543178 0.766177 0.133856
v -0.536378 0.786120 0.135295
v -0.523271 0.802492 0.132812
v -0.505852 0.812801 0.126786
v -0.486773 0.815478 0.118134
v -0.468940 0.810115 0.108173
v -0.455066 0.797529 0.098420
v -0.447264 0.779636 0.090359
v -0.446723 0.759159 0.085218
v -0.453523 0.739217 0.083780
v -0.466630 0.722845 0.086262
v -0.484049 0.712536 0.092289
v -0.503128 0.709859 0.100941
v -0.520961 0.715222 0.110902
v -0.534835 0.727807 0.120655
v -0.542637 0.745701 0.128715
v -0.496600 0.743325 0.229937
v -0.489777 0.763336 0.231381
v -0.476624 0.779764 0.228889
v -0.459146 0.790109 0.222843
v -0.440002 0.792796 0.214161
v -0.422107 0.787414 0.204166
v -0.408186 0.774785 0.194379
v -0.400357 0.756830 0.186291
v -0.399814 0.736283 0.181132
v -0.406637 0.716272 0.179689
v -0.419790 0.699844 0.182180
v -0.437268 0.689499 0.188227
v -0.456412 0.686813 0.196909
v -0.474307 0.692194 0.206904
v -0.488228 0.704823 0.216691
v -0.496057 0.722778 0.224779
v -0.475358 0.731731 0.280958
v -0.468126 0.752937 0.282488
v -0.454188 0.770347 0.279847
v -0.435666 0.781309 0.273439
v -0.415378 0.784156 0.264239
v -0.396415 0.778453 0.253647
v -0.381662 0.765069 0.243276
v -0.373366 0.746042 0.234704
v -0.372790 0.724268 0.229238
v -0.380021 0.703062 0.227708
v -0.393959 0.685652 0.230348
v -0.412482 0.674689 0.236756
v -0.432769 0.671843 0.245957
v -0.451733 0.677545 0.256549
v -0.466486 0.690929 0.266920
v -0.474782 0.709956 0.275491
v -0.496623 0.680777 0.247619
v -0.475518 0.661631 0.232783
v -0.363409 0.759620 0.201533
v -0.375277 0.786840 0.213795
v -0.508491 0.707997 0.259881
v -0.362585 0.728470 0.193713
v -0.498970 0.769484 0.269890
v -0.509315 0.739147 0.267702
v -0.372930 0.698134 0.191524
v -0.479031 0.794389 0.266113
v -0.392869 0.673229 0.195301
v -0.452533 0.810072 0.256946
v -0.419367 0.657546 0.204469
v -0.423511 0.814144 0.243784
v -0.448389 0.653474 0.217630
v -0.396382 0.805986 0.228632
v -0.467275 0.711992 0.049920
v -0.448532 0.735405 0.046369
v -0.523362 0.840631 0.107868
v -0.548271 0.825889 0.116486
v -0.492185 0.697250 0.058537
v -0.496080 0.844460 0.095496
v -0.519496 0.692781 0.070944
v -0.470578 0.836791 0.081252
v -0.544969 0.701091 0.085154
v -0.450738 0.818792 0.067305
v -0.564809 0.719089 0.099101
v -0.439582 0.793205 0.055778
v -0.575965 0.744677 0.110628
v -0.438136 0.768255 0.049132
v -0.567015 0.802477 0.120037
v -0.576069 0.778291 0.118685
v -0.520769 0.775297 0.056514
v -0.424074 0.727999 0.255098
v -0.542830 0.725175 0.063298
v -0.508159 0.722653 0.045816
v -0.537451 0.717912 0.031712
v -0.521320 0.718744 0.024560
v -0.552563 0.721017 0.040314
v -0.532444 0.686761 0.046137
v -0.548531 0.712411 0.042650
v -0.522815 0.710540 0.029682
v -0.548713 0.702756 0.011564
v -0.539391 0.702694 0.007305
v -0.557610 0.704020 0.016492
v -0.553769 0.686597 0.003870
v -0.553758 0.696046 0.018946
v -0.540612 0.695089 0.012317
v -0.558519 0.688153 -0.005776
v -0.545263 0.684619 0.021022
v -0.427889 0.664366 0.208021
v -0.416109 0.655427 0.232673
v -0.409928 0.646023 0.246288
v -0.405733 0.637965 0.255770
v -0.395105 0.640111 0.276537
v -0.384064 0.648834 0.297175
v -0.375099 0.664788 0.312652
v -0.382791 0.667138 0.297058
v -0.392394 0.671553 0.277377
v -0.399618 0.674521 0.262621
v -0.405613 0.677567 0.250293
v -0.412108 0.681481 0.236848
v -0.418792 0.685691 0.222985
v -0.378875 0.656753 0.292168
v -0.383361 0.655065 0.271501
v -0.388892 0.654541 0.253150
v -0.397384 0.662575 0.242042
v -0.404977 0.669539 0.231389
v -0.416062 0.675511 0.213719
v -0.414431 0.667650 0.332485
v -0.423396 0.651696 0.317009
v -0.434438 0.642973 0.296371
v -0.445066 0.640827 0.275603
v -0.449261 0.648885 0.266122
v -0.455442 0.658289 0.252507
v -0.467222 0.667228 0.227855
v -0.458125 0.688553 0.242819
v -0.451441 0.684342 0.256681
v -0.444946 0.680429 0.270127
v -0.438951 0.677383 0.282455
v -0.431727 0.674415 0.297210
v -0.422124 0.670000 0.316892
v -0.390208 0.657578 0.297882
v -0.404313 0.656590 0.282066
v -0.415816 0.656500 0.266726
v -0.418789 0.664132 0.252835
v -0.422051 0.670781 0.239999
v -0.428993 0.676452 0.220239
v -0.418208 0.659615 0.312002
v -0.422694 0.657927 0.291334
v -0.428225 0.657403 0.272984
v -0.436717 0.665437 0.261876
v -0.444310 0.672401 0.251223
v -0.455395 0.678373 0.233552
v -0.429540 0.660440 0.317716
v -0.443646 0.659452 0.301899
v -0.455149 0.659362 0.286560
v -0.458122 0.666994 0.272669
v -0.461384 0.673643 0.259833
v -0.468326 0.679314 0.240073
v -0.677722 0.827760 -0.043918
v -0.751041 0.822981 0.081594
v -0.715735 0.819697 0.095816
v -0.681026 0.799884 0.096953
v -0.649674 0.816061 0.088295
v -0.628613 0.816196 0.067169
v -0.611946 0.817537 0.031795
v -0.618340 0.804284 -0.010272
v -0.643243 0.824118 -0.028335
v -0.672086 0.851975 -0.048451
v -0.748257 0.852382 0.082579
v -0.711501 0.848213 0.097407
v -0.675829 0.827439 0.098632
v -0.642806 0.842218 0.089750
v -0.620658 0.841206 0.067902
v -0.603275 0.841551 0.031176
v -0.610378 0.828112 -0.012897
v -0.636117 0.847802 -0.032223
v -0.664037 0.872632 -0.056060
v -0.743909 0.887597 0.084121
v -0.698369 0.883068 0.103677
v -0.666940 0.854209 0.103617
v -0.633300 0.866630 0.091762
v -0.608940 0.864838 0.068716
v -0.590328 0.863073 0.029665
v -0.598096 0.849832 -0.017346
v -0.625998 0.866722 -0.038198
v -0.661226 0.872719 -0.059915
v -0.741272 0.899400 0.084328
v -0.698512 0.888943 0.103052
v -0.670005 0.850659 0.110719
v -0.628388 0.862927 0.094862
v -0.603244 0.862548 0.070973
v -0.584479 0.861586 0.030693
v -0.593446 0.846505 -0.018222
v -0.621376 0.866282 -0.041017
v -0.644598 0.916718 -0.073864
v -0.729944 0.942714 0.079517
v -0.699560 0.940054 0.083882
v -0.647528 0.926597 0.098952
v -0.609606 0.923235 0.094106
v -0.578048 0.905113 0.070639
v -0.555161 0.902192 0.027948
v -0.570822 0.909702 -0.028326
v -0.603964 0.913782 -0.052189
v -0.707862 0.821249 0.006861
v -0.664476 0.987847 0.069023
v -0.627855 0.982536 0.074892
v -0.604608 0.973388 0.086550
v -0.648349 1.005507 0.057490
v -0.613963 1.009251 0.053780
v -0.625022 1.021553 0.031357
v -0.602710 1.019013 0.036776
v -0.609931 1.028148 0.002190
v -0.589737 1.021049 0.015949
v -0.600041 1.022883 -0.019216
v -0.578406 1.014771 -0.004190
v -0.598084 0.954937 -0.044898
v -0.566687 0.954607 -0.022604
v -0.594651 0.996716 -0.034084
v -0.569360 0.991637 -0.016632
v -0.636209 0.964558 -0.073783
v -0.636227 1.005671 -0.061387
v -0.639587 1.036330 -0.046435
v -0.613287 1.031352 -0.019637
v -0.599172 1.015637 0.059232
v -0.589382 1.021592 0.041744
v -0.578498 1.021657 0.023063
v -0.565883 1.014888 0.001883
v -0.547160 0.952427 -0.014205
v -0.554657 0.990788 -0.011287
v -0.546031 0.923910 -0.001020
v -0.593917 0.933988 0.092018
v -0.579565 0.959785 0.036333
v -0.648679 0.997865 0.115032
v -0.642609 1.014477 0.071508
v -0.617060 1.040788 0.097886
v -0.590220 1.042703 0.031854
v -0.626810 1.054583 -0.062740
v -0.587648 1.047220 -0.025277
v -0.666677 0.990834 0.071504
v -0.701837 0.940562 0.085182
v -0.638330 1.021831 0.050185
v -0.617740 1.031353 0.021969
v -0.610695 1.032545 0.002034
v -0.614029 1.035654 -0.019052
v -0.639665 1.040487 -0.045052
v -0.618509 1.043841 0.101779
v -0.645386 1.018314 0.074735
v -0.591782 1.046207 0.032703
v -0.589099 1.050792 -0.023858
v -0.626708 1.058867 -0.061624
v -0.650640 1.000901 0.117328
v -0.592325 1.051139 -0.023122
v -0.629126 1.058211 -0.057697
v -0.622399 1.044807 0.099528
v -0.596293 1.047228 0.030656
v -0.648408 1.017951 0.071794
v -0.654717 1.000477 0.114058
v -0.715198 0.943085 0.054493
v -0.628516 1.016189 -0.014638
v -0.625901 1.013741 0.001975
v -0.631277 1.012803 0.017376
v -0.647020 1.005307 0.038794
v -0.695943 0.941340 0.064528
v -0.669124 0.980910 0.055222
v -0.698167 0.940945 0.070361
v -0.651392 0.996347 0.110084
v -0.644125 1.012693 0.064057
v -0.619208 1.037870 0.088798
v -0.593259 1.040425 0.027133
v -0.591676 1.044737 -0.024368
v -0.628808 1.051726 -0.060190
v -0.648607 1.020046 -0.035947
v -0.519432 1.059466 0.007013
v -0.515415 1.034811 -0.015891
v -0.519866 0.989389 0.004146
v -0.544600 0.997330 -0.008492
v -0.510118 1.010784 0.011228
v -0.545073 1.022815 -0.005359
v -0.505562 1.027164 0.029724
v -0.551012 1.039935 0.010659
v -0.562580 1.045494 0.036333
v -0.525906 1.022899 0.082763
v -0.576222 1.036846 0.065552
v -0.588246 1.017526 0.088644
v -0.594345 0.991235 0.099812
v -0.570909 0.959307 0.107793
v -0.591393 0.964674 0.098545
v -0.583901 0.940022 0.098346
v -0.519744 1.000638 -0.022136
v -0.545365 0.944759 0.014466
v -0.533260 0.967205 0.009587
v -0.547226 0.970095 0.002429
v -0.533004 1.068370 0.043270
v -0.554618 1.055152 0.083636
v -0.575148 1.027488 0.114202
v -0.588084 0.992362 0.126647
v -0.591195 0.958372 0.120267
v -0.531170 0.965596 -0.010232
v -0.476477 1.014825 0.025295
v -0.489137 1.000716 0.001195
v -0.513806 0.959555 0.003458
v -0.519863 0.989433 0.004225
v -0.494057 0.968495 0.012353
v -0.510160 1.010869 0.011489
v -0.480151 0.974245 0.031357
v -0.505606 1.027162 0.029861
v -0.477748 0.974289 0.056080
v -0.512627 1.032151 0.061541
v -0.490112 0.967511 0.080128
v -0.511385 0.956754 0.097293
v -0.545100 1.003486 0.102484
v -0.534053 0.945859 0.102712
v -0.560311 0.980908 0.109596
v -0.553215 0.937285 0.096066
v -0.574733 0.934846 0.091665
v -0.508342 0.981029 -0.008986
v -0.552896 0.943071 0.016905
v -0.534954 0.949539 0.007067
v -0.533171 0.967279 0.009708
v -0.476039 1.016482 0.057938
v -0.495743 1.007436 0.091935
v -0.522469 0.988153 0.115332
v -0.546710 0.966484 0.122778
v -0.564727 0.947470 0.113884
v -0.531020 0.960452 -0.002676
v -0.463753 0.945545 0.019707
v -0.483082 0.945468 -0.004228
v -0.512325 0.925750 -0.000218
v -0.513739 0.959515 0.003818
v -0.491764 0.925225 0.008045
v -0.493737 0.968122 0.012524
v -0.478097 0.923043 0.026208
v -0.479676 0.973589 0.031563
v -0.474926 0.919466 0.049491
v -0.477105 0.973523 0.056169
v -0.484400 0.915678 0.072293
v -0.489567 0.966886 0.080084
v -0.502869 0.912255 0.089206
v -0.511014 0.956443 0.097143
v -0.525386 0.910518 0.095170
v -0.533908 0.945870 0.102517
v -0.547204 0.912604 0.088950
v -0.552990 0.937434 0.095713
v -0.570887 0.921133 0.081603
v -0.510368 0.942633 -0.014765
v -0.561191 0.932441 0.010811
v -0.535572 0.926166 0.003982
v -0.535027 0.949687 0.007245
v -0.458508 0.942074 0.050650
v -0.472099 0.935806 0.080685
v -0.497740 0.928395 0.102656
v -0.527584 0.922620 0.110568
v -0.554752 0.920306 0.102321
v -0.539525 0.938036 -0.008854
v -0.631994 1.297128 0.009856
v -0.653316 1.306572 -0.002182
v -0.609412 1.292494 0.001452
v -0.561742 1.257297 -0.034165
v -0.550833 1.159923 -0.047307
v -0.635330 1.292930 0.016811
v -0.553872 1.145907 -0.048996
v -0.563394 1.128083 -0.106986
v -0.545624 1.181998 -0.040623
v -0.555497 1.213165 -0.019850
v -0.577229 1.277612 -0.084514
v -0.629504 1.311895 -0.027837
v -0.561390 1.226694 -0.010695
v -0.606433 1.283592 0.015185
v -0.548790 1.138961 -0.075207
v -0.666160 1.296181 0.013471
v -0.553221 1.166215 -0.121260
v -0.540063 1.165293 -0.074762
v -0.594253 1.158868 -0.152276
v -0.545347 1.226614 -0.055841
v -0.557694 1.236974 -0.110260
v -0.577553 1.277651 -0.015784
v -0.649978 1.310767 -0.105463
v -0.597054 1.301886 -0.059448
v -0.580696 1.263318 0.009464
v -0.536247 1.202918 -0.066381
v -0.535053 1.187951 -0.070158
v -0.596056 1.180849 -0.156375
v -0.551899 1.207917 -0.117411
v -0.550402 1.188480 -0.120274
v -0.599231 1.106001 0.026248
v -0.547924 1.192077 -0.032762
v -0.515042 1.146982 -0.097393
v -0.565925 1.123410 -0.038545
v -0.576520 1.101968 -0.085727
v -0.607514 1.092093 -0.107280
v -0.562304 1.114292 -0.059886
v -0.664921 1.087590 -0.006099
v -0.696179 1.310943 -0.025284
v -0.627151 1.280365 -0.135107
v -0.677355 1.322726 -0.061852
v -0.598412 1.118022 -0.131616
v -0.706942 1.298208 -0.002402
v -0.607074 1.234126 -0.154764
v -0.599191 1.203153 -0.158267
v -0.633456 1.107409 -0.067264
v -0.506928 1.169019 -0.089774
v -0.612719 1.141694 0.034160
v -0.676793 1.122407 0.003067
v -0.567140 1.317334 -0.030814
v -0.644903 1.345636 -0.040277
v -0.534194 1.290427 -0.040805
v -0.684685 1.348418 -0.057572
v -0.502042 1.191078 -0.082386
v -0.502247 1.216204 -0.075552
v -0.248136 1.237265 -0.225461
v -0.695184 1.034149 0.064037
v -0.672211 1.045230 0.069915
v -0.646369 1.059811 0.074694
v -0.620166 1.082403 0.066849
v -0.604381 1.102293 0.055050
v -0.595502 1.119423 0.043543
v -0.698258 1.043798 0.066203
v -0.674013 1.055019 0.070507
v -0.657737 1.064271 0.073698
v -0.645423 1.073473 0.072668
v -0.622056 1.091845 0.069381
v -0.610293 1.109536 0.056163
v -0.599315 1.126666 0.048173
v -0.657390 1.080022 0.080556
v -0.692561 1.026322 0.062057
v -0.668028 1.041753 0.063404
v -0.652396 1.052676 0.065153
v -0.637879 1.063699 0.063921
v -0.618140 1.078964 0.060943
v -0.603357 1.096469 0.050514
v -0.594740 1.112376 0.040380
v -0.637321 1.043307 0.062074
v -0.676648 1.107566 0.007696
v -0.670495 1.093583 0.001611
v -0.638466 1.067917 0.070705
v -0.655893 1.054808 0.072465
v -0.730750 1.094237 0.106040
v -0.796940 1.149957 0.202664
v -0.768345 1.206769 0.134316
v -0.772016 1.226834 0.134090
v -0.733241 1.314851 0.037797
v -0.734872 1.149830 0.094912
v -0.722674 1.153347 0.102139
v -0.699250 1.119290 0.096182
v -0.688763 1.144777 0.100925
v -0.670097 1.156543 0.098525
v -0.645528 1.166879 0.092434
v -0.620137 1.176277 0.078136
v -0.611194 1.178630 0.061964
v -0.764544 1.159412 0.189999
v -0.736226 1.170015 0.176018
v -0.699238 1.184137 0.154086
v -0.675111 1.191605 0.136541
v -0.641424 1.199247 0.107006
v -0.585919 1.207882 0.051044
v -0.617247 1.205083 0.082229
v -0.722902 1.127888 0.130615
v -0.721150 1.143804 0.073063
v -0.717925 1.149319 0.065648
v -0.711929 1.154021 0.053688
v -0.702415 1.159391 0.035399
v -0.694329 1.163525 0.019996
v -0.602786 1.568540 -0.272214
v -0.615291 1.552302 -0.245155
v -0.639329 1.359640 -0.008390
v -0.720844 1.397047 -0.010771
v -0.676203 1.268879 0.096256
v -0.717524 1.245628 0.119410
v -0.717697 1.221304 0.130622
v -0.680398 1.236722 0.113249
v -0.319486 1.483467 -0.214887
v -0.586505 1.348818 -0.009428
v -0.330051 1.473150 -0.191344
v -0.505662 1.282329 -0.024554
v -0.514702 1.332538 0.016618
v -0.597378 1.270328 0.047793
v -0.643335 1.253298 0.082345
v -0.267763 1.232030 -0.207362
v -0.552320 1.146166 -0.036225
v -0.480856 1.149668 -0.075816
v -0.484606 1.243856 -0.048957
v -0.477541 1.162327 -0.070194
v -0.461831 1.197557 -0.049352
v -0.524773 1.194572 -0.031410
v -0.554872 1.186210 -0.012949
v -0.537639 1.234325 -0.007143
v -0.719018 1.140914 0.145781
v -0.689935 1.161109 0.131675
v -0.668902 1.170538 0.122109
v -0.638856 1.179332 0.104832
v -0.612736 1.187025 0.085297
v -0.596377 1.188426 0.062709
v -0.561478 1.201095 0.011630
v -0.765865 1.118242 0.159128
v -0.746498 1.127592 0.157102
v -0.766603 1.240989 0.120033
v -0.765201 1.263635 0.110149
v -0.746225 1.288661 0.068961
v -0.741955 1.268642 0.093045
v -0.713992 1.265865 0.100699
v -0.743865 1.255075 0.111814
v -0.739598 1.246414 0.120587
v -0.757826 1.245972 0.116008
v -0.681496 0.869410 0.102788
v -0.682216 0.871230 0.108311
v -0.653442 0.890810 -0.067030
v -0.613230 0.885680 -0.046951
v -0.657895 0.903716 0.103909
v -0.621289 0.886440 0.093934
v -0.594248 0.877468 0.069356
v -0.575049 0.874112 0.027834
v -0.580987 0.876340 -0.024105
v -0.688156 0.917496 0.095814
v -0.735698 0.924119 0.083356
v -0.562483 0.987003 -0.167644
v -0.644222 0.922128 -0.021258
v -0.601580 0.867595 -0.141837
v -0.663058 0.880188 -0.011940
v -0.621515 1.359843 -0.043926
v -0.594507 1.342832 -0.037280
v -0.608494 1.333186 -0.027977
v -0.588629 1.365340 -0.014030
v -0.618142 1.379518 -0.026101
v -0.604012 1.354670 -0.003889
v -0.506567 1.278430 -0.066895
v -0.496571 1.253422 -0.071564
v -0.515488 1.250996 -0.058994
v -0.474969 1.257390 -0.056847
v -0.484643 1.282487 -0.052505
v -0.492770 1.254826 -0.042210
v -0.316386 0.151884 0.218430
v -0.422309 0.111416 0.214097
v -0.361213 0.147617 0.148502
v -0.317157 0.155272 0.195476
v -0.414548 0.114116 0.236121
v -0.325596 0.155555 0.174305
v -0.399412 0.118739 0.253163
v -0.341021 0.152788 0.157750
v -0.379799 0.125349 0.262499
v -0.382555 0.141120 0.148132
v -0.357523 0.129145 0.262584
v -0.401563 0.134372 0.156444
v -0.337231 0.133011 0.253675
v -0.416450 0.128043 0.172219
v -0.323403 0.140199 0.238122
v -0.424620 0.122897 0.193186
v -0.561855 1.025864 -0.182173
v -0.666234 0.926010 -0.034163
v -0.573206 0.988893 -0.173931
v -0.570941 1.019892 -0.168470
v -0.663863 0.980778 -0.021735
v -0.595698 0.891172 -0.164957
v -0.680722 0.883302 -0.022296
v -0.610184 0.869112 -0.146881
v -0.602793 0.892729 -0.152387
v -0.668543 0.926003 -0.030227
v -0.688162 0.694286 -0.037835
v -0.683945 0.754520 -0.037475
v -0.674446 0.751575 -0.031240
v -0.666751 0.744511 -0.026004
v -0.662002 0.734418 -0.022573
v -0.660897 0.722834 -0.021463
v -0.663593 0.711503 -0.022825
v -0.669693 0.702125 -0.026433
v -0.678301 0.696087 -0.031706
v -0.294866 0.857089 -0.008020
v -0.288120 0.904839 -0.016370
v -0.296890 0.903553 -0.019592
v -0.304676 0.898823 -0.022029
v -0.310638 0.891554 -0.022601
v -0.313813 0.882752 -0.021435
v -0.313508 0.873573 -0.019169
v -0.309749 0.865400 -0.016050
v -0.303192 0.859580 -0.012189
v -0.276695 0.821934 -0.096640
v -0.289921 0.755143 -0.216420
v -0.417023 0.685987 -0.251040
v -0.536365 0.668084 -0.195447
v -0.620167 0.676126 -0.118637
v -0.611162 0.675508 -0.110853
v -0.529868 0.667702 -0.186650
v -0.417448 0.682303 -0.241492
v -0.291676 0.750198 -0.208302
v -0.281880 0.816060 -0.093874
v -0.602147 0.679418 -0.104125
v -0.523867 0.671534 -0.178404
v -0.420006 0.681994 -0.231707
v -0.296050 0.748136 -0.200348
v -0.289228 0.812354 -0.092373
v -0.594498 0.687261 -0.099474
v -0.519256 0.679016 -0.171945
v -0.424244 0.685138 -0.223185
v -0.302374 0.749272 -0.193773
v -0.297614 0.811606 -0.091902
v -0.589383 0.697844 -0.097608
v -0.516741 0.688996 -0.168278
v -0.429352 0.691343 -0.217197
v -0.309352 0.753671 -0.189371
v -0.305741 0.814561 -0.091268
v -0.587578 0.709556 -0.098810
v -0.516182 0.699943 -0.168355
v -0.433514 0.700209 -0.214363
v -0.314857 0.761431 -0.187146
v -0.312395 0.820318 -0.091479
v -0.589357 0.720612 -0.102901
v -0.518194 0.710202 -0.171764
v -0.437375 0.709725 -0.215393
v -0.319373 0.770424 -0.188256
v -0.316574 0.827747 -0.093023
v -0.594443 0.729329 -0.109261
v -0.522476 0.718211 -0.177983
v -0.440335 0.718432 -0.220163
v -0.322234 0.779261 -0.192548
v -0.317639 0.835715 -0.095678
v -0.602061 0.734381 -0.116924
v -0.528380 0.722750 -0.186063
v -0.441958 0.725001 -0.227939
v -0.323017 0.786589 -0.199375
v -0.315422 0.843008 -0.099047
v -0.325248 0.877495 -0.047077
v -0.263065 0.930790 -0.067045
v -0.287864 0.929503 -0.011089
v -0.301311 0.920242 0.017729
v -0.365333 0.896992 0.064338
v -0.283763 0.802340 -0.043039
v -0.300790 0.828055 0.000121
v -0.315192 0.841649 0.035176
v -0.327892 0.883296 -0.023874
v -0.333948 0.885492 0.008478
v -0.349927 0.890753 0.001052
v -0.281892 0.973685 -0.016746
v -0.309150 0.813769 0.016516
v -0.335139 0.845255 0.081011
v -0.367559 0.866458 0.158245
v -0.389951 0.871776 0.209928
v -0.363809 0.919687 0.159234
v -0.324109 0.955771 0.075715
v -0.385665 0.889588 0.154083
v -0.284300 0.874274 -0.029004
v -0.693816 0.752875 -0.043741
v -0.702558 0.746867 -0.049066
v -0.708822 0.737400 -0.052626
v -0.711624 0.725923 -0.053880
v -0.710513 0.714205 -0.052653
v -0.705653 0.704056 -0.049152
v -0.697789 0.697059 -0.043943
v -0.279850 0.902596 -0.012343
v -0.273138 0.896985 -0.008565
v -0.269329 0.889013 -0.004872
v -0.268965 0.879817 -0.002061
v -0.271941 0.870682 -0.001092
v -0.277846 0.863065 -0.002093
v -0.285891 0.858270 -0.004590
v -0.627790 0.681180 -0.126295
v -0.542384 0.672617 -0.203455
v -0.418855 0.692449 -0.258894
v -0.291050 0.762221 -0.223462
v -0.274462 0.829082 -0.100262
v -0.632867 0.689897 -0.132662
v -0.547004 0.680617 -0.209445
v -0.422682 0.700697 -0.263854
v -0.294888 0.770360 -0.228353
v -0.275527 0.836422 -0.104183
v -0.634629 0.700953 -0.136766
v -0.549493 0.690885 -0.212496
v -0.427884 0.709495 -0.265170
v -0.300845 0.778320 -0.230350
v -0.279723 0.843067 -0.107346
v -0.632810 0.712663 -0.137982
v -0.549475 0.701844 -0.212164
v -0.433463 0.717610 -0.262620
v -0.307685 0.785124 -0.228948
v -0.286389 0.848632 -0.108002
v -0.627689 0.723245 -0.136120
v -0.546430 0.711815 -0.208894
v -0.437417 0.724417 -0.256316
v -0.313318 0.790490 -0.223711
v -0.294528 0.851812 -0.106956
v -0.620050 0.731088 -0.131463
v -0.541348 0.719289 -0.202788
v -0.440408 0.728226 -0.247498
v -0.318201 0.792659 -0.216248
v -0.302907 0.851862 -0.104879
v -0.611052 0.734999 -0.124721
v -0.535008 0.723129 -0.194772
v -0.441993 0.728436 -0.237535
v -0.321603 0.791292 -0.207700
v -0.310245 0.848770 -0.102099
v -0.243352 0.871054 -0.010931
v -0.296020 0.891540 0.094930
v -0.257887 0.877790 0.007023
v -0.277350 0.881040 0.033459
v -0.260571 0.883726 0.040490
v -0.349425 0.886738 0.170078
v -0.284262 0.789281 -0.154185
v -0.288667 0.781953 -0.149926
v -0.295844 0.776707 -0.147020
v -0.304693 0.774380 -0.145830
v -0.313689 0.776065 -0.145204
v -0.321670 0.781311 -0.145489
v -0.327475 0.788821 -0.147612
v -0.330116 0.797608 -0.151030
v -0.329239 0.806136 -0.155578
v -0.283325 0.797545 -0.159213
v -0.286027 0.805481 -0.164246
v -0.291968 0.811911 -0.168463
v -0.300043 0.816617 -0.169859
v -0.309144 0.818746 -0.168367
v -0.317930 0.817462 -0.165174
v -0.324965 0.813106 -0.160554
v -0.343891 0.720560 -0.241426
v -0.345228 0.716089 -0.232652
v -0.349079 0.714734 -0.223735
v -0.354832 0.716732 -0.215996
v -0.361358 0.721938 -0.210501
v -0.366547 0.730253 -0.207610
v -0.370942 0.739568 -0.208359
v -0.373908 0.748434 -0.212666
v -0.375015 0.755487 -0.219883
v -0.345295 0.727443 -0.248746
v -0.349229 0.735685 -0.253505
v -0.355080 0.744050 -0.254954
v -0.361692 0.751438 -0.252746
v -0.366914 0.757444 -0.246712
v -0.371263 0.760337 -0.238333
v -0.374095 0.759659 -0.228904
v -0.477756 0.667512 -0.240409
v -0.473220 0.666392 -0.231367
v -0.469722 0.669174 -0.222625
v -0.467845 0.675410 -0.215499
v -0.467840 0.684153 -0.211083
v -0.468771 0.694259 -0.210415
v -0.471407 0.704036 -0.213221
v -0.475310 0.712012 -0.219087
v -0.479870 0.716976 -0.227134
v -0.482589 0.672389 -0.248388
v -0.486964 0.680295 -0.254083
v -0.490239 0.690015 -0.256616
v -0.491914 0.700055 -0.255607
v -0.490895 0.709017 -0.251565
v -0.488264 0.715374 -0.244724
v -0.484406 0.718163 -0.236140
v -0.585025 0.667674 -0.159472
v -0.577031 0.667158 -0.151382
v -0.569209 0.671022 -0.144133
v -0.562757 0.678678 -0.138823
v -0.558659 0.688960 -0.136260
v -0.557420 0.700284 -0.136949
v -0.559330 0.710944 -0.140686
v -0.564095 0.719316 -0.146904
v -0.570987 0.724125 -0.154657
v -0.591963 0.672491 -0.167181
v -0.596784 0.680873 -0.173340
v -0.598757 0.691546 -0.177010
v -0.597589 0.702885 -0.177624
v -0.593355 0.713145 -0.175194
v -0.586814 0.720785 -0.169975
v -0.578962 0.724641 -0.162761
v -0.654714 0.685609 -0.078275
v -0.645390 0.685129 -0.070423
v -0.636133 0.689305 -0.063662
v -0.628362 0.697502 -0.059026
v -0.623272 0.708467 -0.057218
v -0.621643 0.720520 -0.058505
v -0.623723 0.731819 -0.062685
v -0.629186 0.740642 -0.069117
v -0.637190 0.745652 -0.076827
v -0.662684 0.690662 -0.086015
v -0.668095 0.699510 -0.092458
v -0.670135 0.710799 -0.096621
v -0.668502 0.722815 -0.097874
v -0.663446 0.733736 -0.096034
v -0.655726 0.741909 -0.091388
v -0.646509 0.746094 -0.084645
v -0.938011 0.384615 -0.110982
v -0.592676 0.467365 0.309571
v -0.439747 0.407718 0.289834
v -0.586274 0.329533 0.183518
v -0.484049 0.393749 0.129557
v -0.423584 0.420662 0.244321
v -0.593615 0.321508 0.232626
v -0.421684 0.423846 0.216948
v -0.583220 0.324786 0.270232
v -0.432079 0.420568 0.179342
v -0.561308 0.335312 0.300913
v -0.453979 0.409999 0.148654
v -0.531253 0.350388 0.321333
v -0.517713 0.374290 0.124958
v -0.497574 0.371021 0.324609
v -0.549844 0.354586 0.135557
v -0.465455 0.390768 0.314017
v -0.575552 0.337636 0.159740
v -0.345287 0.267073 0.207254
v -0.482974 0.182776 0.250661
v -0.354206 0.264274 0.174964
v -0.464862 0.191547 0.277539
v -0.372476 0.255346 0.148790
v -0.439447 0.205249 0.294641
v -0.424659 0.225532 0.128049
v -0.410631 0.221794 0.299315
v -0.451162 0.209100 0.136187
v -0.382923 0.238656 0.290669
v -0.473165 0.194749 0.155876
v -0.360719 0.253213 0.270046
v -0.483260 0.187487 0.176413
v -0.346677 0.264659 0.228087
v -0.490675 0.180439 0.217690
v -0.397191 0.241732 0.132427
v -0.903520 0.272358 -0.424023
v -0.883021 0.152200 -0.309613
v -0.870115 0.275073 -0.426613
v -0.915520 0.158404 -0.315336
v -0.838189 0.268524 -0.420575
v -0.942261 0.173116 -0.329287
v -0.796336 0.233457 -0.388006
v -0.959117 0.194098 -0.349326
v -0.792161 0.210182 -0.366109
v -0.963310 0.218162 -0.372352
v -0.800551 0.187248 -0.344167
v -0.954157 0.241548 -0.394703
v -0.814940 0.173471 -0.330768
v -0.921948 0.265029 -0.417063
v -0.849483 0.155775 -0.313386
v -0.812391 0.253881 -0.407009
v -0.965821 0.366208 -0.272914
v -0.804629 0.283909 -0.194620
v -0.799984 0.379603 -0.285759
v -0.931289 0.392386 -0.297864
v -0.846301 0.263525 -0.175184
v -0.907103 0.402042 -0.307073
v -0.885212 0.260382 -0.172170
v -0.868192 0.405185 -0.310087
v -0.922819 0.268225 -0.179680
v -0.830577 0.397306 -0.302602
v -0.954467 0.284509 -0.196437
v -0.781070 0.354773 -0.262121
v -0.972326 0.310758 -0.220161
v -0.776716 0.326595 -0.235287
v -0.976688 0.338972 -0.246970
v -0.787583 0.299359 -0.209342
v -0.353455 0.892178 0.016465
v -0.312958 0.821539 0.026529
v -0.301461 0.967530 0.026495
v -0.269366 0.885565 0.053578
v -0.277154 0.932282 -0.034859
v -0.289773 0.811416 -0.027806
v -0.326887 0.881090 -0.032697
v -0.252360 0.875229 0.000196
v -0.258137 0.915856 -0.053017
v -0.276560 0.950052 -0.002645
v -0.295321 0.910441 0.021661
v -0.263826 0.872664 -0.019968
v -0.284487 0.949406 0.013410
v -0.359304 0.911765 0.159941
v -0.317164 0.939335 0.080625
v -0.278402 0.916970 -0.010948
v -0.266259 0.916698 -0.036971
v -0.278611 0.917466 -0.062053
v -0.298899 0.951809 -0.012504
v -0.309470 0.911554 0.015416
v -0.304774 0.875885 -0.038040
v -0.284891 0.918164 -0.045194
v -0.368364 0.912478 0.155942
v -0.334492 0.940698 0.072977
v -0.295904 0.918346 -0.018672
v -0.305510 0.951059 0.004132
v -0.369492 0.910663 0.155066
v -0.350668 0.857371 0.118355
v -0.343810 0.940809 0.117685
v -0.377240 0.894985 0.113747
v -0.324676 0.890851 0.136946
v -0.338468 0.928720 0.121306
v -0.351609 0.929753 0.115506
v -0.467157 0.713989 0.056608
v -0.520140 0.835510 0.111350
v -0.490687 0.700063 0.064748
v -0.494367 0.839126 0.099662
v -0.516484 0.695923 0.076464
v -0.470276 0.831882 0.086206
v -0.540551 0.703691 0.089892
v -0.451535 0.814880 0.073030
v -0.559293 0.720693 0.103067
v -0.440996 0.790708 0.062142
v -0.569832 0.744865 0.113956
v -0.440608 0.772772 0.058425
v -0.561377 0.799467 0.122844
v -0.449450 0.736106 0.053254
v -0.543671 0.821583 0.119490
v -0.566356 0.781922 0.121834
v -0.876192 0.753869 -0.161429
v -0.845373 0.847658 -0.057386
v -0.861979 0.733549 -0.147322
v -0.860850 0.859292 -0.078340
v -0.846556 0.721405 -0.126477
v -0.875235 0.860469 -0.102949
v -0.832117 0.720739 -0.101760
v -0.886338 0.851009 -0.127467
v -0.821014 0.730198 -0.077241
v -0.892468 0.832353 -0.148163
v -0.814884 0.748854 -0.056546
v -0.892944 0.815976 -0.156359
v -0.820375 0.801426 -0.038166
v -0.886977 0.779781 -0.166543
v -0.831160 0.827338 -0.043279
v -0.817637 0.783669 -0.041458
v -0.758848 1.389575 -0.451677
v -0.757178 1.388088 -0.448099
vn -0.2085 0.0500 -0.9767
vn -0.4774 -0.0530 -0.8771
vn -0.4303 -0.1405 -0.8917
vn -0.2090 0.0497 -0.9767
vn -0.6442 0.5322 -0.5493
vn -0.6440 0.5324 -0.5494
vn -0.3026 0.6677 -0.6801
vn -0.3029 0.6676 -0.6801
vn 0.3090 -0.7267 0.6135
vn 0.3093 -0.7266 0.6135
vn -0.0768 -0.7573 0.6486
vn -0.0763 -0.7573 0.6486
vn 0.0842 0.6974 -0.7117
vn 0.0843 0.6974 -0.7117
vn -0.4544 -0.6763 0.5798
vn -0.4543 -0.6763 0.5799
vn 0.4574 0.6176 -0.6398
vn -0.7621 -0.4960 0.4162
vn 0.7617 0.4402 -0.4753
vn 0.7617 0.4403 -0.4754
vn 0.9511 0.1905 -0.2433
vn -0.9519 -0.2451 0.1841
vn 0.9954 -0.0939 0.0203
vn 0.9954 -0.0940 0.0203
vn -0.9959 0.0389 -0.0816
vn 0.8885 -0.3679 0.2744
vn -0.8876 0.3117 -0.3392
vn -0.8875 0.3118 -0.3393
vn 0.6476 -0.5900 0.4823
vn 0.6476 -0.5900 0.4822
vn -0.7638 0.6382 0.0968
vn -0.7637 0.6383 0.0967
vn -0.5548 0.8276 -0.0853
vn -0.5547 0.8277 -0.0853
vn 0.5421 -0.0919 0.8353
vn 0.5420 -0.0919 0.8354
vn 0.2552 -0.2081 0.9442
vn -0.2604 0.9455 -0.1956
vn -0.0421 -0.2601 0.9647
vn 0.0729 0.9734 -0.2171
vn -0.2593 -0.2513 0.9325
vn -0.3068 -0.2326 0.9229
vn 0.3929 0.9078 -0.1471
vn 0.3930 0.9077 -0.1471
vn -0.7596 0.0711 0.6465
vn -0.7590 0.0610 0.6482
vn -0.8517 0.2127 0.4789
vn 0.6504 0.7596 0.0027
vn 0.8070 0.5526 0.2083
vn -0.7645 -0.4734 0.4376
vn -0.7645 -0.4694 0.4417
vn -0.7445 -0.4864 0.4574
vn -0.7432 -0.4917 0.4538
vn 0.8405 0.3186 0.4383
vn 0.8405 0.3187 0.4381
vn -0.8650 0.2412 0.4399
vn -0.8630 0.4165 0.2860
vn 0.7473 0.0927 0.6580
vn 0.7473 0.0926 0.6580
vn 0.6619 -0.7020 -0.2629
vn 0.6609 -0.7035 -0.2615
vn 0.4357 -0.8825 -0.1768
vn 0.4760 -0.8739 -0.0986
vn -0.7274 -0.4264 -0.5377
vn -0.7273 -0.4263 -0.5378
vn -0.5823 -0.2735 -0.7656
vn -0.6287 -0.2131 -0.7479
vn 0.7345 -0.5114 -0.4461
vn 0.7345 -0.5113 -0.4463
vn -0.6967 -0.6229 -0.3560
vn -0.6996 -0.6170 -0.3604
vn 0.7009 -0.3060 -0.6442
vn 0.7009 -0.3058 -0.6444
vn -0.5487 -0.8152 -0.1856
vn -0.5474 -0.8156 -0.1875
vn 0.3363 0.0004 -0.9418
vn 0.3360 0.0005 -0.9419
vn 0.5607 -0.1262 -0.8183
vn 0.5608 -0.1263 -0.8182
vn -0.3216 -0.9459 -0.0427
vn -0.3144 -0.9485 -0.0389
vn 0.0618 0.0554 -0.9966
vn 0.0616 0.0554 -0.9966
vn -0.0622 -0.9979 0.0172
vn -0.0623 -0.9979 0.0172
vn -0.2084 0.0338 -0.9775
vn -0.2104 0.0333 -0.9770
vn 0.2539 -0.9671 -0.0160
vn 0.2298 -0.9686 -0.0946
vn -0.4698 -0.0691 -0.8801
vn -0.4311 -0.1428 -0.8909
vn 0.7222 0.0945 0.6852
vn 0.7017 0.1148 0.7032
vn 0.5931 0.1769 0.7855
vn 0.6163 0.0982 0.7814
vn 0.5321 -0.0201 0.8464
vn 0.5322 -0.0200 0.8464
vn 0.2651 -0.1313 0.9552
vn -0.6914 0.6922 0.2072
vn -0.6914 0.6920 0.2073
vn -0.5018 0.8640 0.0412
vn -0.5023 0.8637 0.0415
vn 0.7163 0.1589 0.6795
vn -0.7763 0.4781 0.4107
vn -0.7763 0.4785 0.4104
vn 0.7912 0.3770 0.4815
vn 0.7912 0.3771 0.4815
vn -0.7424 0.2538 0.6200
vn -0.7424 0.2537 0.6201
vn 0.7485 0.6017 0.2788
vn -0.5934 0.0531 0.8032
vn -0.5934 0.0532 0.8031
vn 0.3562 0.9340 -0.0283
vn 0.3563 0.9340 -0.0283
vn 0.5955 0.7971 0.0999
vn 0.5954 0.7972 0.0998
vn -0.3494 -0.0910 0.9325
vn -0.3493 -0.0911 0.9326
vn 0.0652 0.9942 -0.0858
vn 0.0650 0.9942 -0.0858
vn -0.0444 -0.1557 0.9868
vn -0.0441 -0.1557 0.9868
vn -0.2362 0.9697 -0.0618
vn -0.2360 0.9698 -0.0618
vn -0.0345 -0.9992 -0.0209
vn 0.2640 -0.9625 -0.0629
vn 0.2380 -0.9635 -0.1226
vn -0.0398 -0.9990 -0.0211
vn 0.0515 0.0695 -0.9963
vn 0.0581 0.0684 -0.9960
vn -0.3096 -0.9489 -0.0613
vn -0.3144 -0.9472 -0.0629
vn 0.3200 0.0162 -0.9473
vn 0.3280 0.0128 -0.9446
vn -0.5377 -0.8260 -0.1690
vn -0.5415 -0.8230 -0.1719
vn 0.6836 -0.3001 -0.6653
vn 0.5441 -0.1127 -0.8314
vn 0.5488 -0.1170 -0.8277
vn 0.6851 -0.3039 -0.6620
vn 0.5428 -0.1115 -0.8324
vn 0.3178 0.0171 -0.9480
vn -0.6885 -0.6450 -0.3314
vn -0.6904 -0.6412 -0.3351
vn 0.7151 -0.5122 -0.4757
vn 0.7147 -0.5150 -0.4732
vn -0.7333 -0.4312 -0.5256
vn -0.7330 -0.4278 -0.5288
vn 0.6444 -0.7021 -0.3028
vn 0.6416 -0.7064 -0.2991
vn -0.6348 -0.1997 -0.7464
vn -0.5797 -0.2695 -0.7690
vn 0.4717 -0.8693 -0.1475
vn 0.4341 -0.8771 -0.2058
vn -0.4905 -0.0269 -0.8710
vn -0.6498 -0.1792 -0.7387
vn 0.2712 -0.9614 -0.0460
vn 0.4821 -0.8663 -0.1307
vn -0.4312 0.6937 0.5769
vn -0.2649 0.8663 0.4236
vn -0.0151 0.8726 0.4881
vn -0.1022 0.7328 0.6727
vn -0.8245 0.3859 -0.4138
vn -0.6733 0.5749 -0.4650
vn -0.5627 0.8092 -0.1692
vn -0.8202 0.5587 -0.1228
vn 0.6751 -0.3594 0.6442
vn 0.6685 -0.5433 0.5079
vn 0.3417 -0.7041 0.6224
vn 0.3476 -0.4696 0.8115
vn -0.8819 0.2895 -0.3721
vn -0.8885 0.2743 -0.3678
vn -0.6398 0.4968 -0.5864
vn -0.6288 0.4982 -0.5970
vn 0.9048 -0.1662 0.3920
vn 0.9039 -0.3077 0.2971
vn -0.9960 0.0533 -0.0712
vn -0.9952 -0.0004 -0.0979
vn 0.9944 0.0450 0.0958
vn 0.9984 -0.0436 0.0356
vn -0.9476 -0.2065 0.2439
vn -0.9394 -0.2924 0.1791
vn 0.9407 0.2641 -0.2131
vn 0.9448 0.2215 -0.2415
vn -0.7337 -0.4393 0.5184
vn -0.7253 -0.5516 0.4120
vn 0.4428 0.5982 -0.6679
vn 0.4361 0.6110 -0.6607
vn 0.7456 0.4530 -0.4887
vn 0.7435 0.4619 -0.4836
vn -0.4096 -0.5667 0.7150
vn -0.4058 -0.7192 0.5640
vn 0.0812 0.6564 -0.7500
vn 0.0720 0.6730 -0.7361
vn -0.0138 -0.5571 0.8303
vn -0.0299 -0.7691 0.6385
vn -0.2852 0.6246 -0.7270
vn -0.2952 0.6355 -0.7134
vn -0.6739 0.2416 -0.6982
vn -0.6827 0.3148 -0.6594
vn -0.3145 0.3458 -0.8840
vn -0.3470 0.2038 -0.9154
vn 0.2852 0.7803 0.5566
vn 0.2222 0.6473 0.7291
vn 0.0659 0.3470 -0.9356
vn 0.0415 0.1705 -0.9845
vn 0.4359 0.3093 -0.8452
vn 0.4089 0.1302 -0.9033
vn -0.4096 0.8888 0.2053
vn -0.6851 0.6629 0.3020
vn 0.7267 0.0853 -0.6816
vn 0.7416 0.2372 -0.6275
vn 0.9383 0.1463 -0.3135
vn 0.9346 0.0452 -0.3529
vn 0.9958 0.0643 0.0644
vn 0.9991 0.0363 0.0226
vn 0.5107 0.5641 0.6488
vn 0.4281 0.3822 0.8189
vn 0.8979 0.0280 0.4393
vn 0.9106 0.0619 0.4086
vn 0.6172 0.1889 0.7638
vn 0.6151 0.0866 0.7837
vn 0.6050 0.1359 0.7845
vn -0.7754 0.2757 -0.5681
vn 0.6635 -0.6556 0.3606
vn 0.3464 -0.7963 0.4959
vn -0.8880 0.2569 -0.3815
vn -0.6442 0.4788 -0.5965
vn 0.8882 -0.4326 0.1549
vn -0.9922 -0.0228 -0.1226
vn 0.9830 -0.1600 -0.0904
vn -0.9362 -0.3213 0.1424
vn 0.9302 0.1247 -0.3451
vn -0.7284 -0.5816 0.3622
vn 0.4233 0.5552 -0.7159
vn 0.7326 0.3779 -0.5661
vn -0.4076 -0.7630 0.5018
vn 0.0641 0.6327 -0.7718
vn -0.0213 -0.8375 0.5460
vn -0.2997 0.6099 -0.7337
vn 0.8111 0.2708 -0.5185
vn 0.8857 0.1326 -0.4448
vn 0.5373 0.6082 -0.5843
vn 0.5488 0.6349 -0.5438
vn -0.6753 0.2242 -0.7026
vn -0.3729 0.1659 -0.9129
vn 0.0267 0.0992 -0.9947
vn 0.3873 0.0419 -0.9210
vn 0.7151 0.0069 -0.6990
vn 0.9311 -0.0045 -0.3647
vn -0.7694 0.2423 -0.5910
vn -0.7721 0.2382 -0.5892
vn -0.7648 0.2717 -0.5841
vn 0.9998 0.0213 -0.0012
vn 0.9194 0.0582 0.3890
vn -0.0415 -0.9950 -0.0904
vn -0.0411 -0.9952 -0.0891
vn -0.0414 -0.9950 -0.0907
vn -0.0401 -0.9951 -0.0899
vn -0.0391 -0.9952 -0.0893
vn -0.0398 -0.9952 -0.0892
vn -0.0407 -0.9952 -0.0890
vn -0.0411 -0.9952 -0.0886
vn -0.0464 -0.9954 -0.0833
vn -0.0484 -0.9955 -0.0817
vn 0.5679 0.7243 -0.3910
vn 0.5632 0.7091 -0.4243
vn 0.6073 0.7296 -0.3144
vn 0.6141 0.7249 -0.3121
vn 0.5379 0.3076 -0.7848
vn 0.5503 0.3757 -0.7456
vn 0.5328 -0.3462 -0.7722
vn 0.4568 -0.2971 -0.8385
vn 0.9423 -0.1647 -0.2916
vn 0.9572 -0.1405 -0.2529
vn 0.8018 -0.3075 -0.5124
vn 0.7829 -0.3129 -0.5378
vn -0.0468 -0.9954 -0.0836
vn -0.0414 -0.9952 -0.0889
vn -0.0411 -0.9951 -0.0894
vn 0.2841 -0.0881 -0.9547
vn 0.2473 -0.1340 -0.9596
vn 0.3286 0.1492 -0.9326
vn 0.9623 0.1001 -0.2531
vn -0.1525 0.9814 0.1168
vn -0.1450 0.9822 0.1194
vn -0.0209 0.9821 0.1871
vn -0.0273 0.9826 0.1835
vn 0.1422 0.9199 0.3654
vn 0.1474 0.9163 0.3724
vn 0.3185 0.6924 0.6474
vn 0.3049 0.7166 0.6273
vn -0.3409 0.9399 0.0203
vn -0.3343 0.9423 0.0199
vn 0.0587 0.9680 0.2440
vn 0.0638 0.9662 0.2499
vn 0.5240 0.1614 0.8363
vn 0.5238 0.1817 0.8322
vn -0.6581 0.7262 -0.1988
vn -0.6829 0.6954 -0.2236
vn -0.8346 0.2120 -0.5084
vn -0.8422 0.2298 -0.4878
vn -0.8447 0.2291 -0.4837
vn 0.5364 0.0567 0.8421
vn -0.0539 -0.9956 -0.0761
vn -0.0537 -0.9956 -0.0763
vn -0.0536 -0.9956 -0.0762
vn -0.0538 -0.9956 -0.0764
vn -0.7426 0.0254 0.6693
vn -0.7099 -0.0012 0.7043
vn -0.7345 0.0113 0.6785
vn -0.7203 -0.0101 0.6936
vn -0.7086 -0.0305 0.7049
vn -0.6751 0.0203 0.7374
vn -0.7082 -0.0223 0.7056
vn -0.6562 0.0405 0.7535
vn -0.6664 0.0359 0.7447
vn -0.6964 0.0197 0.7173
vn -0.7197 0.0156 0.6941
vn -0.7343 0.0187 0.6785
vn -0.6714 0.4192 -0.6111
vn -0.2892 0.5321 -0.7957
vn 0.2737 0.0119 0.9617
vn 0.0771 0.0535 0.9956
vn 0.0787 0.5391 -0.8385
vn -0.3328 0.0950 0.9382
vn 0.4407 0.4754 -0.7615
vn -0.7196 0.0764 0.6902
vn 0.7403 0.3528 -0.5722
vn 0.9400 0.1918 -0.2822
vn -0.9389 0.1300 0.3187
vn 0.9969 0.0261 0.0747
vn -0.9765 0.1985 -0.0841
vn 0.8983 -0.1066 0.4262
vn -0.8885 0.2739 -0.3681
vn 0.6131 -0.1524 0.7752
vn 0.0004 0.6897 0.7241
vn 0.0017 0.6905 0.7233
vn 0.0120 0.6889 0.7248
vn 0.0050 0.6943 0.7196
vn 0.0076 0.6922 0.7217
vn 0.0014 0.6980 0.7161
vn -0.5194 -0.1390 0.8431
vn -0.5156 -0.1382 0.8456
vn 0.9553 -0.2314 -0.1838
vn 0.9459 -0.2884 -0.1484
vn 0.9342 -0.3131 -0.1710
vn 0.9166 -0.3918 -0.0801
vn 0.9179 -0.3792 -0.1172
vn 0.0887 0.5035 -0.8595
vn 0.0391 0.4964 -0.8672
vn 0.0374 0.5242 -0.8508
vn 0.0870 0.5273 -0.8452
vn -0.7849 -0.4547 0.4209
vn -0.7836 -0.4519 0.4264
vn -0.7646 -0.4653 0.4460
vn -0.0800 0.4744 -0.8767
vn -0.1391 0.5025 -0.8533
vn 0.9541 -0.2692 -0.1311
vn 0.9131 -0.4061 -0.0355
vn 0.9624 -0.2143 -0.1669
vn 0.9221 0.1808 -0.3421
vn 0.8925 0.1780 -0.4144
vn 0.8833 0.2189 -0.4147
vn 0.9293 0.2118 -0.3025
vn -0.1321 -0.8001 0.5851
vn -0.1006 -0.8023 0.5884
vn 0.1587 -0.7898 0.5925
vn -0.9845 -0.1002 -0.1443
vn -0.9817 -0.0766 -0.1746
vn -0.9348 0.0659 -0.3489
vn 0.6300 -0.0799 0.7725
vn 0.5269 0.3781 0.7612
vn 0.5088 -0.1974 0.8380
vn 0.5701 -0.5994 0.5618
vn 0.5112 -0.6148 0.6006
vn 0.6840 -0.0168 0.7293
vn 0.6320 0.4285 0.6457
vn -0.7877 0.0870 -0.6099
vn -0.8516 -0.0212 -0.5238
vn -0.7173 0.5343 -0.4473
vn -0.6340 -0.4699 -0.6142
vn -0.6727 -0.4983 -0.5470
vn -0.7486 0.1434 -0.6474
vn -0.6109 0.5793 -0.5397
vn 0.6146 -0.0780 0.7850
vn 0.5074 0.4092 0.7583
vn 0.5083 -0.1965 0.8385
vn 0.5429 -0.6248 0.5611
vn 0.4722 -0.6496 0.5958
vn 0.6652 -0.0119 0.7466
vn 0.6039 0.4670 0.6459
vn -0.7884 0.0850 -0.6093
vn -0.8512 -0.0218 -0.5244
vn -0.7193 0.5314 -0.4474
vn -0.6340 -0.4700 -0.6142
vn -0.6727 -0.4984 -0.5469
vn -0.7478 0.1438 -0.6481
vn -0.6150 0.5743 -0.5403
vn 0.6149 -0.0818 0.7843
vn 0.5093 0.4017 0.7611
vn 0.5091 -0.1979 0.8377
vn 0.6610 -0.0224 0.7500
vn 0.6053 0.4596 0.6499
vn -0.8005 0.0882 -0.5928
vn -0.8518 -0.0208 -0.5235
vn -0.7114 0.5603 -0.4243
vn -0.6351 -0.5012 -0.5878
vn -0.6706 -0.5412 -0.5073
vn -0.7684 0.1438 -0.6236
vn -0.6043 0.6145 -0.5072
vn 0.8400 0.2551 -0.4788
vn -0.5320 0.5706 -0.6257
vn -0.5350 0.2285 -0.8133
vn 0.8880 0.2333 0.3963
vn 0.8787 0.2317 0.4174
vn 0.7586 0.5533 0.3442
vn 0.2722 -0.2402 -0.9318
vn 0.4257 -0.4596 -0.7794
vn 0.6096 0.7690 0.1924
vn 0.6099 0.7686 0.1930
vn 0.5929 -0.5853 -0.5531
vn 0.4443 0.8950 -0.0396
vn 0.4447 0.8948 -0.0399
vn 0.7482 -0.5980 -0.2874
vn 0.2832 0.9091 -0.3055
vn 0.2827 0.9090 -0.3063
vn 0.8681 -0.4958 -0.0226
vn 0.1627 0.8089 -0.5650
vn 0.9321 -0.3097 0.1880
vn 0.9329 -0.3088 0.1851
vn 0.0702 0.5759 -0.8145
vn 0.0956 0.5716 -0.8150
vn 0.9268 -0.0340 0.3741
vn 0.9368 -0.0242 0.3491
vn 0.0940 0.3373 -0.9367
vn 0.0605 0.3350 -0.9403
vn 0.1596 0.0226 -0.9869
vn 0.1649 0.0231 -0.9860
vn 0.3397 0.8826 -0.3250
vn 0.2265 0.7861 -0.5751
vn 0.5322 -0.2293 0.8150
vn 0.4540 0.1476 0.8787
vn -0.4569 -0.1484 -0.8771
vn -0.3094 -0.5028 -0.8071
vn 0.3065 0.5020 0.8088
vn -0.1150 -0.7807 -0.6142
vn 0.1121 0.7799 0.6158
vn 0.0967 -0.9398 -0.3276
vn -0.0995 0.9390 0.3293
vn 0.2934 -0.9559 0.0089
vn -0.2963 0.9551 -0.0073
vn 0.4453 -0.8266 0.3443
vn -0.4481 0.8257 -0.3426
vn 0.5291 -0.5714 0.6273
vn 0.8927 -0.4462 -0.0628
vn 0.9553 -0.2559 0.1483
vn 0.1639 0.5958 -0.7862
vn 0.9576 -0.0008 0.2882
vn 0.1616 0.3407 -0.9262
vn 0.2199 0.0596 -0.9737
vn 0.8993 0.2804 0.3357
vn 0.3299 -0.2047 -0.9215
vn 0.7893 0.5447 0.2836
vn 0.4749 -0.4120 -0.7776
vn 0.6443 0.7519 0.1397
vn 0.6328 -0.5306 -0.5639
vn 0.4864 0.8706 -0.0740
vn 0.7795 -0.5426 -0.3129
vn -0.3769 -0.8613 0.3407
vn -0.2684 -0.7689 0.5804
vn -0.6577 0.4929 0.5696
vn -0.7983 0.5044 0.3291
vn -0.5175 -0.8498 0.1002
vn -0.5064 0.3792 0.7744
vn -0.6687 -0.7361 -0.1046
vn -0.3675 0.1806 0.9123
vn -0.8077 -0.5375 -0.2425
vn -0.2621 -0.0727 0.9623
vn -0.9131 -0.2842 -0.2924
vn -0.2062 -0.3421 0.9168
vn -0.9667 0.2296 -0.1128
vn -0.9689 -0.0149 -0.2469
vn -0.2084 -0.5865 0.7827
vn -0.9068 0.4119 0.0895
vn -0.8883 -0.2914 -0.3550
vn -0.7788 -0.5480 -0.3052
vn -0.1378 -0.3397 0.9304
vn -0.1906 -0.0637 0.9796
vn -0.9488 0.2616 -0.1772
vn -0.9507 0.0091 -0.3099
vn -0.1451 -0.6102 0.7788
vn -0.8866 0.4581 0.0634
vn -0.8866 0.4581 0.0635
vn -0.2040 -0.7946 0.5719
vn -0.8186 0.5263 0.2301
vn -0.7936 0.5298 0.2992
vn -0.3197 -0.8931 0.3164
vn 0.5685 0.2461 0.7850
vn 0.5543 0.2456 0.7953
vn 0.5055 0.1390 0.8516
vn 0.5155 0.1443 0.8446
vn -0.4695 -0.8809 0.0601
vn -0.5425 -0.8312 0.1219
vn -0.5429 -0.8309 0.1222
vn -0.5184 -0.8403 0.1586
vn -0.5192 -0.8402 0.1563
vn -0.6308 -0.7597 -0.1582
vn -0.3249 0.2171 0.9205
vn -0.4722 0.3919 0.7896
vn -0.4237 0.3569 0.8325
vn -0.8400 -0.2551 0.4788
vn -0.8394 -0.2606 0.4769
vn -0.8377 -0.2513 0.4849
vn -0.8670 -0.2657 0.4217
vn -0.8338 -0.3034 0.4612
vn -0.8045 -0.2924 0.5169
vn -0.8434 -0.2489 0.4762
vn 0.5816 0.2737 0.7660
vn 0.5688 0.2813 0.7729
vn -0.7386 0.5254 0.4224
vn -0.7280 0.5277 0.4377
vn -0.4767 0.5699 -0.6693
vn -0.4883 0.5654 -0.6648
vn -0.3924 0.6517 -0.6491
vn -0.3772 0.6518 -0.6579
vn -0.5661 -0.8185 0.0978
vn -0.5646 -0.8208 0.0871
vn -0.5477 -0.8271 0.1264
vn -0.5648 0.4577 0.6867
vn -0.5567 0.4473 0.7000
vn -0.4360 0.6614 -0.6103
vn -0.3836 0.6983 -0.6044
vn -0.3579 0.6788 -0.6412
vn -0.5663 -0.8198 0.0856
vn -0.5160 0.5968 -0.6144
vn -0.5287 -0.8346 0.1549
vn -0.3484 0.6727 -0.6528
vn -0.5365 0.6444 -0.5450
vn -0.4995 0.6854 -0.5299
vn -0.5635 -0.8141 0.1404
vn 0.5306 0.3061 0.7904
vn 0.5042 0.2581 0.8241
vn 0.4575 0.1792 0.8710
vn 0.4129 0.2940 0.8620
vn -0.3476 -0.2349 -0.9077
vn -0.2760 -0.2476 -0.9287
vn -0.1282 -0.2768 -0.9523
vn -0.3672 -0.3968 -0.8413
vn -0.5932 -0.4250 -0.6837
vn -0.6997 -0.3732 -0.6091
vn -0.6997 -0.3732 -0.6092
vn -0.8077 -0.3095 -0.5019
vn -0.5044 0.7149 -0.4842
vn -0.4711 0.6986 -0.5386
vn -0.4944 0.7389 -0.4579
vn -0.4945 0.7388 -0.4579
vn -0.4859 0.7566 -0.4376
vn -0.5002 0.7613 -0.4126
vn -0.5002 0.7614 -0.4125
vn -0.4890 0.7585 -0.4307
vn -0.4890 0.7585 -0.4308
vn -0.4738 0.7516 -0.4589
vn 0.5817 -0.6336 0.5102
vn 0.6277 -0.6353 0.4500
vn 0.6276 -0.6353 0.4500
vn 0.7046 -0.6341 0.3185
vn 0.7046 -0.6341 0.3184
vn 0.4759 -0.7585 0.4452
vn 0.4760 -0.7585 0.4451
vn 0.2348 -0.7802 0.5797
vn 0.2347 -0.7802 0.5799
vn 0.1369 -0.7321 0.6673
vn 0.1368 -0.7321 0.6673
vn 0.0128 -0.6615 0.7499
vn 0.3783 0.3363 0.8625
vn 0.4359 0.3095 0.8451
vn 0.3783 0.3363 0.8624
vn 0.3654 0.3695 0.8544
vn 0.3655 0.3698 0.8542
vn 0.3559 0.3955 0.8467
vn 0.3291 0.4056 0.8528
vn 0.3489 0.3990 0.8480
vn 0.3491 0.3990 0.8479
vn 0.3784 0.3860 0.8413
vn -0.5933 -0.4249 -0.6837
vn -0.4948 0.7385 -0.4581
vn -0.4858 0.7566 -0.4377
vn 0.3291 0.4056 0.8527
vn 0.3492 0.3989 0.8479
vn 0.3490 0.3990 0.8479
vn 0.4000 0.2426 0.8838
vn -0.0565 -0.2259 -0.9725
vn -0.0835 -0.3021 -0.9496
vn 0.5022 -0.3487 -0.7913
vn 0.5193 -0.2632 -0.8131
vn 0.4363 -0.3561 -0.8264
vn 0.4616 -0.2662 -0.8462
vn -0.5016 0.0187 0.8649
vn -0.5032 0.0127 0.8641
vn -0.7249 0.0194 0.6886
vn -0.7366 0.0355 0.6754
vn -0.9237 -0.0039 0.3832
vn -0.9172 0.0306 0.3973
vn -0.9977 -0.0266 -0.0630
vn -0.9992 -0.0016 -0.0392
vn -0.8944 -0.0811 -0.4399
vn -0.8937 -0.0532 -0.4454
vn -0.6636 -0.1636 -0.7300
vn -0.6524 -0.1210 -0.7482
vn 0.2498 -0.9611 -0.1178
vn 0.2463 -0.9648 0.0920
vn 0.0254 -0.9543 -0.2978
vn -0.6699 -0.2082 -0.7126
vn -0.1033 -0.3709 -0.9229
vn 0.4826 -0.4282 -0.7640
vn 0.4035 -0.4456 -0.7991
vn -0.5023 0.0109 0.8646
vn -0.6579 0.0203 0.7528
vn -0.8182 -0.0156 0.5747
vn -0.9285 -0.0323 0.3698
vn -0.9946 -0.0555 -0.0872
vn -0.8939 -0.1074 -0.4352
vn 0.1337 -0.9621 -0.2376
vn -0.2051 -0.9686 -0.1403
vn -0.1967 -0.9722 -0.1268
vn -0.4109 -0.9089 -0.0714
vn -0.4025 -0.9120 -0.0798
vn -0.1530 -0.9879 -0.0272
vn -0.1960 -0.9805 0.0158
vn 0.1097 -0.9864 -0.1225
vn 0.1212 -0.9868 -0.1072
vn -0.0859 -0.9901 -0.1106
vn -0.0815 -0.9901 -0.1146
vn -0.4956 0.1020 0.8626
vn -0.4863 0.0998 0.8681
vn -0.5914 0.0519 0.8047
vn -0.6145 0.0941 0.7833
vn 0.0626 -0.7014 0.7100
vn 0.1738 -0.7354 0.6550
vn 0.4258 -0.3431 -0.8373
vn 0.4461 -0.1061 -0.8887
vn 0.4835 -0.1365 -0.8647
vn 0.4182 -0.3804 -0.8249
vn -0.4580 0.2643 0.8488
vn -0.4392 0.3127 0.8422
vn -0.6488 0.3640 0.6683
vn -0.6592 0.3174 0.6817
vn -0.8515 0.3159 0.4185
vn -0.7609 0.3254 0.5613
vn -0.7247 0.4413 0.5292
vn -0.9311 0.2730 0.2418
vn -0.9744 0.2145 0.0674
vn -0.9501 0.0297 -0.3106
vn -0.9259 0.0329 -0.3764
vn -0.5460 -0.2125 -0.8104
vn -0.5855 -0.1533 -0.7960
vn 0.1513 -0.1403 -0.9785
vn -0.0315 -0.2586 -0.9655
vn -0.0269 -0.9894 -0.1428
vn -0.0643 -0.9953 -0.0720
vn 0.2562 -0.9573 -0.1341
vn -0.0579 -0.9956 0.0742
vn -0.2522 -0.9665 0.0483
vn -0.1057 -0.9898 -0.0953
vn -0.0741 -0.9293 -0.3618
vn 0.0714 -0.9886 -0.1328
vn 0.0416 -0.9857 0.1633
vn -0.0896 -0.9956 -0.0287
vn -0.6180 0.5355 0.5756
vn -0.7084 0.4867 0.5112
vn -0.5731 0.5560 0.6020
vn -0.6027 0.5511 0.5770
vn -0.4565 0.7873 0.4143
vn -0.4025 0.7720 0.4919
vn -0.2163 0.9545 0.2052
vn -0.1379 0.9619 0.2362
vn -0.0736 0.9894 -0.1256
vn -0.0061 0.9970 -0.0770
vn 0.3014 0.6703 -0.6781
vn 0.2499 0.7969 -0.5500
vn 0.4220 0.3368 -0.8417
vn 0.4434 0.3408 -0.8290
vn 0.4186 0.1106 -0.9014
vn 0.4470 0.1210 -0.8863
vn 0.4979 0.5092 -0.7020
vn 0.5189 0.3213 -0.7922
vn 0.5158 0.0992 -0.8509
vn 0.1331 0.8856 -0.4450
vn 0.4441 0.0484 -0.8947
vn 0.5742 0.3282 -0.7501
vn 0.1654 0.9860 -0.0202
vn 0.0866 0.9520 0.2936
vn 0.3864 0.8052 -0.4498
vn -0.3472 0.7261 0.5935
vn 0.1086 -0.2767 -0.9548
vn -0.9780 0.0862 0.1901
vn -0.6989 0.5509 -0.4561
vn -0.7740 0.4122 -0.4807
vn -0.7337 0.5156 -0.4426
vn -0.8160 0.3829 -0.4331
vn -0.8440 0.2979 -0.4460
vn -0.8387 0.2739 -0.4706
vn -0.8370 0.2645 -0.4789
vn -0.8456 0.2653 -0.4633
vn -0.8036 0.3015 -0.5132
vn -0.7452 0.3922 -0.5392
vn -0.6950 0.5058 -0.5110
vn -0.6949 0.5459 -0.4682
vn -0.5176 -0.3689 0.7720
vn 0.0358 -0.5362 0.8433
vn 0.0357 -0.5363 0.8433
vn 0.5568 -0.5251 0.6436
vn -0.1438 -0.7217 -0.6771
vn -0.1056 -0.9887 -0.1064
vn -0.0834 -0.9846 -0.1538
vn 0.2273 -0.7552 -0.6149
vn -0.5511 -0.6472 -0.5267
vn 0.0774 -0.9282 -0.3638
vn -0.0918 -0.9946 -0.0492
vn -0.4741 -0.7186 -0.5087
vn -0.5401 -0.4784 -0.6923
vn 0.1214 -0.4720 -0.8732
vn -0.3994 -0.3652 -0.8409
vn 0.0915 -0.5236 -0.8471
vn -0.5247 -0.3094 -0.7931
vn -0.3199 -0.3251 -0.8899
vn -0.5631 -0.3143 -0.7643
vn -0.2350 0.7435 0.6261
vn 0.1208 0.9885 0.0911
vn 0.1676 0.9787 0.1186
vn 0.9000 0.3699 -0.2305
vn 0.5305 -0.6388 0.5572
vn -0.6475 -0.4154 -0.6389
vn -0.7285 -0.3246 -0.6033
vn -0.6912 -0.2753 -0.6682
vn 0.7782 0.5808 -0.2389
vn 0.6914 -0.4382 0.5744
vn 0.4260 0.4110 0.8060
vn 0.4173 0.4072 0.8125
vn 0.3950 0.3987 0.8276
vn 0.5456 0.4787 0.6879
vn 0.4866 0.4546 0.7461
vn 0.3652 0.3841 0.8480
vn 0.5951 0.6064 0.5274
vn 0.5592 0.4840 0.6731
vn 0.6020 0.5997 0.5272
vn 0.5182 0.6460 0.5605
vn 0.5187 0.6529 0.5520
vn 0.1351 0.6941 0.7071
vn 0.1443 0.6956 0.7038
vn -0.2330 0.7473 0.6223
vn -0.5373 -0.5454 -0.6433
vn -0.0981 -0.5670 -0.8179
vn -0.6515 -0.5253 -0.5473
vn 0.3139 -0.6176 -0.7211
vn -0.5174 -0.3997 -0.7566
vn -0.7373 -0.3492 -0.5783
vn 0.3624 -0.5190 -0.7742
vn -0.0248 -0.4643 -0.8853
vn -0.6873 -0.2426 -0.6846
vn -0.1727 0.9485 -0.2657
vn 0.1818 0.7008 0.6898
vn -0.2333 0.7469 0.6226
vn 0.5201 0.6789 0.5182
vn 0.5645 0.6346 0.5279
vn 0.9967 -0.0378 -0.0717
vn 0.9477 0.3169 -0.0364
vn 0.9457 0.3233 -0.0331
vn 0.9958 -0.0575 -0.0718
vn 0.7845 0.6015 0.1505
vn 0.7693 0.6161 0.1692
vn 0.5752 0.7131 0.4008
vn 0.5630 0.7151 0.4143
vn 0.8259 -0.2797 0.4896
vn 0.8239 -0.2906 0.4866
vn 0.7993 -0.3822 0.4637
vn 0.8466 -0.1424 0.5129
vn 0.8461 -0.1516 0.5110
vn 0.4085 0.6583 0.6323
vn 0.4101 0.6599 0.6296
vn 0.8507 -0.0737 0.5205
vn 0.8508 -0.0755 0.5201
vn 0.8510 -0.0540 0.5224
vn 0.8510 -0.0538 0.5225
vn 0.3357 0.4319 0.8371
vn 0.3389 0.4518 0.8252
vn -0.7607 -0.3400 -0.5529
vn -0.7320 -0.4138 -0.5413
vn -0.7313 -0.4152 -0.5411
vn -0.7528 -0.3847 -0.5341
vn -0.7569 -0.3757 -0.5348
vn -0.7353 -0.4352 -0.5196
vn 0.3777 0.0630 0.9238
vn 0.3729 0.0860 0.9239
vn -0.7379 -0.4056 -0.5395
vn -0.7391 -0.4035 -0.5393
vn 0.8500 -0.0924 0.5186
vn 0.4673 -0.2303 0.8536
vn 0.4677 -0.2320 0.8529
vn -0.3919 -0.1733 -0.9035
vn -0.3429 0.1568 -0.9262
vn -0.3431 0.1764 -0.9226
vn -0.3717 -0.1417 -0.9175
vn -0.4444 0.5177 -0.7311
vn -0.4468 0.5200 -0.7280
vn 0.5526 -0.4270 0.7157
vn -0.6384 0.6831 -0.3548
vn -0.6418 0.6828 -0.3492
vn -0.8157 0.5760 -0.0544
vn -0.8163 0.5751 -0.0534
vn -0.7635 -0.3442 -0.5465
vn -0.7597 -0.3534 -0.5458
vn -0.9480 0.3083 0.0788
vn -0.9495 0.3032 0.0805
vn -0.9965 -0.0166 0.0824
vn -0.9964 -0.0152 0.0839
vn -0.9536 -0.3010 0.0111
vn -0.9656 -0.2588 0.0259
vn -0.8324 -0.5521 -0.0473
vn 0.8826 -0.4545 0.1202
vn 0.9555 -0.2950 0.0006
vn 0.9488 -0.3157 0.0110
vn -0.5616 -0.4131 -0.7169
vn -0.4956 -0.3336 -0.8020
vn -0.4718 -0.3115 -0.8249
vn 0.9149 0.3828 -0.1280
vn 0.6500 0.6521 -0.3904
vn 0.5936 0.7077 -0.3832
vn 0.8898 0.4369 -0.1315
vn 0.1952 0.9006 -0.3884
vn 0.1257 0.9315 -0.3412
vn -0.2591 0.9609 -0.0977
vn -0.2929 0.9542 -0.0612
vn 0.7723 0.2945 0.5629
vn 0.7701 0.2978 0.5642
vn 0.7530 0.3195 0.5752
vn 0.7601 0.3527 0.5458
vn 0.7640 0.3433 0.5463
vn -0.4966 0.8243 0.2719
vn -0.4894 0.8330 0.2582
vn 0.7378 0.4055 0.5396
vn 0.7391 0.4035 0.5393
vn 0.7317 0.4144 0.5412
vn 0.7312 0.4152 0.5412
vn -0.5154 0.6023 0.6096
vn -0.5114 0.6450 0.5679
vn -0.3155 -0.8479 -0.4262
vn -0.3192 -0.8450 -0.4290
vn -0.3193 -0.8450 -0.4290
vn -0.2336 -0.9064 -0.3519
vn -0.2580 -0.8936 -0.3674
vn -0.1661 -0.9420 -0.2918
vn -0.3743 0.2868 0.8818
vn -0.3910 0.3710 0.8423
vn -0.3196 -0.8447 -0.4293
vn 0.7608 0.3399 0.5528
vn -0.0781 -0.0432 0.9960
vn -0.1374 0.0630 0.9885
vn 0.2139 -0.4842 -0.8484
vn -0.0749 -0.2047 -0.9760
vn -0.1139 -0.1688 -0.9790
vn 0.1400 -0.4054 -0.9033
vn -0.4101 0.0106 -0.9120
vn -0.4176 0.0134 -0.9085
vn 0.1429 -0.2775 0.9500
vn -0.7779 0.1041 -0.6197
vn -0.7821 0.1028 -0.6147
vn -0.9673 0.0398 -0.2506
vn -0.9719 0.0318 -0.2333
vn -0.3176 -0.8464 -0.4275
vn -0.3179 -0.8461 -0.4278
vn -0.9874 -0.1579 -0.0040
vn -0.9869 -0.1616 -0.0004
vn -0.8611 -0.4814 0.1635
vn -0.8738 -0.4600 0.1579
vn -0.6162 -0.7513 0.2362
vn -0.6618 -0.7112 0.2369
vn -0.4393 -0.8634 0.2481
vn 0.9079 0.2780 0.3137
vn 0.9449 0.2834 0.1636
vn 0.9306 0.3296 0.1592
vn 0.4776 -0.7434 -0.4682
vn 0.4287 -0.6860 -0.5879
vn 0.3562 -0.6095 -0.7083
vn 0.6513 0.6837 -0.3293
vn 0.3165 0.6965 -0.6440
vn 0.2430 0.7022 -0.6693
vn 0.6005 0.7028 -0.3814
vn -0.1568 0.6797 -0.7165
vn -0.2239 0.6778 -0.7003
vn -0.6348 0.6165 -0.4658
vn -0.6592 0.6103 -0.4393
vn 0.3757 0.7943 0.4774
vn 0.3802 0.7890 0.4826
vn 0.4527 0.7076 0.5425
vn 0.3089 0.8525 0.4218
vn 0.3092 0.8522 0.4220
vn -0.8645 0.5015 -0.0323
vn -0.8619 0.5050 -0.0451
vn 0.3075 0.8536 0.4206
vn 0.3066 0.8542 0.4200
vn 0.3067 0.8541 0.4200
vn -0.8396 0.4066 0.3601
vn -0.8495 0.4168 0.3235
vn 0.0119 -0.9781 -0.2078
vn -0.0022 -0.9755 -0.2202
vn -0.0023 -0.9754 -0.2202
vn 0.1509 -0.9853 -0.0804
vn 0.1427 -0.9860 -0.0866
vn 0.2339 -0.9723 -0.0016
vn -0.6016 0.3224 0.7308
vn -0.6431 0.3405 0.6859
vn -0.0004 -0.9758 -0.2185
vn -0.0001 -0.9759 -0.2184
vn 0.3005 0.8584 0.4158
vn -0.2153 0.2794 0.9357
vn -0.3003 0.3031 0.9044
vn 0.4175 -0.6346 -0.6504
vn 0.0924 -0.5155 -0.8519
vn 0.1050 -0.5180 -0.8489
vn 0.4066 -0.6281 -0.6635
vn -0.2706 -0.4641 -0.8434
vn -0.2416 -0.4637 -0.8524
vn 0.0725 0.2503 0.9654
vn -0.6012 -0.4719 -0.6449
vn -0.5811 -0.4704 -0.6641
vn -0.7899 -0.5108 -0.3393
vn -0.7897 -0.5110 -0.3395
vn 0.0352 -0.9817 -0.1869
vn 0.0321 -0.9813 -0.1898
vn -0.7904 -0.6120 -0.0272
vn -0.7868 -0.6170 -0.0146
vn -0.5679 -0.7834 0.2526
vn -0.5557 -0.7899 0.2594
vn -0.2521 -0.8930 0.3728
vn -0.2569 -0.8918 0.3725
vn -0.0248 -0.9239 0.3817
vn 0.7510 0.6260 0.2100
vn 0.7453 0.6667 0.0028
vn 0.7214 0.6900 -0.0595
vn 0.5896 -0.7832 -0.1972
vn 0.5652 -0.7303 -0.3837
vn 0.5612 -0.7176 -0.4124
vn 0.3832 0.4422 -0.8109
vn -0.1031 0.3123 -0.9444
vn -0.2084 0.4821 -0.8510
vn 0.2794 0.6560 -0.7011
vn 0.0857 0.8927 -0.4425
vn -0.3741 0.6982 -0.6103
vn -0.4987 0.8143 -0.2970
vn -0.1253 0.9863 -0.1069
vn -0.5723 0.8197 0.0232
vn -0.2948 0.9333 0.2050
vn -0.7140 0.6092 -0.3451
vn -0.7177 0.6908 -0.0875
vn -0.6953 0.3983 -0.5983
vn -0.5549 0.0845 -0.8276
vn -0.6087 0.1877 -0.7709
vn -0.7639 -0.1185 -0.6343
vn -0.7751 -0.0390 -0.6307
vn -0.8195 0.1702 -0.5473
vn -0.8178 0.4790 -0.3190
vn -0.7605 0.6492 0.0145
vn -0.2925 -0.5011 -0.8145
vn -0.2560 -0.6258 -0.7368
vn -0.5684 -0.5919 -0.5714
vn -0.5848 -0.5663 -0.5808
vn 0.1835 -0.3924 -0.9013
vn 0.1994 -0.6015 -0.7735
vn 0.5178 -0.3116 -0.7967
vn 0.4928 -0.5489 -0.6752
vn -0.6018 0.7768 0.1853
vn -0.3583 0.8712 0.3356
vn 0.1151 -0.1327 -0.9844
vn -0.3776 -0.3390 -0.8617
vn -0.6396 -0.4790 -0.6012
vn 0.0296 0.0900 -0.9955
vn -0.4933 -0.0704 -0.8670
vn 0.4667 0.1727 -0.8674
vn 0.5009 -0.0136 -0.8654
vn -0.7487 -0.2144 -0.6273
vn -0.2666 -0.7024 -0.6599
vn -0.5575 -0.6119 -0.5611
vn 0.7296 0.6457 0.2255
vn 0.7384 0.6733 0.0379
vn 0.7602 0.6488 0.0356
vn 0.7417 0.6377 0.2078
vn 0.4533 -0.6945 -0.5588
vn 0.1715 -0.7312 -0.6603
vn 0.1733 -0.9846 0.0229
vn 0.0406 -0.9679 0.2480
vn -0.0268 -0.9777 0.2084
vn 0.1869 -0.9767 -0.1053
vn -0.1093 -0.9428 0.3151
vn -0.0944 -0.9442 0.3155
vn -0.0212 -0.9382 0.3454
vn -0.4166 -0.3505 0.8388
vn -0.4954 -0.3642 0.7886
vn 0.8743 0.4192 0.2447
vn 0.8925 0.4489 0.0451
vn 0.9161 0.3799 0.1284
vn 0.9091 0.3272 0.2577
vn 0.8520 -0.5065 -0.1321
vn 0.8640 -0.4499 -0.2261
vn 0.6527 -0.6441 -0.3989
vn 0.7003 -0.6444 -0.3072
vn 0.4973 0.8475 0.1856
vn 0.9716 0.1108 0.2093
vn 0.9798 0.1622 0.1168
vn 0.9866 -0.1600 -0.0319
vn 0.9615 -0.2697 0.0526
vn 0.4447 -0.7174 -0.5363
vn 0.4333 -0.7447 -0.5076
vn 0.8403 0.4928 0.2259
vn 0.8315 0.5536 0.0461
vn 0.7536 0.6284 0.1930
vn -0.0895 0.9738 -0.2089
vn -0.4496 -0.2411 0.8601
vn -0.7295 -0.2635 0.6312
vn -0.7295 -0.2634 0.6312
vn -0.9738 -0.1992 -0.1101
vn -0.9738 -0.1992 -0.1100
vn -0.9715 -0.2033 -0.1217
vn -0.7501 -0.2357 0.6179
vn -0.9551 -0.2793 0.0985
vn -0.5595 -0.7931 0.2407
vn -0.2642 -0.6811 0.6829
vn -0.7510 -0.4644 -0.4695
vn -0.7332 -0.5504 -0.3994
vn -0.7332 -0.5505 -0.3993
vn -0.6280 -0.7395 -0.2422
vn -0.6280 -0.7396 -0.2422
vn -0.5196 -0.8439 -0.1335
vn -0.5805 -0.6966 0.4217
vn -0.2216 -0.7980 0.5604
vn -0.2549 -0.7941 0.5517
vn -0.9581 -0.2766 0.0741
vn -0.9874 -0.1558 -0.0262
vn -0.9819 -0.1892 0.0012
vn -0.5288 -0.2684 -0.8052
vn -0.8049 -0.4657 -0.3677
vn -0.7913 -0.4547 -0.4087
vn 0.8748 0.2790 -0.3962
vn 0.7785 0.5945 -0.2014
vn -0.4713 0.6716 0.5717
vn -0.4583 0.6802 0.5721
vn -0.4615 0.6704 0.5810
vn -0.4488 0.6724 0.5886
vn -0.4621 0.6781 0.5715
vn -0.4659 0.6882 0.5561
vn -0.4748 0.6571 0.5854
vn -0.4792 0.6050 0.6359
vn 0.4715 -0.6408 -0.6059
vn 0.4601 -0.6749 -0.5770
vn 0.4677 -0.6726 -0.5735
vn 0.4623 -0.6939 -0.5520
vn 0.4567 -0.6853 -0.5673
vn 0.4327 -0.6730 -0.5999
vn 0.4463 -0.6692 -0.5942
vn 0.4610 -0.6720 -0.5795
vn -0.0448 -0.0863 0.9953
vn -0.5763 -0.3726 0.7274
vn -0.6086 -0.3888 0.6916
vn -0.4268 -0.9030 0.0483
vn -0.8916 -0.3487 0.2888
vn 0.5133 -0.1317 -0.8481
vn 0.7089 -0.6109 -0.3524
vn 0.2517 -0.9602 -0.1214
vn -0.3148 -0.3879 -0.8663
vn -0.5291 -0.8415 -0.1091
vn -0.6539 -0.7475 -0.1169
vn -0.5381 -0.8070 -0.2434
vn -0.6446 -0.7501 -0.1479
vn -0.7393 -0.6724 -0.0351
vn -0.7528 -0.6548 -0.0672
vn -0.6530 -0.7536 -0.0754
vn -0.8297 -0.5533 -0.0739
vn -0.7574 -0.6446 -0.1038
vn -0.9314 -0.3427 -0.1228
vn -0.8230 -0.5222 -0.2237
vn -0.9574 -0.1710 -0.2329
vn -0.6900 -0.6462 -0.3261
vn -0.9219 -0.2422 -0.3023
vn -0.5305 -0.8460 -0.0539
vn -0.5957 -0.7963 0.1052
vn -0.6338 -0.7733 0.0194
vn 0.8432 -0.1556 0.5145
vn 0.5517 -0.8068 -0.2115
vn 0.7743 0.3237 -0.5437
vn 0.2458 -0.9624 -0.1153
vn 0.2479 -0.9620 -0.1142
vn 0.2821 -0.9423 -0.1800
vn 0.2793 -0.9429 -0.1816
vn 0.3480 -0.8802 -0.3228
vn 0.3513 -0.8795 -0.3209
vn 0.2063 -0.9778 -0.0367
vn 0.2287 -0.9705 -0.0761
vn 0.2279 -0.9707 -0.0765
vn 0.4546 -0.6908 -0.5622
vn -0.9438 0.2617 0.2020
vn -0.8652 0.4978 -0.0599
vn -0.9800 0.1882 -0.0643
vn -0.8468 0.5141 0.1364
vn -0.9425 0.3342 0.0026
vn -0.9800 0.1881 -0.0643
vn 0.9996 0.0258 0.0083
vn 0.9551 -0.2715 -0.1185
vn -0.7380 0.6259 0.2522
vn -0.7440 0.6283 0.2275
vn -0.7253 0.6301 0.2775
vn -0.9221 0.0638 0.3817
vn -0.4175 0.7782 0.4692
vn -0.7454 0.6293 0.2199
vn -0.3872 -0.3940 -0.8336
vn 0.8420 0.5386 -0.0303
vn 0.9040 0.4269 -0.0232
vn -0.8572 -0.4562 -0.2392
vn -0.8973 -0.3895 -0.2079
vn -0.9595 -0.2165 -0.1801
vn -0.7771 -0.5519 -0.3024
vn -0.6911 0.7045 0.1618
vn -0.7334 -0.5748 -0.3630
vn -0.9970 0.0500 -0.0589
vn -0.9660 0.1884 0.1772
vn 0.1078 0.6446 0.7569
vn 0.1238 0.6366 0.7612
vn 0.1553 0.6114 0.7759
vn 0.1720 0.5991 0.7820
vn -0.9869 0.1361 -0.0861
vn -0.9361 0.3338 0.1106
vn -0.9710 0.2388 0.0128
vn -0.9919 0.0611 -0.1112
vn -0.9919 0.0610 -0.1112
vn -0.9736 -0.0875 -0.2109
vn -0.7595 0.4807 0.4384
vn -0.7163 -0.6934 -0.0785
vn -0.9565 -0.1681 -0.2385
vn -0.6750 -0.6109 -0.4138
vn -0.6962 -0.5941 -0.4029
vn 0.4005 -0.7648 -0.5047
vn 0.2292 -0.9659 0.1207
vn 0.3512 -0.9252 -0.1439
vn -0.5802 -0.8093 -0.0915
vn -0.8735 -0.4718 -0.1196
vn -0.8736 -0.4718 -0.1196
vn -0.6232 -0.7795 -0.0631
vn -0.7132 -0.7009 -0.0043
vn -0.9539 -0.2758 -0.1187
vn -0.8213 -0.5678 -0.0555
vn -0.9908 -0.0198 -0.1339
vn -0.6141 -0.7367 0.2832
vn -0.9625 -0.1098 0.2482
vn -0.7315 -0.6759 -0.0900
vn -0.6900 -0.6648 -0.2863
vn -0.9818 -0.1447 -0.1227
vn -0.4387 -0.8607 -0.2585
vn -0.7875 -0.6126 0.0672
vn -0.8802 0.4641 0.0992
vn -0.3913 -0.9084 -0.1477
vn -0.4090 -0.9104 -0.0622
vn -0.3872 -0.9193 -0.0703
vn -0.5028 -0.8323 -0.2333
vn -0.6444 -0.7554 0.1185
vn -0.6881 -0.7229 0.0622
vn -0.9575 0.1631 0.2380
vn -0.7436 0.1177 0.6582
vn -0.8415 0.5401 -0.0143
vn -0.9208 0.3036 0.2450
vn -0.5213 0.8533 -0.0102
vn -0.8301 0.5558 -0.0447
vn 0.6660 -0.6696 -0.3287
vn 0.4298 -0.7526 -0.4989
vn -0.0630 -0.2910 -0.9546
vn 0.4306 -0.3966 -0.8108
vn -0.6009 -0.1620 -0.7828
vn -0.9172 -0.0039 -0.3985
vn -0.9749 0.2069 0.0820
vn -0.9312 0.2508 0.2646
vn 0.3978 -0.4431 -0.8034
vn -0.0529 0.9278 0.3692
vn -0.7736 0.5248 -0.3552
vn 0.0197 0.9662 0.2569
vn 0.0221 0.9672 0.2532
vn -0.7723 0.5259 -0.3563
vn 0.1838 0.9828 -0.0179
vn -0.6813 0.5213 -0.5138
vn 0.2504 0.9581 -0.1389
vn 0.2525 0.9570 -0.1429
vn -0.6799 0.5217 -0.5153
vn 0.6228 -0.6202 -0.4769
vn 0.1742 0.4714 -0.8645
vn 0.9176 0.3614 0.1655
vn 0.3678 0.3131 -0.8756
vn 0.9139 0.3679 0.1716
vn -0.1795 -0.9837 0.0104
vn 0.2598 -0.7084 -0.6563
vn 0.0581 -0.9243 -0.3772
vn 0.4361 -0.3213 -0.8406
vn 0.9724 -0.2014 -0.1180
vn 0.9724 -0.2015 -0.1174
vn 0.9320 -0.3270 0.1564
vn 0.9547 -0.2334 0.1846
vn 0.8451 0.4381 0.3063
vn 0.8725 0.4820 -0.0803
vn 0.8725 0.4820 -0.0801
vn 0.8452 0.4382 0.3060
vn -0.8272 -0.5578 0.0674
vn -0.7288 -0.5233 0.4416
vn -0.7289 -0.5234 0.4413
vn -0.8273 -0.5578 0.0673
vn 0.7703 0.4475 -0.4544
vn -0.5144 -0.4136 0.7513
vn -0.5143 -0.4136 0.7513
vn 0.5549 0.3405 -0.7591
vn 0.5547 0.3404 -0.7592
vn -0.2166 -0.2463 0.9447
vn 0.2583 0.1767 -0.9498
vn -0.0750 -0.0206 -0.9970
vn -0.0749 -0.0205 -0.9970
vn 0.2582 0.1767 -0.9498
vn 0.1170 -0.0480 0.9920
vn -0.3928 -0.2215 -0.8926
vn 0.4366 0.1520 0.8867
vn 0.4365 0.1520 0.8868
vn -0.6460 -0.3943 -0.6536
vn -0.6460 -0.3943 -0.6537
vn 0.6922 0.3225 0.6456
vn 0.6921 0.3224 0.6457
vn -0.7981 -0.5124 -0.3168
vn 0.3241 0.7390 0.5906
vn 0.4569 0.8379 0.2986
vn 0.4569 0.8379 0.2987
vn 0.3240 0.7390 0.5907
vn -0.9716 0.0751 -0.2242
vn -0.9943 0.0356 0.1007
vn -0.9943 0.0356 0.1008
vn -0.9717 0.0751 -0.2241
vn 0.4785 0.8774 -0.0340
vn -0.9187 0.0335 0.3936
vn 0.3858 0.8515 -0.3550
vn 0.3858 0.8515 -0.3551
vn -0.7807 0.0843 0.6192
vn -0.8104 0.0628 0.5826
vn 0.1939 0.7647 -0.6145
vn 0.1940 0.7647 -0.6144
vn -0.3018 0.3568 0.8841
vn -0.0856 0.4562 0.8857
vn -0.3058 0.3473 0.8865
vn -0.0662 0.6310 -0.7729
vn -0.3542 0.4714 -0.8077
vn -0.2303 -0.2186 0.9483
vn -0.2565 -0.2342 0.9377
vn -0.2582 -0.2279 0.9388
vn -0.2331 -0.2136 0.9487
vn -0.6265 0.3101 -0.7150
vn 0.1386 0.5962 0.7908
vn 0.1386 0.5962 0.7907
vn -0.0391 0.4740 0.8796
vn -0.8429 0.1712 -0.5101
vn -0.8428 0.1713 -0.5103
vn -0.1510 -0.8326 -0.5329
vn -0.2721 -0.9231 -0.2717
vn -0.1886 -0.9480 -0.2565
vn -0.1522 -0.8334 -0.5312
vn 0.6529 -0.4564 0.6044
vn 0.8558 -0.3275 0.4003
vn 0.8421 -0.3963 0.3657
vn 0.6531 -0.4563 0.6043
vn 0.0316 -0.7140 -0.6995
vn 0.0318 -0.7139 -0.6996
vn 0.4337 -0.5954 0.6764
vn 0.4400 -0.5906 0.6764
vn 0.2688 -0.5708 -0.7759
vn 0.2690 -0.5707 -0.7759
vn 0.1839 -0.7499 0.6355
vn 0.1851 -0.7510 0.6338
vn 0.7361 -0.3141 -0.5995
vn 0.5165 -0.4302 -0.7404
vn 0.7362 -0.3141 -0.5994
vn -0.0554 -0.8648 0.4990
vn -0.0621 -0.8672 0.4941
vn 0.8955 -0.2394 -0.3751
vn -0.2132 -0.9331 0.2898
vn -0.2133 -0.9331 0.2896
vn 0.9694 -0.2169 -0.1146
vn 0.9697 -0.2170 -0.1125
vn -0.2887 -0.9572 -0.0200
vn -0.2091 -0.9777 -0.0213
vn 0.9512 -0.2506 0.1802
vn 0.9310 -0.3290 0.1580
vn -0.9819 0.1693 -0.0851
vn -0.9876 0.1419 0.0665
vn -0.9757 0.2011 0.0866
vn -0.9786 0.1904 -0.0776
vn -0.9624 0.1478 -0.2280
vn -0.9909 0.1103 0.0775
vn 0.2099 0.8115 0.5454
vn 0.3310 0.9009 0.2808
vn 0.3311 0.9010 0.2804
vn 0.2098 0.8114 0.5455
vn -0.8367 0.2445 -0.4900
vn 0.0081 0.6781 0.7349
vn 0.0084 0.6783 0.7347
vn -0.6355 0.3847 -0.6694
vn -0.6354 0.3848 -0.6695
vn -0.2435 0.5202 0.8186
vn -0.2437 0.5201 0.8186
vn -0.3866 0.5461 -0.7431
vn -0.3866 0.5462 -0.7431
vn -0.5071 0.3612 0.7826
vn -0.5070 0.3612 0.7826
vn 0.1049 0.8285 -0.5501
vn -0.1270 0.7017 -0.7010
vn -0.1267 0.7019 -0.7009
vn 0.1048 0.8285 -0.5502
vn -0.7431 0.2273 0.6294
vn 0.2737 0.9096 -0.3125
vn 0.2738 0.9097 -0.3123
vn -0.9151 0.1391 0.3786
vn -0.9150 0.1391 0.3786
vn 0.3537 0.9351 -0.0209
vn 0.3536 0.9351 -0.0214
vn -0.1889 -0.9490 0.2524
vn -0.1867 -0.9481 0.2573
vn -0.1855 -0.9819 -0.0387
vn -0.2487 -0.9675 -0.0447
vn 0.9020 -0.2245 -0.3687
vn 0.8992 -0.2264 -0.3745
vn -0.0433 -0.8746 0.4829
vn -0.0397 -0.8727 0.4866
vn 0.7504 -0.2984 -0.5897
vn 0.7444 -0.3019 -0.5956
vn 0.1626 -0.7569 0.6329
vn 0.1672 -0.7544 0.6348
vn 0.2954 -0.5688 -0.7676
vn 0.2910 -0.5717 -0.7671
vn 0.5312 -0.4225 -0.7344
vn 0.5372 -0.4188 -0.7321
vn 0.7520 -0.2975 -0.5882
vn 0.5388 -0.4178 -0.7315
vn 0.4036 -0.6105 0.6814
vn 0.4084 -0.6077 0.6811
vn 0.0656 -0.7202 -0.6907
vn 0.0625 -0.7223 -0.6887
vn 0.6430 -0.4567 0.6148
vn 0.6465 -0.4544 0.6128
vn -0.1086 -0.8416 -0.5290
vn -0.1119 -0.8442 -0.5243
vn 0.8596 -0.3136 0.4034
vn 0.8452 -0.3938 0.3614
vn -0.2251 -0.9321 -0.2837
vn -0.1605 -0.9508 -0.2651
vn 0.8624 -0.2898 0.4150
vn 0.9596 -0.2051 0.1926
vn -0.2434 -0.9259 -0.2889
vn -0.2664 -0.9627 -0.0464
vn -0.1575 0.4510 0.8785
vn -0.5190 0.4932 0.6981
vn -0.4052 0.7554 0.5150
vn -0.1262 0.7169 0.6856
vn 0.8610 0.2920 0.4165
vn 0.6464 0.4413 0.6224
vn 0.5627 0.7065 0.4293
vn 0.8108 0.5144 0.2791
vn -0.9290 -0.2662 -0.2571
vn -0.9435 -0.3013 0.1380
vn -0.8566 -0.5138 0.0469
vn -0.8210 -0.4632 -0.3338
vn 0.7427 0.2617 0.6163
vn 0.8772 0.3881 0.2826
vn 0.8699 0.3929 0.2982
vn 0.7129 0.2787 0.6435
vn -0.7767 -0.1634 -0.6084
vn -0.6629 -0.3455 -0.6643
vn 0.4836 0.1256 0.8662
vn 0.4495 0.1175 0.8855
vn -0.5163 -0.0280 -0.8560
vn -0.4080 -0.1786 -0.8954
vn 0.1386 -0.0199 0.9902
vn 0.1138 -0.0712 0.9909
vn -0.1676 0.1219 -0.9783
vn -0.0784 0.0107 -0.9969
vn -0.2357 -0.1678 0.9572
vn -0.2411 -0.2590 0.9353
vn 0.5360 0.3822 -0.7527
vn 0.2097 0.2674 -0.9405
vn 0.2726 0.1920 -0.9428
vn 0.5770 0.3357 -0.7445
vn -0.5661 -0.2771 0.7764
vn -0.5479 -0.4080 0.7303
vn 0.7704 0.4472 -0.4544
vn 0.7903 0.4215 -0.4448
vn -0.8180 -0.3193 0.4784
vn -0.7662 -0.4959 0.4086
vn 0.8868 0.4509 -0.1011
vn 0.8927 0.4415 -0.0902
vn 0.9806 0.1679 0.1015
vn 0.9445 0.1949 -0.2646
vn 0.9384 0.2783 -0.2050
vn 0.9471 0.2267 0.2272
vn -0.7948 0.4607 0.3950
vn -0.6712 0.6930 0.2632
vn 0.7598 0.2209 -0.6114
vn 0.7783 0.2979 -0.5528
vn 0.4697 0.2314 -0.8520
vn 0.4954 0.2864 -0.8201
vn 0.2520 0.4754 0.8429
vn 0.1963 0.7608 0.6186
vn 0.0952 0.2364 -0.9670
vn -0.2943 0.2310 -0.9274
vn -0.2579 0.2068 -0.9438
vn 0.1342 0.2508 -0.9587
vn -0.6267 0.2243 -0.7463
vn -0.6134 0.1703 -0.7712
vn -0.9203 0.3317 0.2073
vn -0.8472 0.5198 0.1094
vn -0.8741 0.2080 -0.4390
vn -0.8690 0.1454 -0.4729
vn -0.9892 0.1287 0.0701
vn -0.9759 0.2086 0.0637
vn -0.9820 0.1819 -0.0511
vn 0.9495 0.1866 0.2523
vn -0.7572 -0.6531 0.0093
vn -0.7055 -0.6122 -0.3570
vn 0.8762 0.3740 0.3039
vn 0.7186 0.2585 0.6456
vn -0.5473 -0.4965 -0.6738
vn 0.4589 0.0812 0.8848
vn -0.3015 -0.3201 -0.8981
vn 0.1326 -0.1339 0.9821
vn 0.0102 -0.1111 -0.9938
vn -0.1981 -0.3435 0.9180
vn 0.3372 0.0956 -0.9366
vn 0.6223 0.2643 -0.7368
vn -0.4822 -0.5130 0.7101
vn 0.8177 0.3718 -0.4395
vn -0.6836 -0.6211 0.3833
vn 0.9073 0.4115 -0.0863
vn -0.1373 0.4497 -0.8826
vn 0.1499 0.7146 -0.6833
vn 0.1431 0.7151 -0.6843
vn -0.1129 0.4695 -0.8757
vn 0.9843 0.1611 0.0719
vn 0.9389 0.1750 -0.2964
vn 0.7380 0.1897 -0.6476
vn 0.4445 0.2012 -0.8729
vn 0.0661 0.2193 -0.9734
vn -0.3184 0.2240 -0.9211
vn 0.9619 0.1627 0.2197
vn 0.9521 0.2112 0.2213
vn 0.9620 0.1622 0.2196
vn -0.6299 0.2231 -0.7439
vn -0.8778 0.2013 -0.4346
vn 0.0387 -0.9869 -0.1567
vn 0.0389 -0.9869 -0.1568
vn 0.0383 -0.9869 -0.1565
vn 0.0385 -0.9869 -0.1570
vn 0.0380 -0.9868 -0.1572
vn 0.0380 -0.9868 -0.1571
vn 0.0382 -0.9869 -0.1568
vn 0.0381 -0.9870 -0.1564
vn 0.0376 -0.9881 -0.1489
vn 0.0376 -0.9885 -0.1464
vn 0.0322 0.7134 -0.7001
vn -0.0853 0.6916 -0.7172
vn -0.0913 0.6903 -0.7178
vn 0.0251 0.7126 -0.7012
vn 0.2399 0.4428 -0.8639
vn 0.2899 -0.0501 -0.9557
vn 0.2547 -0.0597 -0.9652
vn 0.2603 0.4302 -0.8644
vn -0.4445 0.0249 -0.8954
vn -0.4347 0.0036 -0.9006
vn -0.0257 0.0746 -0.9969
vn -0.0913 0.0745 -0.9930
vn 0.0380 -0.9881 -0.1489
vn 0.0385 -0.9870 -0.1563
vn 0.0385 -0.9869 -0.1567
vn 0.0384 -0.9869 -0.1567
vn 0.5877 0.1204 -0.8001
vn 0.5906 0.1667 -0.7896
vn 0.5615 0.2717 -0.7816
vn -0.4346 0.2397 -0.8682
vn 0.0965 0.9044 0.4156
vn -0.1100 0.9190 0.3787
vn -0.1031 0.9192 0.3801
vn 0.1034 0.9032 0.4166
vn -0.4634 0.8218 0.3314
vn -0.7497 0.5785 0.3212
vn -0.7533 0.5742 0.3208
vn -0.4632 0.8218 0.3317
vn 0.3211 0.8303 0.4556
vn 0.3248 0.8288 0.4556
vn -0.2852 0.8945 0.3443
vn -0.2821 0.8952 0.3451
vn -0.9738 0.1264 0.1891
vn -0.9742 0.1232 0.1890
vn 0.6633 0.5774 0.4761
vn 0.6603 0.5810 0.4759
vn 0.9423 0.1288 0.3090
vn 0.9299 0.1529 0.3346
vn 0.9296 0.1534 0.3352
vn -0.9822 0.0825 0.1690
vn 0.0371 -0.9896 -0.1387
vn 0.0371 -0.9896 -0.1390
vn 0.0370 -0.9896 -0.1390
vn 0.0373 -0.9896 -0.1390
vn -0.0572 -0.1473 0.9874
vn -0.0567 -0.1502 0.9870
vn -0.0683 -0.1592 0.9849
vn -0.0642 -0.1545 0.9859
vn -0.0665 -0.1572 0.9853
vn -0.0664 -0.1596 0.9849
vn -0.0551 -0.1711 0.9837
vn -0.0579 -0.1730 0.9832
vn -0.0721 -0.1625 0.9841
vn -0.0795 -0.1603 0.9839
vn -0.0843 -0.1588 0.9837
vn -0.0754 -0.1564 0.9848
vn 0.9039 0.3168 0.2872
vn 0.9029 0.4046 -0.1450
vn -0.9627 0.0021 0.2705
vn -0.8642 -0.0361 0.5019
vn 0.7697 0.4010 -0.4968
vn -0.5827 -0.0294 0.8121
vn 0.5140 0.3439 -0.7859
vn -0.1975 0.0148 0.9802
vn 0.1709 0.2464 -0.9540
vn -0.2157 0.1327 -0.9674
vn 0.2230 0.0866 0.9710
vn -0.5749 0.0339 -0.8175
vn 0.5959 0.1465 0.7896
vn -0.8365 -0.0419 -0.5464
vn 0.7970 0.1995 0.5700
vn -0.9902 -0.0538 -0.1285
vn -0.5060 0.8601 0.0649
vn -0.5056 0.8604 0.0632
vn -0.5109 0.8579 0.0545
vn -0.5026 0.8626 0.0582
vn -0.5058 0.8608 0.0570
vn -0.4972 0.8656 0.0596
vn -0.6154 0.1810 0.7672
vn -0.6120 0.1800 0.7701
vn -0.2235 -0.4044 -0.8869
vn -0.2455 -0.4754 -0.8448
vn -0.2648 -0.4471 -0.8544
vn -0.3031 -0.5205 -0.7983
vn -0.3392 -0.5217 -0.7828
vn 0.8601 0.2209 -0.4597
vn 0.8531 0.2478 -0.4592
vn 0.8751 0.2501 -0.4143
vn -0.2036 -0.2027 0.9578
vn -0.2085 -0.1986 0.9576
vn -0.2360 -0.2084 0.9491
vn 0.9353 0.2533 -0.2470
vn -0.3817 -0.5221 -0.7627
vn -0.2792 -0.4251 -0.8610
vn -0.2375 -0.3844 -0.8921
vn -0.6609 -0.5743 0.4832
vn -0.6755 -0.5798 0.4556
vn -0.7686 -0.6028 0.2142
vn 0.4588 0.0006 0.8886
vn 0.4905 0.0140 0.8713
vn 0.6636 0.0931 0.7422
vn -0.9975 -0.0480 0.0517
vn -0.9753 -0.1648 0.1468
vn -0.8805 0.4271 0.2057
vn -0.8316 -0.5406 -0.1272
vn -0.8244 -0.5621 -0.0661
vn -0.9999 0.0020 0.0108
vn -0.8638 0.4981 0.0755
vn 0.9810 0.0109 0.1940
vn 0.8332 0.4627 0.3028
vn 0.9518 -0.1114 0.2859
vn 0.8520 -0.5234 0.0059
vn 0.8253 -0.5597 0.0752
vn 0.9862 0.0632 0.1530
vn 0.8342 0.5246 0.1699
vn -0.9973 -0.0515 0.0523
vn -0.9753 -0.1651 0.1465
vn -0.8969 0.4036 0.1811
vn -0.8134 -0.5703 -0.1147
vn -0.7945 -0.6058 -0.0426
vn -0.9999 -0.0052 0.0135
vn -0.8866 0.4597 0.0517
vn 0.9809 0.0101 0.1942
vn 0.8333 0.4624 0.3029
vn 0.9517 -0.1111 0.2862
vn 0.9862 0.0593 0.1548
vn 0.8354 0.5224 0.1709
vn -0.9976 -0.0460 0.0515
vn -0.9753 -0.1646 0.1470
vn -0.8935 0.4115 0.1798
vn -0.9999 0.0067 0.0094
vn -0.8795 0.4734 0.0479
vn 0.9808 0.0112 0.1947
vn 0.8133 0.4816 0.3265
vn 0.9518 -0.1116 0.2857
vn 0.8694 -0.4940 -0.0034
vn 0.8547 -0.5160 0.0568
vn 0.9859 0.0657 0.1538
vn 0.8082 0.5561 0.1937
vn -0.4281 0.2094 -0.8791
vn 0.8817 0.3131 -0.3528
vn 0.8918 -0.0652 -0.4478
vn -0.8861 0.4329 -0.1658
vn -0.6758 0.7095 -0.1999
vn -0.8885 0.4361 -0.1430
vn 0.1505 -0.4525 -0.8790
vn -0.1036 -0.6029 -0.7911
vn -0.4272 0.8568 -0.2886
vn -0.4266 0.8570 -0.2890
vn -0.3820 -0.6420 -0.6648
vn -0.1474 0.8948 -0.4214
vn -0.1472 0.8950 -0.4210
vn -0.6421 -0.5637 -0.5195
vn 0.1191 0.8171 -0.5641
vn 0.1183 0.8174 -0.5638
vn -0.8445 -0.3801 -0.3772
vn 0.3192 0.6371 -0.7016
vn -0.9531 -0.1374 -0.2695
vn -0.9540 -0.1375 -0.2666
vn 0.4378 0.3344 -0.8346
vn 0.4602 0.3358 -0.8218
vn -0.9662 0.1797 -0.1846
vn -0.9718 0.1760 -0.1568
vn 0.4409 0.0773 -0.8942
vn 0.3296 -0.2282 -0.9161
vn 0.3344 -0.2295 -0.9140
vn 0.4705 0.0702 -0.8796
vn 0.0732 0.7933 -0.6045
vn 0.2644 0.6198 -0.7389
vn -0.8903 0.0645 0.4508
vn -0.7647 0.4329 0.4774
vn 0.7661 -0.4336 -0.4744
vn 0.5239 -0.7361 -0.4285
vn -0.5225 0.7354 0.4315
vn 0.2021 -0.9266 -0.3172
vn -0.2007 0.9259 0.3202
vn -0.1503 -0.9760 -0.1573
vn 0.1518 0.9753 0.1603
vn -0.4798 -0.8770 0.0267
vn 0.4813 0.8762 -0.0237
vn -0.7361 -0.6444 0.2069
vn 0.7376 0.6437 -0.2039
vn -0.8803 -0.3138 0.3558
vn -0.8347 -0.3409 -0.4325
vn -0.9422 -0.0943 -0.3214
vn 0.3719 0.3733 -0.8499
vn -0.9497 0.1878 -0.2506
vn 0.3793 0.0911 -0.9208
vn 0.2856 -0.1836 -0.9406
vn -0.8560 0.4626 -0.2308
vn 0.1050 -0.4092 -0.9064
vn -0.6754 0.6882 -0.2650
vn -0.1350 -0.5513 -0.8233
vn -0.4354 0.8303 -0.3480
vn -0.3978 -0.5882 -0.7041
vn -0.1725 0.8672 -0.4672
vn -0.6436 -0.5143 -0.5669
vn -0.0440 -0.7729 0.6330
vn -0.2272 -0.6067 0.7617
vn 0.4074 0.5508 0.7285
vn 0.6429 0.4800 0.5969
vn 0.1915 -0.8437 0.5015
vn 0.1555 0.5154 0.8427
vn 0.4434 -0.8084 0.3872
vn -0.0745 0.3793 0.9223
vn 0.6734 -0.6723 0.3077
vn -0.2475 0.1632 0.9550
vn 0.8464 -0.4561 0.2749
vn -0.3373 -0.1001 0.9360
vn 0.9290 0.0776 0.3617
vn 0.9362 -0.1928 0.2939
vn -0.3302 -0.3705 0.8682
vn 0.8260 0.3138 0.4682
vn 0.8531 -0.4772 0.2109
vn 0.6759 -0.6961 0.2421
vn -0.4013 -0.0863 0.9119
vn -0.3144 0.1847 0.9312
vn 0.9517 0.0926 0.2928
vn 0.9561 -0.1850 0.2274
vn 0.9561 -0.1851 0.2274
vn -0.3878 -0.3869 0.8366
vn 0.8321 0.3531 0.4277
vn -0.2839 -0.6263 0.7261
vn 0.7119 0.4716 0.5204
vn 0.6590 0.4966 0.5649
vn -0.0887 -0.8034 0.5888
vn -0.7945 0.5146 0.3223
vn -0.8017 0.4275 0.4178
vn -0.7976 0.4232 0.4297
vn -0.7874 0.5153 0.3384
vn 0.1623 -0.8789 0.4486
vn 0.2070 -0.8229 0.5292
vn 0.1689 -0.8195 0.5477
vn 0.1670 -0.8188 0.5492
vn 0.2072 -0.8226 0.5296
vn 0.4308 -0.8412 0.3269
vn -0.1059 0.4213 0.9007
vn 0.0526 0.5195 0.8528
vn 0.1223 0.5356 0.8355
vn 0.4281 -0.2094 0.8792
vn 0.4281 -0.2094 0.8791
vn 0.4272 -0.2150 0.8782
vn 0.4241 -0.2038 0.8824
vn 0.4754 -0.2381 0.8469
vn 0.4197 -0.2596 0.8698
vn 0.3712 -0.2305 0.8995
vn 0.4336 -0.2045 0.8776
vn -0.4281 0.2094 -0.8792
vn -0.7902 0.5373 0.2948
vn -0.7807 0.5449 0.3058
vn 0.5532 0.5323 0.6408
vn 0.5375 0.5400 0.6477
vn 0.8552 0.3070 -0.4177
vn 0.7846 0.3997 -0.4740
vn 0.7934 0.4002 -0.4587
vn 0.8618 0.3025 -0.4071
vn 0.2413 -0.8201 0.5189
vn 0.2102 -0.8183 0.5350
vn 0.2446 -0.8250 0.5095
vn 0.2650 0.5598 0.7851
vn 0.2493 0.5544 0.7940
vn 0.7667 0.4323 -0.4746
vn 0.7758 0.4580 -0.4340
vn 0.8144 0.4151 -0.4054
vn 0.2469 -0.8246 0.5089
vn 0.8691 0.3431 -0.3563
vn 0.1789 -0.8155 0.5504
vn 0.7626 0.4243 -0.4882
vn 0.8362 0.4527 -0.3097
vn 0.8650 0.4051 -0.2960
vn 0.2201 -0.8039 0.5525
vn -0.7554 0.5294 0.3862
vn -0.7507 0.5690 0.3357
vn -0.7565 0.4614 0.4634
vn -0.6872 0.5635 0.4585
vn 0.6673 -0.5121 -0.5409
vn 0.6132 -0.5217 -0.5931
vn 0.4919 -0.5391 -0.6837
vn 0.6143 -0.6508 -0.4463
vn 0.7255 -0.6606 -0.1928
vn 0.7256 -0.6606 -0.1928
vn 0.7932 -0.6031 -0.0847
vn 0.8495 -0.5253 0.0494
vn 0.8259 0.4928 -0.2741
vn 0.8193 0.4661 -0.3339
vn 0.8107 0.5239 -0.2613
vn 0.7980 0.5475 -0.2518
vn 0.7981 0.5475 -0.2517
vn 0.7995 0.5572 -0.2243
vn 0.7979 0.5507 -0.2449
vn 0.7979 0.5508 -0.2448
vn 0.7966 0.5383 -0.2751
vn -0.8845 -0.3991 0.2416
vn -0.8956 -0.4119 0.1677
vn -0.8989 -0.4379 0.0176
vn -0.8988 -0.4379 0.0176
vn -0.7936 -0.5483 0.2636
vn -0.6571 -0.5600 0.5046
vn -0.6572 -0.5600 0.5044
vn -0.6038 -0.5014 0.6197
vn -0.5205 -0.4256 0.7402
vn -0.6480 0.6000 0.4691
vn -0.6951 0.5763 0.4297
vn -0.6254 0.6281 0.4631
vn -0.6253 0.6284 0.4628
vn -0.6076 0.6497 0.4569
vn -0.6075 0.6497 0.4569
vn -0.5852 0.6580 0.4740
vn -0.5854 0.6578 0.4738
vn -0.6015 0.6526 0.4608
vn -0.6264 0.6418 0.4425
vn 0.6673 -0.5120 -0.5409
vn 0.8110 0.5235 -0.2612
vn 0.7980 0.5474 -0.2519
vn 0.7979 0.5508 -0.2447
vn -0.6572 -0.5600 0.5045
vn -0.6987 0.5189 0.4925
vn 0.8211 -0.3406 -0.4580
vn 0.4035 -0.2566 -0.8782
vn 0.3718 -0.3439 -0.8623
vn 0.7853 -0.4373 -0.4382
vn -0.2234 -0.0219 0.9745
vn -0.2455 -0.0444 0.9684
vn 0.1065 -0.0837 0.9908
vn 0.1087 -0.1323 0.9852
vn 0.5128 -0.1803 0.8393
vn 0.5181 -0.2410 0.8207
vn 0.7988 -0.2689 0.5382
vn 0.7757 -0.3324 0.5364
vn 0.9306 -0.3220 0.1744
vn 0.8937 -0.4090 0.1845
vn -0.2964 -0.7989 -0.5233
vn -0.1374 -0.8686 -0.4761
vn -0.3730 -0.8420 -0.3897
vn 0.7397 -0.5348 -0.4084
vn 0.8559 -0.4816 0.1886
vn 0.3392 -0.4233 -0.8401
vn -0.3258 -0.0369 0.9447
vn -0.1075 -0.1241 0.9864
vn 0.5231 -0.2987 0.7983
vn 0.1136 -0.1876 0.9757
vn 0.7508 -0.3947 0.5297
vn -0.2215 -0.8426 -0.4908
vn -0.2987 -0.9331 -0.2005
vn -0.3120 -0.9296 -0.1963
vn -0.3492 -0.9304 0.1117
vn -0.3512 -0.9281 0.1238
vn -0.4097 -0.8970 0.1658
vn -0.4309 -0.8946 0.1182
vn -0.2520 -0.9581 -0.1360
vn -0.2915 -0.9487 -0.1220
vn -0.4076 0.0064 0.9132
vn -0.4338 -0.0452 0.8999
vn -0.7722 -0.6305 0.0783
vn -0.7790 -0.6262 0.0334
vn 0.4333 -0.3519 -0.8297
vn 0.5256 -0.1238 -0.8417
vn -0.2085 0.2356 0.9492
vn -0.1831 0.2812 0.9420
vn -0.0751 0.2100 0.9748
vn 0.0945 0.1320 0.9867
vn 0.4081 -0.0947 0.9080
vn 0.2128 0.0082 0.9771
vn -0.0488 0.2927 0.9549
vn 0.7083 -0.3618 0.6062
vn 0.6362 -0.3920 0.6645
vn 0.8742 -0.4816 0.0623
vn 0.8405 -0.5412 0.0267
vn 0.7569 -0.4308 -0.4914
vn 0.7291 -0.2585 -0.6337
vn -0.1559 -0.9189 -0.3623
vn -0.1881 -0.9821 -0.0104
vn -0.0755 -0.9867 0.1437
vn -0.0290 -0.9985 -0.0456
vn 0.1895 -0.9620 -0.1968
vn -0.0744 -0.9751 -0.2091
vn -0.3038 -0.9517 -0.0435
vn -0.1205 0.3922 0.9120
vn -0.1355 0.4461 0.8847
vn -0.1142 0.4723 0.8740
vn -0.1055 0.4602 0.8815
vn -0.1585 0.7385 0.6554
vn -0.0087 0.7160 0.6980
vn -0.0563 0.9575 0.2830
vn 0.0391 0.9268 0.3734
vn 0.1628 0.9866 0.0140
vn 0.2910 0.9522 0.0925
vn 0.4327 0.7713 -0.4668
vn 0.5634 0.6330 -0.5310
vn 0.5837 0.3020 -0.7537
vn 0.5215 0.3109 -0.7946
vn 0.5732 0.0923 -0.8142
vn 0.5802 0.0561 -0.8125
vn 0.5333 0.8254 -0.1855
vn 0.3688 0.3365 -0.8665
vn 0.5246 0.0206 -0.8511
vn -0.2449 0.9654 0.0895
vn -0.0064 0.9910 -0.1339
vn 0.2394 0.8035 -0.5451
vn -0.3294 0.7235 0.6067
vn 0.6994 -0.3304 -0.6338
vn 0.1966 -0.0959 0.9758
vn 0.8409 0.2898 0.4571
vn 0.8319 0.2773 0.4807
vn 0.8684 0.1998 0.4538
vn 0.8394 0.1844 0.5113
vn 0.8448 0.1216 0.5210
vn 0.8579 0.1019 0.5037
vn 0.8645 0.0911 0.4944
vn 0.8579 0.0920 0.5054
vn 0.8865 0.1293 0.4442
vn 0.8964 0.2117 0.3895
vn 0.8989 0.2606 0.3523
vn 0.8787 0.2710 0.3929
vn -0.8730 -0.3761 0.3105
vn -0.9368 -0.2617 -0.2320
vn 0.4577 -0.8278 -0.3245
vn -0.1148 -0.9871 -0.1119
vn 0.5339 -0.8385 0.1093
vn 0.4651 -0.8843 0.0419
vn -0.1715 -0.9805 -0.0959
vn 0.0370 -0.9211 -0.3875
vn 0.7134 -0.6995 0.0426
vn 0.5684 -0.5508 -0.6112
vn 0.8051 -0.5776 -0.1347
vn 0.5465 -0.6038 -0.5803
vn 0.8353 -0.5498 0.0039
vn 0.8273 -0.5595 0.0508
vn 0.8213 -0.5260 -0.2208
vn 0.0737 0.9953 0.0634
vn -0.1178 0.5494 -0.8272
vn -0.8804 -0.3900 -0.2699
vn 0.7328 -0.6588 0.1703
vn 0.8136 -0.5406 0.2140
vn 0.7626 -0.5875 0.2708
vn -0.0012 0.7182 -0.6958
vn -0.9167 -0.1546 -0.3684
vn -0.7757 0.6229 0.1014
vn -0.7832 0.6065 0.1368
vn -0.7782 0.6180 0.1116
vn -0.7908 0.5879 0.1703
vn -0.7410 0.6710 0.0264
vn -0.7120 0.7005 -0.0494
vn -0.5649 0.8109 -0.1526
vn -0.5696 0.8063 -0.1596
vn -0.7042 0.7067 -0.0676
vn -0.5392 0.8394 -0.0683
vn -0.5480 0.8340 -0.0646
vn -0.4875 0.8070 0.3335
vn -0.4864 0.8037 0.3427
vn 0.6531 -0.7553 0.0546
vn 0.5967 -0.6895 -0.4105
vn 0.6283 -0.7510 0.2030
vn 0.7389 -0.6095 0.2871
vn 0.7781 -0.6281 0.0029
vn 0.6472 -0.5828 -0.4914
vn 0.8342 -0.5109 0.2074
vn 0.5488 0.8210 0.1571
vn -0.4912 0.8195 0.2953
vn -0.5043 0.8596 -0.0824
vn -0.5441 0.8301 -0.1220
vn -0.4881 0.0242 -0.8725
vn -0.4911 -0.0018 -0.8711
vn -0.4537 0.3781 -0.8070
vn -0.4539 0.3804 -0.8058
vn -0.4944 0.6862 -0.5335
vn -0.4893 0.6726 -0.5551
vn -0.5722 0.7924 -0.2113
vn -0.5677 0.7900 -0.2314
vn -0.8949 -0.1551 -0.4185
vn -0.8714 -0.2613 -0.4151
vn -0.8916 -0.1719 -0.4189
vn -0.9084 -0.0184 -0.4177
vn -0.9074 -0.0315 -0.4190
vn -0.6689 0.7426 0.0346
vn -0.6702 0.7413 0.0369
vn -0.9086 0.0453 -0.4151
vn -0.9087 0.0479 -0.4147
vn -0.9082 0.0663 -0.4133
vn -0.9082 0.0667 -0.4132
vn -0.8100 0.5549 0.1898
vn -0.8222 0.5330 0.1996
vn 0.7976 -0.5432 0.2622
vn 0.8060 -0.5284 0.2667
vn 0.8059 -0.5287 0.2666
vn 0.8192 -0.4925 0.2938
vn 0.8026 -0.5155 0.3000
vn 0.8227 -0.4868 0.2934
vn -0.9538 0.2211 0.2034
vn -0.9624 0.1881 0.1962
vn 0.8234 -0.4956 0.2764
vn 0.8257 -0.4908 0.2783
vn -0.9090 0.0289 -0.4158
vn -0.9934 -0.0839 0.0779
vn -0.9931 -0.0916 0.0727
vn 0.9446 -0.3056 -0.1199
vn 0.9499 -0.2682 -0.1604
vn 0.9797 0.0253 -0.1991
vn 0.9793 -0.0127 -0.2022
vn 0.9275 0.3737 0.0073
vn 0.9315 0.3638 -0.0044
vn -0.9542 -0.2894 -0.0753
vn 0.7472 0.5580 0.3609
vn 0.7533 0.5621 0.3414
vn 0.5699 0.4772 0.6690
vn 0.5695 0.4765 0.6698
vn 0.8429 -0.4552 0.2870
vn 0.8410 -0.4595 0.2855
vn 0.5083 0.2381 0.8276
vn 0.5096 0.2425 0.8255
vn 0.4792 -0.0675 0.8751
vn 0.4803 -0.0634 0.8748
vn 0.4677 -0.3325 0.8190
vn 0.4710 -0.3620 0.8045
vn 0.4335 -0.6148 0.6589
vn -0.6371 -0.3684 -0.6770
vn -0.5650 -0.2433 -0.7884
vn -0.5571 -0.2232 -0.7999
vn 0.8842 -0.4487 0.1297
vn 0.9203 -0.3910 -0.0088
vn 0.9139 -0.4045 0.0335
vn -0.4933 0.4736 -0.7296
vn -0.4441 0.5335 -0.7198
vn -0.0079 0.7256 -0.6881
vn -0.0709 0.6606 -0.7474
vn 0.3018 0.9191 -0.2532
vn 0.2864 0.8806 -0.3776
vn 0.3913 0.8885 0.2397
vn 0.3797 0.9091 0.1712
vn -0.8576 0.4319 -0.2791
vn -0.8525 0.4585 -0.2509
vn -0.8572 0.4357 -0.2745
vn -0.8411 0.4591 -0.2859
vn -0.8432 0.4543 -0.2875
vn 0.2247 0.7640 0.6049
vn 0.2237 0.7571 0.6138
vn -0.8257 0.4907 -0.2781
vn -0.8235 0.4955 -0.2762
vn -0.8060 0.5285 -0.2666
vn -0.8059 0.5286 -0.2666
vn -0.0219 0.6285 0.7775
vn -0.0590 0.5928 0.8032
vn 0.4205 -0.9064 -0.0393
vn 0.4255 -0.9042 -0.0381
vn 0.4254 -0.9042 -0.0381
vn 0.3013 -0.9519 -0.0556
vn 0.2104 -0.9751 -0.0704
vn 0.3396 -0.9395 -0.0440
vn -0.3433 0.4101 0.8449
vn -0.3980 0.3341 0.8544
vn 0.4259 -0.9040 -0.0380
vn -0.7976 0.5431 -0.2623
vn -0.6598 0.1523 0.7359
vn -0.7177 0.0431 0.6950
vn 0.4039 -0.5290 -0.7464
vn 0.5524 -0.4568 -0.6972
vn 0.8066 -0.2774 -0.5221
vn 0.7547 -0.3232 -0.5709
vn 0.9638 -0.1337 -0.2308
vn 0.9559 -0.1425 -0.2570
vn -0.8498 -0.1911 0.4913
vn 0.9715 -0.0531 0.2311
vn 0.9744 -0.0516 0.2190
vn 0.7878 -0.0915 0.6090
vn 0.8007 -0.0835 0.5932
vn 0.4230 -0.9053 -0.0385
vn 0.4236 -0.9050 -0.0384
vn 0.5989 -0.2453 0.7623
vn 0.6054 -0.2387 0.7593
vn 0.3770 -0.5088 0.7740
vn 0.3701 -0.5191 0.7704
vn 0.1601 -0.7337 0.6604
vn 0.1360 -0.7638 0.6309
vn -0.0027 -0.8689 0.4949
vn -0.7633 0.5005 -0.4086
vn -0.6771 0.5078 -0.5326
vn -0.7087 0.4680 -0.5280
vn -0.1993 -0.6116 -0.7656
vn 0.1961 -0.5816 -0.7895
vn -0.0644 -0.6036 -0.7947
vn -0.1154 0.7298 -0.6738
vn -0.0215 0.7367 -0.6759
vn 0.4341 0.6625 -0.6104
vn 0.3432 0.6707 -0.6575
vn 0.7706 0.5762 -0.2723
vn 0.7275 0.5878 -0.3539
vn 0.8457 0.4789 0.2355
vn 0.8533 0.4888 0.1814
vn -0.5016 0.8647 0.0271
vn -0.6075 0.7942 0.0120
vn -0.5108 0.8593 0.0271
vn -0.4124 0.9100 0.0417
vn -0.4129 0.9098 0.0416
vn 0.6634 0.3888 0.6394
vn 0.6607 0.3875 0.6429
vn -0.4105 0.9109 0.0420
vn -0.4094 0.9114 0.0423
vn -0.4096 0.9113 0.0423
vn 0.3704 0.3385 0.8650
vn 0.3415 0.3335 0.8787
vn 0.0224 -0.9877 -0.1548
vn 0.0420 -0.9875 -0.1521
vn 0.0418 -0.9875 -0.1521
vn -0.1672 -0.9698 -0.1774
vn -0.2806 -0.9411 -0.1887
vn -0.1570 -0.9720 -0.1751
vn -0.0412 0.3126 0.9490
vn -0.0990 0.3026 0.9480
vn 0.0388 -0.9875 -0.1525
vn 0.0385 -0.9875 -0.1526
vn -0.4019 0.9146 0.0444
vn -0.4390 0.3221 0.8388
vn -0.5228 0.3077 0.7950
vn 0.1242 -0.6640 -0.7374
vn 0.1479 -0.6588 -0.7376
vn 0.4872 -0.6024 -0.6323
vn 0.4975 -0.6014 -0.6252
vn 0.7214 -0.5783 -0.3811
vn 0.7367 -0.5801 -0.3474
vn -0.7453 0.3054 0.5926
vn 0.8103 -0.5860 -0.0067
vn 0.8090 -0.5867 0.0356
vn 0.7099 -0.5987 0.3710
vn 0.7041 -0.5985 0.3822
vn -0.0097 -0.9872 -0.1590
vn -0.0047 -0.9874 -0.1583
vn 0.4571 -0.6610 0.5951
vn 0.4612 -0.6600 0.5931
vn 0.0715 -0.7889 0.6104
vn 0.0834 -0.7847 0.6143
vn -0.2341 -0.8607 0.4520
vn -0.2357 -0.8608 0.4511
vn -0.4005 -0.8734 0.2771
vn -0.5436 0.7447 -0.3871
vn -0.3266 0.7738 -0.5427
vn -0.3988 0.7604 -0.5127
vn -0.3364 -0.7408 -0.5814
vn -0.1472 -0.7013 -0.6975
vn -0.1769 -0.7119 -0.6796
vn 0.6795 0.6503 -0.3397
vn 0.7565 0.4751 -0.4494
vn 0.2553 0.9571 0.1371
vn 0.4936 0.8626 -0.1107
vn 0.0181 0.9316 0.3631
vn 0.2143 0.8674 0.4492
vn 0.4522 0.8301 0.3264
vn 0.7151 0.6655 0.2138
vn 0.8788 0.4694 0.0856
vn 0.9303 0.3658 0.0276
vn 0.9005 0.2784 0.3341
vn 0.9204 0.2005 0.3355
vn 0.5143 0.7313 0.4480
vn 0.7929 0.4756 0.3811
vn 0.1598 0.8235 0.5444
vn 0.9600 -0.2638 -0.0933
vn 0.9165 -0.2819 0.2837
vn 0.9082 -0.3123 0.2788
vn 0.9123 -0.4045 -0.0641
vn 0.7828 -0.2789 -0.5562
vn 0.7258 -0.5018 -0.4704
vn -0.0928 0.8733 0.4783
vn 0.8126 -0.0006 -0.5829
vn 0.9943 -0.0791 -0.0717
vn 0.9349 -0.1808 0.3054
vn 0.7998 0.2359 -0.5520
vn 0.9779 0.2082 -0.0199
vn 0.9340 0.1044 0.3416
vn 0.8999 -0.3358 0.2781
vn 0.8737 -0.4864 -0.0033
vn -0.7063 0.3737 -0.6012
vn -0.6948 0.3656 -0.6194
vn -0.5614 0.3985 -0.7253
vn -0.5601 0.4274 -0.7097
vn 0.6793 -0.6350 -0.3679
vn 0.2728 -0.9605 -0.0558
vn 0.1077 -0.9522 0.2859
vn 0.0464 -0.9133 0.4047
vn 0.0395 -0.9188 0.3927
vn -0.3340 -0.3337 0.8815
vn -0.7267 0.1160 -0.6771
vn -0.7282 0.0171 -0.6851
vn -0.6372 0.0857 -0.7659
vn -0.5752 0.1709 -0.7999
vn -0.1426 -0.6949 -0.7048
vn 0.1133 -0.7556 -0.6452
vn 0.2125 -0.7275 -0.6524
vn -0.0847 -0.6295 -0.7723
vn -0.6211 0.6357 -0.4584
vn -0.6564 -0.1976 -0.7281
vn -0.4144 -0.5303 -0.7396
vn -0.3852 -0.4199 -0.8218
vn -0.5965 -0.1363 -0.7909
vn -0.7155 0.1981 -0.6700
vn -0.5768 0.2869 -0.7648
vn -0.6852 0.3559 -0.6355
vn -0.0524 0.9809 -0.1875
vn -0.1210 -0.1480 0.9815
vn -0.1211 -0.1483 0.9815
vn 0.5984 0.0986 0.7951
vn 0.6082 0.0959 0.7880
vn 0.5983 0.0986 0.7952
vn -0.1081 -0.1140 0.9876
vn 0.4363 -0.0158 0.8997
vn 0.2758 -0.6349 0.7217
vn 0.8714 -0.1571 0.4647
vn 0.8280 -0.2548 0.4996
vn 0.8280 -0.2547 0.4996
vn 0.6994 -0.4881 0.5221
vn 0.5866 -0.6344 0.5035
vn 0.1064 -0.5665 0.8172
vn -0.1267 -0.7698 0.6255
vn -0.1484 -0.7841 0.6026
vn 0.4575 -0.0084 0.8892
vn 0.5057 0.0926 0.8577
vn 0.5220 0.1301 0.8430
vn 0.9971 0.0206 0.0734
vn 0.8362 -0.1464 0.5285
vn 0.8110 -0.1597 0.5628
vn -0.1483 0.0852 -0.9853
vn -0.3552 0.3797 -0.8542
vn -0.4495 0.6758 0.5842
vn -0.4744 0.6676 0.5738
vn -0.4554 0.6794 0.5754
vn -0.4435 0.6925 0.5690
vn -0.4554 0.6608 0.5966
vn -0.4815 0.6045 0.6346
vn 0.4697 -0.6411 -0.6070
vn 0.4529 -0.6754 -0.5820
vn 0.4434 -0.6974 -0.5631
vn 0.4562 -0.6854 -0.5675
vn 0.4915 -0.6618 -0.5661
vn 0.4794 -0.6629 -0.5751
vn -0.7936 -0.2281 0.5641
vn -0.1932 -0.3102 0.9308
vn -0.2428 -0.3094 0.9194
vn 0.4070 -0.7451 0.5284
vn 0.2658 -0.1294 0.9553
vn 0.1381 -0.7191 -0.6811
vn 0.9826 -0.1421 -0.1192
vn 0.5698 -0.6334 0.5237
vn 0.6775 -0.5767 0.4565
vn 0.6080 -0.5084 0.6097
vn 0.6305 -0.5086 0.5863
vn 0.5862 -0.4012 0.7038
vn 0.5579 -0.4267 0.7118
vn 0.5744 -0.5211 0.6313
vn 0.5994 -0.2827 0.7489
vn 0.6164 -0.3844 0.6872
vn 0.6292 -0.0471 0.7758
vn 0.7138 -0.2311 0.6612
vn 0.6864 0.1404 0.7136
vn 0.7729 -0.3691 0.5162
vn 0.7482 0.0741 0.6594
vn 0.5252 -0.6460 0.5539
vn 0.4911 -0.5602 0.6671
vn 0.4075 -0.6063 0.6829
vn -0.7803 -0.4631 -0.4203
vn 0.1464 -0.8835 -0.4449
vn 0.0100 0.1790 -0.9838
vn 0.2500 -0.9616 -0.1129
vn 0.2849 -0.9418 -0.1784
vn 0.3547 -0.8789 -0.3189
vn 0.2272 -0.9708 -0.0769
vn 0.1939 0.4772 0.8571
vn 0.3128 0.7209 0.6184
vn 0.4554 0.4600 0.7622
vn 0.3412 0.5774 0.7418
vn 0.1344 0.6999 0.7014
vn -0.2668 -0.5029 -0.8221
vn -0.4766 -0.2538 -0.8417
vn -0.0444 0.7573 0.6516
vn -0.0215 0.7651 0.6435
vn -0.0728 0.7536 0.6532
vn 0.0875 0.2550 0.9630
vn -0.0147 0.7677 0.6407
vn 0.9903 -0.1331 -0.0404
vn -0.5169 0.1578 -0.8414
vn -0.5132 0.2819 -0.8107
vn 0.7243 -0.1566 0.6714
vn 0.7670 -0.2595 0.5868
vn 0.6555 0.0894 0.7499
vn 0.6981 -0.0873 0.7107
vn -0.0117 0.8331 0.5529
vn 0.8042 -0.2835 0.5223
vn 0.4970 0.3330 0.8013
vn 0.2454 0.4178 0.8748
vn -0.8947 0.4125 0.1713
vn -0.9041 0.3953 0.1624
vn -0.8747 0.4475 0.1863
vn -0.8659 0.4602 0.1963
vn 0.4914 0.4161 0.7651
vn 0.3722 0.4932 0.7862
vn 0.2475 0.5579 0.7921
vn 0.5356 0.3504 0.7683
vn 0.6522 0.2205 0.7253
vn -0.1510 0.5959 0.7887
vn 0.5896 -0.4461 0.6734
vn 0.6899 0.1437 0.7095
vn 0.8260 -0.3058 0.4735
vn 0.4516 -0.7551 -0.4752
vn 0.0599 -0.9979 0.0232
vn 0.2150 -0.9510 -0.2223
vn 0.5696 -0.5916 0.5706
vn 0.6355 -0.1860 0.7493
vn 0.5277 -0.4659 0.7103
vn 0.5574 -0.5559 0.6167
vn 0.5840 -0.3016 0.7537
vn 0.6176 0.0218 0.7862
vn 0.5766 0.2771 0.7686
vn 0.2497 -0.5731 0.7805
vn 0.2667 0.1230 0.9559
vn 0.6014 -0.4234 0.6775
vn 0.7445 -0.3931 0.5397
vn 0.5976 0.1545 0.7867
vn 0.6591 -0.6527 0.3736
vn 0.4774 -0.3730 0.7956
vn 0.1951 0.6678 0.7183
vn 0.5570 -0.7287 0.3983
vn 0.4937 -0.7394 0.4577
vn 0.4930 -0.7526 0.4365
vn 0.6597 -0.6121 0.4360
vn 0.4662 -0.5043 0.7269
vn 0.4076 -0.5561 0.7243
vn 0.1973 0.3819 0.9029
vn -0.2429 0.2125 0.9465
vn 0.2517 0.7471 0.6152
vn 0.1355 0.5037 0.8532
vn 0.0134 0.9546 0.2976
vn 0.2677 0.7638 0.5874
vn 0.1542 -0.7666 -0.6234
vn 0.7454 -0.4740 -0.4687
vn 0.3926 -0.4059 -0.8253
vn 0.8708 -0.4808 0.1025
vn 0.7343 -0.3478 0.5830
vn 0.4249 -0.0595 0.9033
vn 0.2470 0.0441 0.9680
vn 0.7894 0.2493 0.5610
vn 0.7900 0.2505 0.5596
vn 0.8818 0.2457 0.4026
vn 0.8825 0.2462 0.4007
vn 0.2853 -0.6841 -0.6712
vn 0.5169 0.5363 -0.6672
vn -0.6640 0.0619 -0.7452
vn 0.4805 0.3345 -0.8107
vn 0.3971 -0.8247 0.4027
vn -0.0188 -0.8843 0.4665
vn 0.3987 -0.8201 0.4105
vn 0.7194 -0.6426 0.2637
vn -0.3996 -0.7963 0.4542
vn 0.0352 -0.8656 0.4995
vn -0.7075 -0.6001 0.3732
vn -0.3106 -0.7944 0.5220
vn -0.9215 -0.3153 0.2267
vn -0.6437 -0.6115 0.4602
vn -0.9992 0.0217 0.0345
vn -0.8848 -0.3350 0.3239
vn -0.9135 0.3646 -0.1806
vn -0.9908 0.0005 0.1355
vn -0.6607 0.6525 -0.3710
vn -0.9326 0.3519 -0.0800
vn -0.3124 0.8174 -0.4840
vn -0.7169 0.6431 -0.2692
vn 0.9561 -0.2875 0.0563
vn 0.7765 -0.5713 0.2659
vn 0.7563 -0.6537 0.0253
vn 0.8637 -0.4323 -0.2591
vn 0.5265 -0.6937 -0.4915
vn 0.5055 -0.8512 -0.1412
vn 0.3456 -0.9290 -0.1321
vn 0.3070 -0.8132 -0.4945
vn 0.0017 -0.9334 -0.3589
vn 0.1516 -0.9882 -0.0204
vn 0.0836 -0.9896 0.1168
vn -0.1490 -0.9692 -0.1962
vn -0.2184 -0.9674 -0.1284
vn 0.0442 -0.9872 0.1532
vn 0.0046 -0.9754 0.2203
vn -0.2890 -0.9566 -0.0366
vn -0.2498 -0.9683 0.0069
vn 0.0333 -0.9601 0.2776
vn 0.0607 -0.9465 0.3170
vn -0.2160 -0.9760 0.0285
vn 0.4463 -0.7803 0.4381
vn 0.5288 -0.7913 0.3068
vn 0.4057 -0.8789 0.2509
vn 0.3333 -0.9017 0.2756
vn 0.2846 -0.8967 0.3390
vn 0.3151 -0.8523 0.4174
vn 0.3043 -0.8588 0.4121
vn 0.3007 -0.8453 0.4417
vn 0.3082 -0.8073 0.5033
vn 0.3225 -0.7678 0.5536
vn 0.0213 -0.8593 0.5110
vn 0.2005 -0.8245 0.5292
vn 0.2426 -0.7524 0.6124
vn 0.2678 -0.7122 0.6489
vn 0.3824 -0.6508 0.6559
vn 0.5045 -0.5710 0.6476
vn 0.5216 -0.5989 0.6077
vn 0.5533 -0.5857 0.5924
vn 0.5368 -0.5358 0.6518
vn 0.5331 -0.4723 0.7020
vn -0.4114 -0.7838 0.4652
vn -0.1806 -0.7281 0.6613
vn 0.0560 -0.4994 0.8645
vn 0.1662 -0.4047 0.8992
vn 0.4343 -0.2907 0.8525
vn 0.6134 -0.2046 0.7628
vn 0.6627 -0.2444 0.7079
vn 0.7228 -0.2378 0.6489
vn 0.6868 -0.1851 0.7029
vn 0.6624 -0.1044 0.7418
vn -0.7256 -0.5938 0.3476
vn -0.5690 -0.5149 0.6412
vn -0.1355 -0.1864 0.9731
vn 0.0383 -0.0604 0.9974
vn 0.4051 0.1040 0.9083
vn 0.6310 0.1797 0.7547
vn 0.7022 0.1492 0.6961
vn 0.7839 0.1439 0.6040
vn 0.7349 0.1954 0.6494
vn 0.6879 0.2828 0.6684
vn -0.9130 -0.3537 0.2033
vn -0.8132 -0.2165 0.5402
vn -0.3041 0.1517 0.9405
vn -0.0937 0.2847 0.9540
vn 0.3187 0.4814 0.8165
vn 0.5592 0.5291 0.6383
vn 0.6342 0.5200 0.5721
vn 0.7282 0.5022 0.4663
vn 0.6707 0.5494 0.4983
vn 0.6005 0.6292 0.4935
vn -0.9954 -0.0768 0.0580
vn -0.9234 0.1114 0.3673
vn -0.4313 0.4666 0.7722
vn -0.2086 0.5917 0.7787
vn 0.1853 0.7796 0.5983
vn 0.4109 0.8015 0.4344
vn 0.4695 0.8080 0.3559
vn 0.5646 0.7843 0.2571
vn 0.5012 0.8214 0.2722
vn 0.4123 0.8770 0.2467
vn -0.9692 0.2280 -0.0927
vn -0.8931 0.4259 0.1448
vn -0.4985 0.7186 0.4849
vn -0.2921 0.8248 0.4841
vn 0.0252 0.9570 0.2890
vn 0.2024 0.9652 0.1657
vn 0.2341 0.9688 0.0817
vn 0.3167 0.9485 0.0068
vn 0.2524 0.9676 0.0062
vn 0.1567 0.9872 -0.0301
vn 0.6159 0.4876 0.6189
vn 0.7033 0.4764 0.5277
vn 0.7050 0.4730 0.5285
vn 0.6266 0.4751 0.6178
vn -0.7604 -0.6075 -0.2296
vn -0.7384 -0.6240 -0.2557
vn -0.7938 -0.5742 -0.2003
vn -0.7937 -0.5744 -0.2004
vn -0.8308 -0.5338 -0.1575
vn -0.7781 0.5767 -0.2490
vn -0.7896 0.5580 -0.2555
vn -0.7810 0.5597 -0.2769
vn -0.7755 0.5733 -0.2643
vn -0.8503 -0.5118 -0.1224
vn -0.8503 -0.5119 -0.1224
vn 0.7196 -0.1642 -0.6747
vn 0.4039 0.3149 -0.8589
vn 0.5516 -0.5164 -0.6550
vn 0.2907 -0.5790 -0.7618
vn -0.8655 -0.4777 -0.1508
vn -0.8738 -0.4735 -0.1105
vn -0.8811 -0.4715 -0.0373
vn -0.6889 0.6684 -0.2805
vn -0.6812 0.6796 -0.2721
vn -0.7003 0.6829 -0.2078
vn -0.7073 0.6756 -0.2081
vn 0.2807 -0.6063 -0.7440
vn 0.3780 -0.2286 -0.8971
vn 0.4013 -0.0343 -0.9153
vn 0.3919 -0.1293 -0.9109
vn 0.4090 0.1777 -0.8951
vn 0.9319 -0.3537 0.0806
vn 0.7547 -0.6006 0.2639
vn 0.9936 -0.0000 -0.1132
vn 0.9604 -0.2671 0.0796
vn 0.8895 0.3544 -0.2883
vn 0.9915 0.0785 -0.1033
vn 0.6725 0.6222 -0.4008
vn 0.8883 0.3774 -0.2617
vn 0.3661 0.8058 -0.4654
vn 0.6822 0.6173 -0.3919
vn -0.0029 0.8824 -0.4705
vn 0.3920 0.7844 -0.4807
vn -0.3784 0.8309 -0.4080
vn 0.0512 0.8559 -0.5146
vn 0.8521 -0.1550 -0.4999
vn 0.9894 0.0202 -0.1437
vn 0.2273 -0.5949 -0.7710
vn 0.4725 -0.4483 -0.7588
vn -0.3523 -0.8077 -0.4727
vn -0.1450 -0.7570 -0.6371
vn -0.5359 -0.7933 -0.2890
vn -0.4450 -0.8054 -0.3915
vn -0.4642 -0.8467 -0.2600
vn -0.4986 -0.8251 -0.2657
vn 0.7328 0.1436 -0.6651
vn 0.8945 0.3219 -0.3101
vn 0.1164 -0.3072 -0.9445
vn 0.3543 -0.1508 -0.9229
vn -0.5031 -0.5329 -0.6804
vn -0.2724 -0.4838 -0.8317
vn -0.6999 -0.5110 -0.4991
vn -0.6036 -0.5261 -0.5991
vn -0.6421 -0.5841 -0.4965
vn -0.6721 -0.5516 -0.4940
vn 0.5213 0.4279 -0.7383
vn 0.6835 0.5921 -0.4270
vn -0.0154 0.0260 -0.9995
vn 0.1828 0.1717 -0.9680
vn -0.5833 -0.1797 -0.7921
vn -0.3655 -0.1392 -0.9203
vn -0.7569 -0.1517 -0.6356
vn -0.6712 -0.1701 -0.7215
vn -0.7241 -0.2381 -0.6473
vn -0.7421 -0.1937 -0.6417
vn 0.2449 0.6644 -0.7061
vn 0.3777 0.7919 -0.4798
vn -0.1507 0.3754 -0.9145
vn -0.0245 0.4865 -0.8734
vn -0.5754 0.2118 -0.7900
vn -0.4103 0.2403 -0.8797
vn -0.6976 0.2313 -0.6782
vn -0.6376 0.2128 -0.7403
vn -0.7024 0.1366 -0.6985
vn -0.6988 0.1912 -0.6893
vn -0.0474 0.8324 -0.5522
vn -0.0270 0.8845 -0.4657
vn -0.2562 0.6910 -0.6760
vn -0.2255 0.7411 -0.6324
vn -0.4708 0.5797 -0.6650
vn -0.3734 0.5997 -0.7078
vn -0.5291 0.5799 -0.6195
vn -0.5058 0.5656 -0.6514
vn -0.5825 0.4886 -0.6496
vn -0.5497 0.5453 -0.6328
vn -0.3973 0.8512 -0.3430
vn -0.4702 0.7967 -0.3797
vn -0.3209 0.8923 -0.3175
vn -0.3915 0.8749 -0.2851
vn -0.2816 0.8555 -0.4346
vn -0.2799 0.8628 -0.4211
vn -0.2764 0.8393 -0.4682
vn -0.2943 0.8354 -0.4642
vn -0.3804 0.7721 -0.5091
vn -0.3172 0.8168 -0.4819
vn -0.7116 0.6951 -0.1019
vn -0.8037 0.5427 -0.2442
vn -0.3326 0.9380 0.0977
vn -0.4878 0.8656 0.1130
vn -0.0415 0.9894 -0.1389
vn -0.1386 0.9880 -0.0679
vn 0.0212 0.9686 -0.2479
vn -0.0346 0.9778 -0.2068
vn -0.1221 0.9480 -0.2940
vn -0.0356 0.9654 -0.2583
vn -0.8132 0.5729 0.1029
vn -0.8075 0.5898 0.0001
vn -0.7985 0.6019 -0.0081
vn 0.5951 -0.7141 0.3687
vn 0.5975 -0.7291 0.3339
vn 0.6002 -0.6838 0.4150
vn 0.5986 -0.6462 0.4734
vn 0.6001 -0.6840 0.4148
vn 0.7762 0.4545 0.4370
vn 0.7853 0.4506 0.4246
vn 0.7965 0.4357 0.4193
vn 0.7861 0.4340 0.4400
vn 0.5886 -0.6250 0.5127
vn -0.0043 -0.1072 -0.9942
vn 0.0468 -0.4767 -0.8778
vn 0.6241 -0.5949 0.5066
vn 0.6006 -0.5895 0.5402
vn 0.6005 -0.5895 0.5402
vn 0.5519 -0.5841 0.5951
vn 0.5519 -0.5842 0.5952
vn 0.7520 0.5550 0.3555
vn 0.7120 0.5640 0.4183
vn 0.7081 0.5722 0.4138
vn 0.7422 0.5677 0.3562
vn 0.3780 -0.2286 -0.8972
vn 0.0413 0.4596 -0.8872
vn -0.0364 0.4524 -0.8911
vn 0.8585 -0.3098 0.4087
vn 0.9552 -0.2302 0.1858
vn -0.2933 -0.9155 -0.2753
vn -0.3086 -0.9510 -0.0197
vn 0.9694 -0.2169 -0.1151
vn -0.2132 -0.9331 0.2897
vn 0.8956 -0.2394 -0.3749
vn -0.0538 -0.8642 0.5002
vn 0.1836 -0.7497 0.6358
vn 0.5164 -0.4303 -0.7404
vn 0.2689 -0.5707 -0.7759
vn 0.4320 -0.5966 0.6764
vn 0.0317 -0.7139 -0.6995
vn 0.6530 -0.4564 0.6044
vn -0.1507 -0.8324 -0.5333
vn -0.1077 -0.8409 -0.5303
vn 0.6420 -0.4574 0.6154
vn 0.0662 -0.7197 -0.6911
vn 0.4022 -0.6114 0.6815
vn 0.2964 -0.5681 -0.7677
vn 0.1613 -0.7577 0.6324
vn -0.0442 -0.8750 0.4820
vn 0.9028 -0.2241 -0.3672
vn -0.1895 -0.9492 0.2512
vn 0.9724 -0.2014 -0.1181
vn 0.6452 -0.7010 -0.3038
vn -0.7334 -0.4322 -0.5247
vn 0.7152 -0.5112 -0.4766
vn -0.6880 -0.6461 -0.3304
vn 0.6832 -0.2992 -0.6661
vn -0.5367 -0.8268 -0.1682
vn -0.3083 -0.9493 -0.0609
vn 0.0498 0.0697 -0.9963
vn -0.0331 -0.9992 -0.0208
vn -0.2083 0.0500 -0.9768
vn -0.6398 -0.1976 -0.7427
vn -0.4792 -0.0501 -0.8763
vn 0.4858 -0.8706 -0.0783
vn 0.2598 -0.9657 0.0039
vn -0.2079 0.0339 -0.9776
vn -0.0625 -0.9979 0.0171
vn 0.0617 0.0554 -0.9966
vn -0.3232 -0.9453 -0.0436
vn 0.3361 0.0004 -0.9418
vn -0.5489 -0.8151 -0.1852
vn -0.6961 -0.6240 -0.3551
vn 0.7345 -0.5112 -0.4463
vn 0.6621 -0.7017 -0.2632
vn -0.1850 0.7924 0.5812
vn -0.6234 0.7094 0.3288
vn 0.5671 -0.6036 0.5604
vn 0.7557 0.4614 0.4647
vn 0.7621 0.4444 0.4708
vn -0.8683 -0.4907 -0.0731
vn -0.7840 0.5825 -0.2148
vn -0.7949 0.5669 -0.2163
vn 0.7536 0.4670 0.4627
vn 0.7720 0.4629 0.4356
vn 0.5380 -0.5893 0.6027
vn -0.7802 0.5877 -0.2143
vn -0.7732 0.5844 -0.2463
vn -0.8781 -0.4779 -0.0223
vn -0.6831 0.6731 -0.2833
vn -0.6781 0.6852 -0.2660
vn 0.7101 0.4626 0.5309
vn 0.7707 0.5297 0.3541
vn 0.7215 0.5429 0.4297
vn 0.6788 0.5569 0.4787
vn 0.6800 0.5725 0.4581
vn 0.7780 0.5332 0.3324
vn 0.7509 0.5603 0.3496
vn 0.6803 0.5776 0.4512
vn 0.7782 0.4597 0.4277
vn -0.8020 0.5815 -0.1365
vn -0.7956 0.5910 -0.1335
vn -0.7036 0.6457 -0.2967
vn -0.7247 0.6567 -0.2086
vn -0.7305 0.6677 -0.1433
vn -0.7141 0.6822 -0.1572
vn -0.6921 0.6488 -0.3164
vn -0.7086 0.6868 -0.1618
vn -0.7719 0.5817 -0.2564
vn -0.7934 0.5941 -0.1325
vn -0.8111 0.5816 -0.0621
vn -0.8324 0.5531 -0.0342
vn 0.5378 0.4660 0.7026
vn 0.6554 0.4399 0.6140
vn 0.7364 0.5739 0.3582
vn 0.3121 -0.2232 -0.9234
vn -0.9434 0.1903 -0.2715
vn -0.8749 0.4209 -0.2395
vn 0.3636 0.3284 -0.8717
vn 0.3457 0.0984 -0.9332
vn -0.9500 -0.1369 -0.2805
vn 0.1218 0.8158 -0.5654
vn -0.1476 0.8946 -0.4218
vn -0.4301 0.8559 -0.2871
vn 0.1841 0.0250 -0.9826
vn 0.9633 0.0068 0.2683
vn 0.9151 0.2376 0.3259
vn 0.1770 0.5549 -0.8129
vn 0.1975 0.3419 -0.9188
vn 0.9359 -0.3057 0.1747
vn 0.2809 0.9086 -0.3090
vn 0.4450 0.8946 -0.0402
vn 0.6114 0.7668 0.1953
vn 0.6187 -0.2342 0.7499
vn -0.8529 -0.5129 -0.0974
vn -0.8327 0.3652 -0.4162
vn -0.5286 -0.8489 -0.0053
vn -0.0603 -0.3082 0.9494
vn 0.6345 0.6431 0.4287
vn 0.4842 -0.6570 0.5778
vn -0.6863 -0.4268 0.5889
vt 0.124467 0.873058
vt 0.110021 0.873058
vt 0.101288 0.876629
vt 0.124467 0.876629
vt 0.101288 0.906368
vt 0.101288 0.935029
vt 0.124467 0.935029
vt 0.124467 0.906368
vt 0.076827 0.905664
vt 0.076827 0.935029
vt 0.054974 0.935029
vt 0.054974 0.905664
vt 0.147501 0.935029
vt 0.147501 0.906368
vt 0.033368 0.935029
vt 0.033368 0.905664
vt 0.170668 0.935029
vt 0.170668 0.906368
vt 0.011279 0.935029
vt 0.011279 0.905664
vt 0.193836 0.905664
vt 0.193836 0.935029
vt 0.170668 0.905664
vt 0.193836 0.906368
vt 0.011279 0.906368
vt 0.033368 0.906368
vt 0.147501 0.905664
vt 0.054974 0.906368
vt 0.124665 0.935029
vt 0.124665 0.905664
vt 0.076827 0.906368
vt 0.101509 0.935029
vt 0.101509 0.905664
vt 0.076827 0.971271
vt 0.076827 1.000985
vt 0.101288 1.000985
vt 0.101288 0.971271
vt 0.101509 0.971271
vt 0.101509 1.000985
vt 0.124467 1.000985
vt 0.124467 0.971271
vt 0.054974 1.000985
vt 0.054974 0.971271
vt 0.147501 1.000985
vt 0.147501 0.971271
vt 0.033368 1.000985
vt 0.033368 0.971271
vt 0.170668 1.000985
vt 0.170668 0.971271
vt 0.011279 0.971271
vt 0.021794 0.984590
vt 0.193836 0.971271
vt 0.193836 1.000985
vt 0.205453 0.005598
vt 0.205508 0.008799
vt 0.208897 0.010552
vt 0.210400 0.005598
vt 0.124665 1.000985
vt 0.124665 0.971271
vt 0.124664 0.965472
vt 0.108510 0.965472
vt 0.054974 0.965472
vt 0.076829 0.965472
vt 0.147501 0.965472
vt 0.033367 0.965473
vt 0.170668 0.965472
vt 0.011328 0.965471
vt 0.170669 0.965472
vt 0.193786 0.965472
vt 0.033368 0.965473
vt 0.147502 0.965472
vt 0.054975 0.965472
vt 0.124467 0.965472
vt 0.076830 0.965472
vt 0.108113 0.965472
vt 0.101509 0.751144
vt 0.101509 0.774953
vt 0.085648 0.774953
vt 0.085648 0.751144
vt 0.101509 0.876629
vt 0.076827 0.876629
vt 0.124665 0.876629
vt 0.054974 0.876629
vt 0.147501 0.876629
vt 0.033368 0.876629
vt 0.170668 0.876629
vt 0.011279 0.876629
vt 0.193836 0.876629
vt 0.054974 0.873058
vt 0.076827 0.873058
vt 0.147501 0.873058
vt 0.033368 0.873058
vt 0.170668 0.873058
vt 0.011279 0.873058
vt 0.193836 0.873058
vt 0.193836 0.856432
vt 0.170668 0.856432
vt 0.033368 0.873058
vt 0.147501 0.873058
vt 0.124665 0.873058
vt 0.108061 0.873058
vt 0.101288 0.856432
vt 0.076827 0.856432
vt 0.101509 0.856432
vt 0.011279 0.802391
vt 0.011279 0.787521
vt 0.033368 0.787521
vt 0.033368 0.802391
vt 0.076827 0.802391
vt 0.064597 0.787521
vt 0.054974 0.787521
vt 0.054974 0.802391
vt 0.101509 0.817399
vt 0.101005 0.828976
vt 0.076386 0.827427
vt 0.076740 0.819145
vt 0.076905 0.819085
vt 0.077225 0.827123
vt 0.101629 0.828656
vt 0.101288 0.817399
vt 0.124665 0.817399
vt 0.124219 0.829002
vt 0.054974 0.817399
vt 0.055350 0.827976
vt 0.147501 0.817399
vt 0.147095 0.829000
vt 0.033368 0.817399
vt 0.033770 0.828478
vt 0.170668 0.817399
vt 0.170291 0.828970
vt 0.011279 0.817399
vt 0.011719 0.828716
vt 0.170996 0.828847
vt 0.193488 0.828916
vt 0.193836 0.817399
vt 0.032910 0.828601
vt 0.147820 0.828774
vt 0.054525 0.828205
vt 0.124467 0.817399
vt 0.124789 0.828707
vt 0.101288 0.774953
vt 0.101288 0.802391
vt 0.124467 0.802391
vt 0.124467 0.774953
vt 0.147501 0.802391
vt 0.147501 0.774953
vt 0.170668 0.802391
vt 0.170668 0.774953
vt 0.193836 0.774953
vt 0.193836 0.802391
vt 0.124665 0.802391
vt 0.124665 0.774953
vt 0.064597 0.774953
vt 0.064597 0.751144
vt 0.101509 0.802391
vt 0.124665 0.856432
vt 0.054974 0.856432
vt 0.147501 0.856432
vt 0.033368 0.856432
vt 0.011279 0.856432
vt 0.124467 0.856432
vt 0.351891 0.454748
vt 0.358543 0.446770
vt 0.374006 0.455725
vt 0.370961 0.464476
vt 0.101288 0.751144
vt 0.124467 0.751144
vt 0.147501 0.751144
vt 0.170668 0.751144
vt 0.193836 0.751144
vt 0.124665 0.751144
vt 0.146794 0.031706
vt 0.142782 0.020084
vt 0.142782 0.032504
vt 0.138770 0.031706
vt 0.135369 0.029434
vt 0.133097 0.026587
vt 0.132299 0.022576
vt 0.132535 0.017735
vt 0.133673 0.012093
vt 0.142782 0.012091
vt 0.396724 0.469662
vt 0.396724 0.459952
vt 0.348974 0.437636
vt 0.342471 0.442669
vt 0.339316 0.422343
vt 0.332816 0.425233
vt 0.151891 0.012093
vt 0.153029 0.017735
vt 0.153265 0.022576
vt 0.152467 0.026587
vt 0.150195 0.029434
vt 0.336379 0.403069
vt 0.330825 0.403069
vt 0.381453 0.437873
vt 0.396838 0.438442
vt 0.367369 0.433627
vt 0.359520 0.425508
vt 0.354482 0.413241
vt 0.353094 0.403069
vt 0.042961 0.133689
vt 0.048554 0.127763
vt 0.044667 0.131172
vt 0.030045 0.118306
vt 0.033106 0.117093
vt 0.037207 0.113944
vt 0.042880 0.120853
vt 0.038889 0.124131
vt 0.396633 0.403069
vt 0.101288 0.809895
vt 0.124467 0.809895
vt 0.076768 0.813701
vt 0.054974 0.811502
vt 0.147501 0.809895
vt 0.033368 0.809895
vt 0.170668 0.809895
vt 0.011279 0.809895
vt 0.193836 0.809895
vt 0.170668 0.809895
vt 0.033368 0.809895
vt 0.147501 0.809895
vt 0.054974 0.810871
vt 0.124665 0.809895
vt 0.076880 0.813660
vt 0.101509 0.809895
vt 0.123959 0.010837
vt 0.115599 0.016423
vt 0.125460 0.014462
vt 0.125460 0.018385
vt 0.123959 0.022009
vt 0.121185 0.024783
vt 0.117560 0.026285
vt 0.113637 0.026285
vt 0.110013 0.024783
vt 0.107239 0.022009
vt 0.105737 0.018385
vt 0.105737 0.014462
vt 0.107239 0.010837
vt 0.110013 0.008063
vt 0.113637 0.006562
vt 0.117560 0.006562
vt 0.121185 0.008063
vt 0.022853 0.984590
vt 0.388898 0.813047
vt 0.362960 0.818525
vt 0.388393 0.869277
vt 0.335377 0.811651
vt 0.347355 0.772259
vt 0.339634 0.769213
vt 0.327604 0.819213
vt 0.389066 0.813555
vt 0.360957 0.820207
vt 0.351496 0.783069
vt 0.389282 0.781035
vt 0.200518 0.005767
vt 0.202190 0.010666
vt 0.205681 0.018701
vt 0.345462 0.772142
vt 0.339341 0.769803
vt 0.352929 0.742485
vt 0.359038 0.747888
vt 0.360965 0.748811
vt 0.353552 0.742063
vt 0.389366 0.780529
vt 0.354300 0.782162
vt 0.327799 0.819915
vt 0.335377 0.811651
vt 0.389584 0.743650
vt 0.360308 0.760558
vt 0.374916 0.740452
vt 0.389850 0.743147
vt 0.362464 0.759747
vt 0.376455 0.741103
vt 0.739887 0.235847
vt 0.750146 0.257543
vt 0.786776 0.210664
vt 0.731991 0.212512
vt 0.682370 0.198894
vt 0.680314 0.229254
vt 0.681115 0.262768
vt 0.739887 0.235847
vt 0.072147 0.137668
vt 0.089585 0.126016
vt 0.069016 0.130107
vt 0.523677 0.733772
vt 0.455465 0.733772
vt 0.455465 0.764953
vt 0.523677 0.764953
vt 0.548166 0.733772
vt 0.523677 0.702591
vt 0.548166 0.702591
vt 0.548166 0.827314
vt 0.523677 0.827314
vt 0.523677 0.858494
vt 0.548166 0.858494
vt 0.523677 0.671411
vt 0.548166 0.671411
vt 0.523677 0.889675
vt 0.548166 0.889675
vt 0.523677 0.640231
vt 0.548166 0.640231
vt 0.548166 0.858494
vt 0.548166 0.671411
vt 0.548165 0.827314
vt 0.548165 0.702591
vt 0.523677 0.796133
vt 0.548166 0.796133
vt 0.548166 0.733772
vt 0.542930 0.763756
vt 0.542930 0.763756
vt 0.423608 0.671411
vt 0.396060 0.671411
vt 0.396060 0.702591
vt 0.423608 0.702591
vt 0.455465 0.796133
vt 0.455465 0.827314
vt 0.455465 0.702591
vt 0.455465 0.858494
vt 0.455465 0.671411
vt 0.455465 0.889675
vt 0.455465 0.640231
vt 0.423608 0.827314
vt 0.396060 0.827314
vt 0.396060 0.796133
vt 0.423608 0.796133
vt 0.396060 0.733772
vt 0.423608 0.733772
vt 0.396060 0.764953
vt 0.423608 0.764953
vt 0.396060 0.858494
vt 0.423608 0.858494
vt 0.396060 0.889675
vt 0.423608 0.889675
vt 0.396060 0.640231
vt 0.423608 0.640231
vt 0.583099 0.796133
vt 0.553688 0.796133
vt 0.553688 0.827314
vt 0.583099 0.827314
vt 0.583099 0.764953
vt 0.553688 0.764953
vt 0.553688 0.733772
vt 0.583099 0.733772
vt 0.583099 0.702591
vt 0.553688 0.702591
vt 0.583099 0.671411
vt 0.553688 0.671411
vt 0.583099 0.858494
vt 0.553688 0.858494
vt 0.650469 0.945753
vt 0.616209 0.958691
vt 0.623802 0.969291
vt 0.658465 0.959379
vt 0.583099 0.889675
vt 0.553688 0.889675
vt 0.640559 0.995175
vt 0.614564 0.995175
vt 0.615104 0.983347
vt 0.640559 0.973437
vt 0.110155 0.121924
vt 0.089585 0.126016
vt 0.110155 0.130107
vt 0.107024 0.137668
vt 0.101237 0.143454
vt 0.093677 0.146586
vt 0.085494 0.146586
vt 0.077934 0.143454
vt 0.072147 0.137668
vt 0.069016 0.130108
vt 0.069016 0.121924
vt 0.072147 0.114364
vt 0.077934 0.108578
vt 0.085494 0.105446
vt 0.093677 0.105446
vt 0.101237 0.108578
vt 0.107024 0.114364
vt 0.069016 0.121924
vt 0.072147 0.114364
vt 0.077934 0.108578
vt 0.085494 0.105446
vt 0.093677 0.105446
vt 0.101237 0.108578
vt 0.107024 0.114364
vt 0.110155 0.121924
vt 0.110155 0.130107
vt 0.107023 0.137668
vt 0.101237 0.143454
vt 0.093677 0.146586
vt 0.085494 0.146586
vt 0.077934 0.143454
vt 0.522062 0.932127
vt 0.562258 0.932678
vt 0.572317 0.973462
vt 0.535330 0.986490
vt 0.575811 0.664255
vt 0.553688 0.640231
vt 0.658465 0.960141
vt 0.623802 0.970053
vt 0.616209 0.959454
vt 0.650469 0.946515
vt 0.673678 0.962763
vt 0.640559 0.972675
vt 0.673678 0.995175
vt 0.575811 0.664255
vt 0.612222 0.951176
vt 0.603273 0.933240
vt 0.615104 0.982584
vt 0.591871 0.984846
vt 0.578935 0.977268
vt 0.673678 0.963525
vt 0.582714 0.992172
vt 0.554236 0.992172
vt 0.600074 0.995175
vt 0.578935 0.976506
vt 0.591871 0.984083
vt 0.633106 0.933649
vt 0.633540 0.312065
vt 0.664816 0.318508
vt 0.668172 0.298463
vt 0.641610 0.295593
vt 0.685029 0.326596
vt 0.685352 0.303010
vt 0.700461 0.332441
vt 0.702087 0.307795
vt 0.728542 0.324606
vt 0.723695 0.304201
vt 0.754307 0.309294
vt 0.748095 0.298994
vt 0.772022 0.287775
vt 0.750431 0.285927
vt 0.723017 0.283456
vt 0.702713 0.282259
vt 0.688854 0.282057
vt 0.666834 0.281841
vt 0.647398 0.281117
vt 0.554236 0.991410
vt 0.582714 0.991410
vt 0.309995 0.456027
vt 0.272768 0.456027
vt 0.272768 0.488717
vt 0.309995 0.488717
vt 0.272768 0.528596
vt 0.309995 0.528596
vt 0.309995 0.254199
vt 0.272768 0.254199
vt 0.272768 0.287907
vt 0.309995 0.287907
vt 0.272768 0.320597
vt 0.309995 0.320597
vt 0.272768 0.343576
vt 0.309995 0.343576
vt 0.272768 0.374053
vt 0.309995 0.374053
vt 0.272768 0.412188
vt 0.309995 0.412188
vt 0.841239 0.659076
vt 0.835225 0.647367
vt 0.812972 0.647367
vt 0.230503 0.412188
vt 0.227833 0.456027
vt 0.232413 0.488717
vt 0.231936 0.528596
vt 0.230973 0.254199
vt 0.230973 0.287907
vt 0.230973 0.303934
vt 0.230973 0.320597
vt 0.236814 0.343576
vt 0.233131 0.374053
vt 0.815633 0.659076
vt 0.789184 0.647367
vt 0.790384 0.659076
vt 0.758642 0.647367
vt 0.758305 0.659076
vt 0.730638 0.647367
vt 0.729512 0.659076
vt 0.695100 0.647367
vt 0.696428 0.659076
vt 0.663691 0.647367
vt 0.663834 0.659076
vt 0.897499 0.659076
vt 0.897566 0.647367
vt 0.861121 0.647367
vt 0.862247 0.659076
vt 0.848366 0.647367
vt 0.851948 0.659076
vt 0.695100 0.624246
vt 0.695100 0.593260
vt 0.663691 0.591839
vt 0.663691 0.623638
vt 0.892380 0.609897
vt 0.855712 0.615591
vt 0.833261 0.614651
vt 0.826805 0.591619
vt 0.804602 0.595828
vt 0.809395 0.625342
vt 0.781373 0.603043
vt 0.785950 0.629018
vt 0.755861 0.601837
vt 0.757609 0.630460
vt 0.727862 0.594668
vt 0.729256 0.621121
vt 0.316227 0.528141
vt 0.316227 0.503888
vt 0.330612 0.531218
vt 0.345647 0.529642
vt 0.356837 0.515068
vt 0.358325 0.499092
vt 0.355278 0.487241
vt 0.345488 0.475799
vt 0.330387 0.469544
vt 0.316227 0.468622
vt 0.820677 0.563841
vt 0.797310 0.563453
vt 0.861121 0.582073
vt 0.853223 0.551439
vt 0.822363 0.512326
vt 0.799624 0.526101
vt 0.789542 0.492272
vt 0.782058 0.512072
vt 0.756677 0.487512
vt 0.758480 0.510775
vt 0.733429 0.497969
vt 0.739867 0.517704
vt 0.700914 0.518050
vt 0.724247 0.534162
vt 0.724690 0.562678
vt 0.695100 0.563453
vt 0.706789 0.476678
vt 0.663691 0.499667
vt 0.663691 0.563453
vt 0.732799 0.482663
vt 0.739120 0.563453
vt 0.743795 0.551315
vt 0.763812 0.533373
vt 0.774264 0.533874
vt 0.751997 0.537466
vt 0.783184 0.538118
vt 0.742920 0.584056
vt 0.796130 0.586344
vt 0.776143 0.545261
vt 0.768977 0.570184
vt 0.788369 0.554549
vt 0.792750 0.566885
vt 0.789544 0.583017
vt 0.781865 0.593142
vt 0.772101 0.595896
vt 0.763959 0.595825
vt 0.756587 0.593317
vt 0.746742 0.575196
vt 0.746742 0.558045
vt 0.756673 0.546545
vt 0.002831 0.440070
vt 0.017875 0.440285
vt 0.017875 0.416378
vt 0.002831 0.416163
vt 0.017875 0.398145
vt 0.002831 0.397931
vt 0.035457 0.416602
vt 0.022268 0.416378
vt 0.022268 0.440285
vt 0.035457 0.440509
vt 0.035457 0.379241
vt 0.022268 0.379016
vt 0.022268 0.398145
vt 0.035457 0.398369
vt 0.035457 0.357821
vt 0.022268 0.357597
vt 0.035457 0.334478
vt 0.022268 0.334254
vt 0.144268 0.294872
vt 0.156610 0.256375
vt 0.130177 0.264233
vt 0.150463 0.311033
vt 0.139324 0.315373
vt 0.133037 0.303623
vt 0.002831 0.334039
vt 0.017875 0.334254
vt 0.002831 0.312079
vt 0.002831 0.357382
vt 0.017875 0.357597
vt 0.123228 0.253535
vt 0.110751 0.254820
vt 0.120786 0.275776
vt 0.002831 0.378802
vt 0.017875 0.379016
vt 0.035457 0.333842
vt 0.035457 0.357185
vt 0.022268 0.357382
vt 0.022268 0.334039
vt 0.151438 0.225062
vt 0.137285 0.246064
vt 0.103801 0.230774
vt 0.089231 0.219258
vt 0.105507 0.212505
vt 0.075300 0.226852
vt 0.074069 0.211838
vt 0.051649 0.234181
vt 0.044309 0.219869
vt 0.088827 0.225815
vt 0.150872 0.226301
vt 0.044543 0.220949
vt 0.006520 0.312079
vt 0.087449 0.241483
vt 0.097235 0.244348
vt 0.058738 0.246990
vt 0.076639 0.241035
vt 0.022268 0.416163
vt 0.035457 0.415966
vt 0.035457 0.439873
vt 0.022268 0.440070
vt 0.022268 0.397931
vt 0.035457 0.397734
vt 0.022268 0.378802
vt 0.035457 0.378605
vt 0.919267 0.521649
vt 0.942533 0.521649
vt 0.942533 0.500661
vt 0.919267 0.500661
vt 0.967336 0.521649
vt 0.967336 0.500661
vt 0.993831 0.521649
vt 0.993831 0.500661
vt 0.151815 0.197323
vt 0.114442 0.197323
vt 0.118300 0.208628
vt 0.147957 0.208628
vt 0.154705 0.186209
vt 0.111552 0.186209
vt 0.151815 0.175371
vt 0.114442 0.175371
vt 0.143917 0.167473
vt 0.122340 0.167473
vt 0.133128 0.165355
vt 0.143917 0.168245
vt 0.122340 0.168245
vt 0.114442 0.198096
vt 0.151815 0.198096
vt 0.147957 0.209400
vt 0.118300 0.209400
vt 0.151815 0.176143
vt 0.114442 0.176143
vt 0.133129 0.164582
vt 0.897565 0.521649
vt 0.897565 0.500661
vt 0.919267 0.542877
vt 0.942533 0.542877
vt 0.967336 0.542877
vt 0.877022 0.521649
vt 0.993831 0.542877
vt 0.111552 0.186982
vt 0.154705 0.186982
vt 0.897565 0.542877
vt 0.483747 0.528202
vt 0.483747 0.562720
vt 0.505102 0.565083
vt 0.505102 0.527601
vt 0.536554 0.531684
vt 0.527684 0.568946
vt 0.549962 0.575093
vt 0.565631 0.544625
vt 0.565690 0.583693
vt 0.585561 0.559602
vt 0.542856 0.596796
vt 0.556259 0.596019
vt 0.522630 0.597141
vt 0.483747 0.592389
vt 0.505102 0.595364
vt 0.483747 0.615752
vt 0.493752 0.618635
vt 0.521105 0.623206
vt 0.543368 0.619343
vt 0.562522 0.613843
vt 0.439142 0.590998
vt 0.427134 0.593188
vt 0.432109 0.609295
vt 0.439142 0.609307
vt 0.439142 0.565092
vt 0.418259 0.573649
vt 0.439142 0.538250
vt 0.406663 0.551352
vt 0.585617 0.601620
vt 0.607547 0.581999
vt 0.996588 0.310812
vt 0.971697 0.310812
vt 0.971697 0.396478
vt 0.996588 0.396478
vt 0.971697 0.481174
vt 0.996588 0.481174
vt 0.971697 0.215527
vt 0.996588 0.215527
vt 0.505102 0.624576
vt 0.463870 0.530974
vt 0.455083 0.533753
vt 0.455083 0.564014
vt 0.463870 0.563317
vt 0.455083 0.591523
vt 0.463870 0.591576
vt 0.455083 0.610561
vt 0.463870 0.613681
vt 0.414007 0.600025
vt 0.419599 0.613927
vt 0.690089 0.378043
vt 0.695210 0.381387
vt 0.693725 0.383321
vt 0.689303 0.379207
vt 0.391621 0.561746
vt 0.403976 0.582132
vt 0.088867 0.119141
vt 0.684332 0.382404
vt 0.690356 0.386952
vt 0.686865 0.388814
vt 0.682802 0.382971
vt 0.673150 0.385655
vt 0.674505 0.392199
vt 0.670588 0.393265
vt 0.670188 0.385614
vt 0.260755 0.948411
vt 0.307473 0.998164
vt 0.259323 0.928396
vt 0.678910 0.384646
vt 0.682899 0.391010
vt 0.678819 0.391937
vt 0.675962 0.385496
vt 0.666275 0.393768
vt 0.665981 0.386050
vt 0.686630 0.381445
vt 0.692196 0.385128
vt 0.687826 0.380990
vt 0.338739 0.907730
vt 0.353327 0.919200
vt 0.384847 0.906147
vt 0.983963 0.669723
vt 0.995727 0.669723
vt 0.995727 0.646775
vt 0.983963 0.646775
vt 0.983963 0.566205
vt 0.995727 0.566205
vt 0.995727 0.549598
vt 0.983963 0.549598
vt 0.995727 0.630476
vt 0.983963 0.630476
vt 0.983963 0.586330
vt 0.995727 0.586330
vt 0.974368 0.646775
vt 0.974368 0.669723
vt 0.974368 0.549598
vt 0.974368 0.566205
vt 0.974368 0.586330
vt 0.974368 0.607903
vt 0.983963 0.607903
vt 0.983963 0.618519
vt 0.974368 0.618519
vt 0.995727 0.618519
vt 0.248395 0.115115
vt 0.248103 0.112909
vt 0.245597 0.115053
vt 0.251062 0.113311
vt 0.250534 0.110538
vt 0.248762 0.112632
vt 0.252020 0.107462
vt 0.253955 0.102996
vt 0.238210 0.102996
vt 0.245362 0.116515
vt 0.241528 0.117721
vt 0.238291 0.119251
vt 0.254275 0.102996
vt 0.238210 0.103121
vt 0.253330 0.106227
vt 0.251402 0.109944
vt 0.242648 0.116935
vt 0.238210 0.119251
vt 0.974368 0.630476
vt 0.995727 0.607903
vt 0.594499 0.143126
vt 0.599145 0.131385
vt 0.595392 0.131083
vt 0.291563 0.774542
vt 0.291563 0.750858
vt 0.271830 0.776809
vt 0.263363 0.785007
vt 0.291563 0.789631
vt 0.269054 0.799362
vt 0.245810 0.789027
vt 0.253532 0.801557
vt 0.272794 0.809164
vt 0.262364 0.814855
vt 0.279729 0.821276
vt 0.271228 0.823747
vt 0.287010 0.831898
vt 0.278714 0.834325
vt 0.295052 0.842222
vt 0.288713 0.847607
vt 0.252899 0.750858
vt 0.255336 0.764110
vt 0.606889 0.126356
vt 0.608785 0.131924
vt 0.617672 0.112093
vt 0.594857 0.113030
vt 0.595316 0.118315
vt 0.615004 0.118043
vt 0.610907 0.122660
vt 0.595634 0.121920
vt 0.595861 0.124307
vt 0.618056 0.107914
vt 0.594499 0.108727
vt 0.667475 0.425235
vt 0.003006 0.288874
vt 0.035391 0.314798
vt 0.031449 0.274389
vt 0.002994 0.151609
vt 0.233442 0.860573
vt 0.252954 0.918289
vt 0.271021 0.916492
vt 0.267134 0.871956
vt 0.696224 0.422564
vt 0.675589 0.393839
vt 0.198951 0.866507
vt 0.198951 0.904998
vt 0.237999 0.917440
vt 0.222817 0.841255
vt 0.207546 0.821609
vt 0.234522 0.815100
vt 0.221229 0.800718
vt 0.198951 0.970740
vt 0.224313 0.973275
vt 0.249037 0.924940
vt 0.246577 0.949271
vt 0.713284 0.407912
vt 0.688554 0.390312
vt 0.321387 0.906238
vt 0.308121 0.877591
vt 0.302113 0.910955
vt 0.058800 0.272968
vt 0.246630 0.830649
vt 0.257558 0.846656
vt 0.231393 0.750858
vt 0.238465 0.775334
vt 0.297263 0.950057
vt 0.308630 0.992795
vt 0.325873 0.912809
vt 0.309658 0.993301
vt 0.337170 0.932065
vt 0.335363 0.839259
vt 0.325159 0.845377
vt 0.351708 0.867974
vt 0.359693 0.849941
vt 0.350626 0.892078
vt 0.337865 0.874090
vt 0.333517 0.893475
vt 0.323143 0.871838
vt 0.315868 0.847964
vt 0.305901 0.854193
vt 0.333494 0.893530
vt 0.303098 0.839475
vt 0.265187 0.917456
vt 0.295306 0.829471
vt 0.288230 0.818805
vt 0.284455 0.809009
vt 0.283654 0.799628
vt 0.519760 0.369798
vt 0.490870 0.350343
vt 0.497642 0.332849
vt 0.463123 0.367669
vt 0.481321 0.381238
vt 0.455487 0.433784
vt 0.503700 0.418170
vt 0.542361 0.457047
vt 0.471410 0.489267
vt 0.457600 0.477757
vt 0.479724 0.437002
vt 0.441731 0.449942
vt 0.413509 0.416941
vt 0.442174 0.513047
vt 0.447468 0.499165
vt 0.888204 0.579728
vt 0.009732 0.720302
vt 0.046059 0.702358
vt 0.015022 0.697567
vt 0.139752 0.597683
vt 0.178402 0.646925
vt 0.009732 0.720302
vt 0.015022 0.697567
vt 0.139752 0.597683
vt 0.672671 0.395073
vt 0.686487 0.391930
vt 0.695508 0.420310
vt 0.047993 0.707912
vt 0.183320 0.661230
vt 0.047993 0.707912
vt 0.124467 0.873058
vt 0.110021 0.873058
vt 0.108510 0.965472
vt 0.054974 0.965472
vt 0.076829 0.965472
vt 0.033367 0.965473
vt 0.170668 0.965472
vt 0.011328 0.965471
vt 0.170669 0.965472
vt 0.193786 0.965472
vt 0.033368 0.965473
vt 0.147502 0.965472
vt 0.054975 0.965472
vt 0.124467 0.965472
vt 0.076830 0.965472
vt 0.108113 0.965472
vt 0.054974 0.873058
vt 0.076827 0.873058
vt 0.147501 0.873058
vt 0.170668 0.873058
vt 0.170668 0.873058
vt 0.147501 0.873058
vt 0.108061 0.873058
vt 0.388393 0.869278
vt 0.362960 0.818525
vt 0.548166 0.733772
vt 0.548165 0.827313
vt 0.548165 0.858494
vt 0.548165 0.671411
vt 0.548166 0.889675
vt 0.548166 0.640231
vt 0.548166 0.702591
vt 0.548166 0.796133
vt 0.548166 0.733772
vt 0.542930 0.763757
vt 0.542930 0.763756
vt 0.641333 0.379902
vt 0.642205 0.381003
vt 0.638109 0.385442
vt 0.636482 0.383627
vt 0.647405 0.383812
vt 0.648974 0.384261
vt 0.645368 0.390396
vt 0.641745 0.388805
vt 0.658802 0.386202
vt 0.661752 0.385935
vt 0.661936 0.393595
vt 0.657949 0.392830
vt 0.652982 0.385635
vt 0.655986 0.386258
vt 0.653628 0.392898
vt 0.649490 0.392284
vt 0.645041 0.383031
vt 0.639771 0.387127
vt 0.643814 0.382668
vt 0.656994 0.394548
vt 0.638605 0.424761
vt 0.643798 0.392019
vt 0.620479 0.411451
vt 0.659997 0.395556
vt 0.645982 0.393475
vt 0.011988 0.475979
vt 0.029993 0.475979
vt 0.029993 0.580217
vt 0.011988 0.580217
vt 0.048000 0.475979
vt 0.048000 0.580217
vt 0.066007 0.475979
vt 0.066007 0.580217
vt 0.084018 0.475979
vt 0.084018 0.580217
vt 0.102023 0.475979
vt 0.102023 0.580217
vt 0.120030 0.475979
vt 0.120030 0.580217
vt 0.139867 0.475979
vt 0.139867 0.580217
vt 0.153717 0.475979
vt 0.153717 0.580217
vt 0.011988 0.528098
vt 0.029993 0.528098
vt 0.029993 0.528098
vt 0.011988 0.528098
vt 0.029993 0.528098
vt 0.048000 0.528098
vt 0.048000 0.528098
vt 0.048000 0.528098
vt 0.066007 0.528098
vt 0.066007 0.528098
vt 0.066007 0.528098
vt 0.066007 0.528098
vt 0.084018 0.528098
vt 0.084018 0.528098
vt 0.084018 0.528098
vt 0.084018 0.528098
vt 0.102023 0.528098
vt 0.102023 0.528098
vt 0.102023 0.528098
vt 0.120030 0.528098
vt 0.120030 0.528098
vt 0.120030 0.528098
vt 0.120030 0.528098
vt 0.139867 0.528098
vt 0.139867 0.528098
vt 0.139867 0.528098
vt 0.139867 0.528098
vt 0.153717 0.528098
vt 0.153717 0.528098
vt 0.141384 0.434043
vt 0.135240 0.417209
vt 0.113411 0.425406
vt 0.127972 0.443904
vt 0.159843 0.430668
vt 0.160469 0.465578
vt 0.160156 0.412194
vt 0.135240 0.417209
vt 0.129096 0.400374
vt 0.160469 0.393720
vt 0.089250 0.377668
vt 0.077288 0.377279
vt 0.073196 0.365942
vt 0.085828 0.367245
vt 0.125135 0.378834
vt 0.159469 0.372776
vt 0.124078 0.363894
vt 0.151740 0.360881
vt 0.159112 0.365310
vt 0.123723 0.371156
vt 0.101961 0.354272
vt 0.107490 0.356678
vt 0.126922 0.346587
vt 0.152519 0.349321
vt 0.127753 0.343202
vt 0.157072 0.336427
vt 0.109455 0.329499
vt 0.107725 0.341261
vt 0.110623 0.322165
vt 0.130861 0.329558
vt 0.129107 0.337684
vt 0.132615 0.321432
vt 0.159555 0.329394
vt 0.029993 0.528098
vt 0.029993 0.528098
vt 0.029993 0.528098
vt 0.048000 0.528098
vt 0.048000 0.528098
vt 0.066007 0.528098
vt 0.084018 0.528098
vt 0.102023 0.528098
vt 0.102023 0.528098
vt 0.102023 0.528098
vt 0.120030 0.528098
vt 0.120030 0.528098
vt 0.139867 0.528098
vt 0.139867 0.528098
vt 0.129099 0.443075
vt 0.089250 0.377668
vt 0.127753 0.343202
vt 0.109455 0.329499
vt 0.107725 0.341261
vt 0.110623 0.322165
vt 0.130861 0.329558
vt 0.098850 0.406908
vt 0.088768 0.409086
vt 0.098850 0.406908
vt 0.106135 0.428138
vt 0.103355 0.324931
vt 0.101326 0.339486
vt 0.104462 0.316992
vt 0.113411 0.425406
vt 0.127972 0.443904
vt 0.123501 0.447191
s 1
usemtl Gregar
f 4134/1488/2425 4147/1489/2426 2446/1490/2427 2433/1491/2428
f 2407/1492/2429 2370/1493/2430 2371/1494/2431 2406/1495/2432
f 2409/1496/2433 2363/1497/2434 2364/1498/2435 2408/1499/2436
f 2406/1495/2432 2371/1494/2431 2372/1500/2437 2410/1501/2438
f 2408/1499/2436 2364/1498/2435 2365/1502/2439 2411/1503/2440
f 2410/1501/2438 2372/1500/2437 2373/1504/2441 2412/1505/2441
f 2411/1503/2440 2365/1502/2439 2366/1506/2442 2413/1507/2442
f 2415/1508/2443 2358/1509/2444 2359/1504/2445 2414/1510/2445
f 2412/1505/2441 2373/1504/2441 2358/1509/2444 2415/1511/2443
f 2413/1512/2442 2366/1506/2442 2367/1502/2446 2416/1513/2446
f 2414/1510/2445 2359/1504/2445 2360/1500/2447 2417/1514/2448
f 2416/1513/2446 2367/1502/2446 2368/1498/2449 2418/1515/2449
f 2417/1514/2448 2360/1500/2447 2361/1516/2450 2419/1517/2450
f 2418/1515/2449 2368/1498/2449 2369/1497/2451 2420/1518/2452
f 2419/1517/2450 2361/1516/2450 2362/1519/2453 2421/1520/2454
f 2420/1518/2452 2369/1497/2451 2370/1493/2430 2407/1492/2429
f 2421/1520/2454 2362/1519/2453 2363/1497/2434 2409/1496/2433
f 2391/1521/2455 2385/1522/2456 2386/1523/2457 2390/1524/2458
f 2393/1525/2459 2378/1526/2460 2379/1522/2461 2392/1521/2461
f 2390/1524/2458 2386/1523/2457 2387/1527/2462 2394/1528/2462
f 2392/1521/2461 2379/1522/2461 2380/1529/2463 2395/1530/2463
f 2394/1528/2462 2387/1527/2462 2388/1531/2464 2396/1532/2464
f 2395/1530/2463 2380/1529/2463 2381/1533/2465 2397/1534/2466
f 2396/1532/2464 2388/1531/2464 2389/1535/2467 2398/1536/2468
f 2399/1537/2469 2551/1538/2470 2402/1534/2471
f 2401/1539/2472 2374/1540/2472 2375/1535/2473 2400/1536/2473
f 2398/1536/2468 2389/1535/2467 2374/1540/2472 2401/1539/2472
f 2382/1541/2474 2553/1542/2475 2554/1543/2476 2383/1544/2477
f 2400/1536/2473 2375/1535/2473 2376/1531/2478 2403/1532/2479
f 2402/1534/2471 2383/1533/2480 2384/1529/2481 2404/1530/2481
f 2403/1532/2479 2376/1531/2478 2377/1545/2482 2405/1546/2483
f 2404/1530/2481 2384/1529/2481 2385/1522/2456 2391/1521/2455
f 2405/1546/2483 2377/1545/2482 2378/1526/2460 2393/1525/2459
f 4165/1547/2484 2405/1546/2485 2393/1525/2486 4151/1548/2487
f 4164/1549/2488 2404/1530/2489 2391/1521/2490 4150/1550/2491
f 4163/1551/2492 2403/1532/2493 2405/1546/2485 4165/1547/2484
f 4162/1552/2494 2402/1534/2495 2404/1530/2489 4164/1549/2488
f 4161/1553/2496 2400/1536/2497 2403/1532/2493 4163/1551/2492
f 4160/1554/2498 2399/1537/2499 2402/1534/2495 4162/1552/2494
f 4159/1555/2500 2398/1536/2501 2401/1539/2502 4152/1556/2503
f 4152/1556/2503 2401/1539/2502 2400/1536/2497 4161/1553/2496
f 4158/1557/2504 2397/1534/2505 2399/1537/2499 4160/1554/2498
f 4157/1558/2506 2396/1532/2507 2398/1536/2501 4159/1555/2500
f 4156/1559/2508 2395/1530/2509 2397/1534/2505 4158/1557/2504
f 4155/1560/2510 2394/1528/2511 2396/1532/2507 4157/1558/2506
f 4154/1561/2512 2392/1521/2513 2395/1530/2509 4156/1559/2508
f 4153/1562/2514 2390/1524/2515 2394/1528/2511 4155/1560/2510
f 4151/1548/2487 2393/1525/2486 2392/1521/2513 4154/1561/2512
f 2351/1563/2516 2497/1564/2517 2506/1565/2518 2352/1566/2519
f 2445/1567/2520 2421/1520/2521 2409/1496/2522 2447/1568/2522
f 2444/1568/2523 2420/1518/2524 2407/1492/2525 2446/1490/2526
f 2443/1569/2527 2419/1517/2527 2421/1520/2521 2445/1567/2520
f 2442/1570/2528 2418/1515/2529 2420/1518/2524 2444/1568/2523
f 2441/1571/2530 2417/1514/2531 2419/1517/2527 2443/1569/2527
f 2440/1572/2532 2416/1513/2533 2418/1515/2529 2442/1570/2528
f 2439/1573/2534 2414/1510/2534 2417/1514/2531 2441/1571/2530
f 2438/1574/2535 2413/1512/2536 2416/1513/2533 2440/1572/2532
f 2437/1573/2537 2412/1505/2538 2415/1511/2539 2448/1575/2540
f 2448/1575/2540 2415/1508/2539 2414/1510/2534 2439/1573/2534
f 2436/1572/2541 2411/1503/2542 2413/1507/2536 2438/1574/2535
f 2435/1571/2543 2410/1501/2544 2412/1505/2538 2437/1573/2537
f 2434/1570/2545 2408/1499/2546 2411/1503/2542 2436/1572/2541
f 2433/1491/2547 2406/1495/2548 2410/1501/2544 2435/1571/2543
f 2447/1568/2522 2409/1496/2522 2408/1499/2546 2434/1570/2545
f 4135/1576/2549 4148/1577/2550 2447/1568/2551 2434/1570/2552
f 4136/1578/2553 4134/1488/2425 2433/1491/2428 2435/1571/2554
f 4137/1579/2555 4135/1576/2549 2434/1570/2552 2436/1572/2556
f 4138/1580/2557 4136/1578/2553 2435/1571/2554 2437/1573/2558
f 4139/1581/2559 4137/1579/2555 2436/1572/2556 2438/1574/2560
f 4140/1580/2561 4149/1582/2562 2448/1575/2563 2439/1573/2564
f 4149/1582/2562 2496/1583/2565 2485/1584/2566 4138/1580/2557
f 4141/1585/2567 4139/1581/2559 2438/1574/2560 2440/1572/2568
f 4142/1586/2569 4140/1580/2561 2439/1573/2564 2441/1571/2570
f 4143/1576/2571 4141/1585/2567 2440/1572/2568 2442/1570/2572
f 4144/1587/2573 4142/1586/2569 2441/1571/2570 2443/1569/2574
f 4145/1577/2575 4143/1576/2571 2442/1570/2572 2444/1568/2576
f 4146/1588/2577 4144/1587/2573 2443/1569/2574 2445/1567/2578
f 4147/1489/2426 2494/1589/2579 2492/1590/2580 4145/1577/2575
f 4148/1577/2550 2495/1590/2581 2493/1591/2582 4146/1588/2577
f 2446/1490/2526 2407/1492/2525 2406/1495/2548 2433/1491/2547
f 2473/1592/2583 2511/1593/2584 2512/1594/2585 2471/1595/2586
f 2479/1596/2587 2508/1597/2588 2509/1598/2589 2477/1599/2590
f 2545/1600/2591 2464/1601/2592 2450/1602/2593 2547/1603/2594
f 2544/1604/2595 2463/1605/2596 2449/1606/2597 2546/1607/2598
f 2543/1608/2599 2462/1609/2600 2464/1601/2592 2545/1600/2591
f 2542/1610/2601 2461/1611/2602 2463/1605/2596 2544/1604/2595
f 2541/1612/2603 2460/1613/2604 2462/1609/2600 2543/1608/2599
f 2540/1614/2605 2459/1615/2606 2461/1611/2602 2542/1610/2601
f 2539/1616/2607 2458/1617/2608 2460/1613/2604 2541/1612/2603
f 2538/1618/2609 2457/1619/2610 2459/1615/2606 2540/1614/2605
f 2537/1616/2611 2456/1620/2612 2451/1621/2613 2548/1622/2614
f 2548/1622/2614 2451/1621/2613 2458/1617/2608 2539/1616/2607
f 2536/1614/2615 2455/1623/2616 2457/1619/2610 2538/1618/2609
f 2535/1612/2617 2454/1624/2618 2456/1620/2612 2537/1616/2611
f 2534/1610/2619 2453/1625/2620 2455/1623/2616 2536/1614/2615
f 2533/1626/2621 2452/1627/2622 2454/1624/2618 2535/1612/2617
f 2547/1603/2594 2450/1602/2593 2453/1625/2620 2534/1610/2619
f 2546/1607/2598 2449/1606/2597 2452/1627/2622 2533/1626/2621
f 2507/1628/2623 2465/1629/2624 2468/1630/2625 2504/1631/2626
f 2471/1595/2586 2512/1594/2585 2422/1598/2627 2469/1599/2628
f 2504/1631/2626 2468/1630/2625 2470/1632/2629 2503/1633/2630
f 2503/1633/2630 2470/1632/2629 2472/1634/2631 2502/1635/2632
f 2477/1599/2590 2509/1598/2589 2510/1594/2633 2475/1595/2634
f 2505/1636/2635 2467/1637/2636 2474/1634/2637 2501/1635/2638
f 2502/1635/2632 2472/1634/2631 2467/1637/2636 2505/1636/2635
f 2501/1635/2638 2474/1634/2637 2476/1632/2639 2500/1633/2640
f 2469/1599/2628 2422/1598/2627 2423/1597/2641 2466/1596/2642
f 2500/1633/2640 2476/1632/2639 2478/1638/2643 2499/1639/2644
f 2506/1565/2518 2425/1640/2645 2431/1641/2646 2352/1566/2519
f 2499/1639/2644 2478/1638/2643 2480/1642/2647 2497/1564/2517
f 2498/1565/2648 2479/1596/2587 2465/1629/2624 2507/1628/2623
f 2497/1564/2517 2480/1642/2647 2466/1596/2642 2506/1565/2518
f 2464/1601/2592 2493/1591/2649 2495/1590/2650 2450/1602/2593
f 2463/1605/2596 2492/1590/2651 2494/1589/2652 2449/1606/2597
f 2462/1609/2600 2491/1643/2653 2493/1591/2649 2464/1601/2592
f 2461/1611/2602 2490/1644/2654 2492/1590/2651 2463/1605/2596
f 2460/1613/2604 2489/1645/2655 2491/1643/2653 2462/1609/2600
f 2459/1615/2606 2488/1646/2656 2490/1644/2654 2461/1611/2602
f 2458/1617/2608 2487/1584/2657 2489/1645/2655 2460/1613/2604
f 2457/1619/2610 2486/1647/2658 2488/1646/2656 2459/1615/2606
f 2456/1620/2612 2485/1584/2659 2496/1583/2660 2451/1621/2613
f 2451/1621/2613 2496/1583/2660 2487/1584/2657 2458/1617/2608
f 2455/1623/2616 2484/1646/2661 2486/1647/2658 2457/1619/2610
f 2454/1624/2618 2483/1645/2662 2485/1584/2659 2456/1620/2612
f 2453/1625/2620 2482/1644/2663 2484/1646/2661 2455/1623/2616
f 2452/1627/2622 2481/1648/2664 2483/1645/2662 2454/1624/2618
f 2450/1602/2593 2495/1590/2650 2482/1644/2663 2453/1625/2620
f 2449/1606/2597 2494/1589/2652 2481/1648/2664 2452/1627/2622
f 2509/1649/2665 2515/1650/2666 2516/1651/2667 2510/1652/2668
f 2354/1653/2669 2507/1628/2623 2504/1631/2626 2355/1654/2670
f 2355/1654/2670 2504/1631/2626 2503/1633/2630 2356/1655/2671
f 2466/1596/2642 2423/1597/2641 2425/1640/2645 2506/1565/2518
f 2356/1655/2671 2503/1633/2630 2502/1635/2632 2357/1656/2672
f 2475/1595/2634 2510/1594/2633 2511/1593/2584 2473/1592/2583
f 2347/1657/2673 2505/1636/2635 2501/1635/2638 2348/1656/2674
f 2357/1656/2672 2502/1635/2632 2505/1636/2635 2347/1657/2673
f 2353/1566/2675 2426/1641/2676 2424/1640/2677 2498/1565/2648
f 2348/1656/2674 2501/1635/2638 2500/1633/2640 2349/1655/2678
f 2349/1655/2678 2500/1633/2640 2499/1639/2644 2350/1658/2679
f 2498/1565/2648 2424/1640/2677 2508/1597/2588 2479/1596/2587
f 2350/1658/2679 2499/1639/2644 2497/1564/2517 2351/1563/2516
f 2353/1566/2675 2498/1565/2648 2507/1628/2623 2354/1653/2669
f 4150/1550/2491 2391/1521/2490 2390/1524/2515 4153/1562/2514
f 2348/1659/2680 2513/1660/2681 2347/1661/2682
f 2347/1661/2682 2513/1660/2681 2357/1662/2683
f 2357/1662/2683 2513/1660/2681 2356/1663/2684
f 2356/1663/2684 2513/1660/2681 2355/1664/2685
f 2355/1664/2685 2513/1660/2681 2354/1665/2686
f 2354/1665/2686 2513/1660/2681 2353/1666/2687
f 2353/1666/2687 2513/1660/2681 2426/1667/2688
f 2426/1667/2688 2513/1660/2681 2427/1668/2689
f 2511/1669/2690 2517/1670/2691 2518/1651/2692 2512/1652/2693
f 2422/1649/2694 2432/1650/2695 2430/1671/2696 2423/1672/2697
f 2423/1672/2697 2430/1671/2696 2428/1673/2698 2425/1674/2699
f 2508/1672/2700 2514/1671/2701 2515/1650/2666 2509/1649/2665
f 2427/1668/2689 2513/1660/2681 2431/1675/2702
f 2431/1675/2702 2513/1660/2681 2352/1676/2703
f 2352/1676/2703 2513/1660/2681 2351/1677/2681
f 2351/1677/2681 2513/1660/2681 2350/1678/2681
f 2350/1678/2681 2513/1660/2681 2349/1679/2704
f 2349/1679/2704 2513/1660/2681 2348/1659/2680
f 2424/1674/2705 2429/1673/2706 2514/1671/2701 2508/1672/2700
f 2512/1652/2693 2518/1651/2692 2432/1650/2695 2422/1649/2694
f 2510/1652/2668 2516/1651/2667 2517/1670/2691 2511/1669/2690
f 2519/1680/2707 2429/1673/2706 2424/1674/2705 2426/1681/2707
f 2431/1681/2708 2425/1674/2699 2428/1673/2698 2520/1680/2708
f 2516/1651/2709 2527/1682/2710 2528/1683/2711 2517/1670/2712
f 2432/1650/2713 2524/1684/2714 2523/1685/2715 2430/1671/2716
f 2515/1650/2717 2526/1684/2718 2527/1682/2710 2516/1651/2709
f 2518/1651/2719 2529/1682/2720 2524/1684/2714 2432/1650/2713
f 2430/1671/2716 2523/1685/2715 2521/1686/2721 2428/1673/2722
f 2514/1671/2723 2525/1685/2724 2526/1684/2718 2515/1650/2717
f 2519/1680/2725 2530/1687/2725 2522/1686/2726 2429/1673/2727
f 2517/1670/2712 2528/1683/2711 2529/1682/2720 2518/1651/2719
f 2429/1673/2727 2522/1686/2726 2525/1685/2724 2514/1671/2723
f 2428/1673/2722 2521/1686/2721 2531/1687/2728 2520/1680/2728
f 2520/1688/2729 2531/1689/2729 2431/1690/2729
f 2519/1691/2729 2426/1692/2729 2530/1693/2729
f 2532/1694/2730 2530/1693/2731 2426/1692/2688 2427/1695/2689
f 2531/1689/2732 2532/1694/2730 2427/1695/2689 2431/1690/2702
f 2524/1684/2733 2532/1696/2734 2523/1685/2735
f 2521/1686/2736 2532/1696/2734 2531/1687/2737
f 2532/1696/2734 2522/1686/2738 2530/1687/2739
f 2522/1686/2738 2532/1696/2734 2525/1685/2740
f 2526/1684/2741 2532/1696/2734 2527/1682/2742
f 2527/1682/2742 2532/1696/2734 2528/1683/2743
f 2528/1683/2743 2532/1696/2734 2529/1682/2744
f 2529/1682/2744 2532/1696/2734 2524/1684/2733
f 2532/1696/2734 2526/1684/2741 2525/1685/2740
f 2532/1696/2734 2521/1686/2736 2523/1685/2735
f 3063/1697/2745 2546/1607/2598 2533/1626/2621 3066/1698/2746
f 3064/1699/2747 2547/1603/2594 2534/1610/2619 3067/1700/2748
f 3066/1698/2746 2533/1626/2621 2535/1612/2617 3068/1701/2749
f 3067/1700/2748 2534/1610/2619 2536/1614/2615 3069/1702/2750
f 3068/1701/2749 2535/1612/2617 2537/1616/2611 3070/1703/2751
f 3069/1702/2750 2536/1614/2615 2538/1618/2609 3071/1704/2752
f 3065/1705/2753 2548/1622/2614 2539/1616/2607 3072/1706/2754
f 3070/1703/2751 2537/1616/2611 2548/1622/2614 3065/1705/2753
f 3071/1704/2752 2538/1618/2609 2540/1614/2605 3073/1707/2755
f 3072/1706/2754 2539/1616/2607 2541/1612/2603 3074/1708/2756
f 3073/1707/2755 2540/1614/2605 2542/1610/2601 3075/1709/2757
f 3074/1708/2756 2541/1612/2603 2543/1608/2599 3076/1710/2758
f 3075/1709/2757 2542/1610/2601 2544/1604/2595 3077/1711/2759
f 3076/1710/2758 2543/1608/2599 2545/1600/2591 3078/1712/2760
f 3077/1711/2759 2544/1604/2595 2546/1607/2598 3063/1697/2745
f 3078/1712/2760 2545/1600/2591 2547/1603/2594 3064/1699/2747
f 2375/1713/2761 2549/1714/2762 2376/1715/2761
f 2376/1715/2761 2549/1714/2762 2377/1716/2761
f 2377/1716/2761 2549/1714/2762 2378/1717/2761
f 2378/1717/2761 2549/1714/2762 2379/1718/2761
f 2379/1718/2761 2549/1714/2762 2380/1719/2763
f 2380/1719/2763 2549/1714/2762 2381/1720/2764
f 2381/1720/2764 2549/1714/2762 2382/1721/2761
f 2382/1721/2761 2549/1714/2762 2383/1722/2765
f 2383/1722/2765 2549/1714/2762 2384/1723/2766
f 2384/1723/2766 2549/1714/2762 2385/1724/2761
f 2385/1724/2761 2549/1714/2762 2386/1725/2761
f 2386/1725/2761 2549/1714/2762 2387/1726/2761
f 2387/1726/2761 2549/1714/2762 2388/1727/2761
f 2388/1727/2761 2549/1714/2762 2389/1728/2761
f 2389/1728/2761 2549/1714/2762 2374/1729/2761
f 2374/1729/2761 2549/1714/2762 2375/1713/2761
f 2397/1534/2466 2550/1730/2767 2399/1537/2768
f 2561/1731/2769 2558/1732/2770 4100/1733/2771
f 4100/1734/2771 2558/1735/2770 2554/1736/2772 2555/1737/2773
f 2381/1533/2465 2550/1730/2767 2397/1534/2466
f 2402/1534/2471 2551/1538/2470 2383/1533/2480
f 2561/1738/2774 2559/1739/2775 2557/1740/2776 2560/1741/2777
f 2381/1742/2778 2552/1743/2779 2553/1542/2475 2382/1541/2474
f 2553/1542/2475 2555/1744/2780 2554/1543/2476
f 2552/1743/2779 2555/1744/2780 2553/1542/2475
f 2559/1745/2775 2552/1746/2781 2381/1747/2782 2557/1748/2776
f 2554/1736/2772 2558/1735/2770 2556/1749/2783 2383/1750/2784
f 2558/1732/2770 2561/1731/2769 2560/1751/2785 2556/1752/2783
f 3287/1753/2786 4101/1754/2787 3291/1745/2788 3284/1746/2789
f 2399/1755/2790 2550/1756/2791 2557/1740/2791 2560/1741/2790
f 2550/1757/2791 2381/1747/2792 2557/1748/2791
f 2399/1758/2793 2560/1751/2793 2556/1752/2794 2551/1759/2794
f 2551/1760/2794 2556/1749/2794 2383/1750/2795
f 2565/1761/2796 2567/1762/2797 2564/1763/2798
f 2564/1763/2798 2563/1764/2799 2565/1761/2796
f 2562/1765/2800 2566/1766/2801 2565/1761/2796 2563/1764/2799
f 2566/1766/2801 2568/1767/2802 2567/1762/2797 2565/1761/2796
f 2569/1768/2803 2564/1763/2804 2567/1762/2805
f 2564/1763/2804 2569/1768/2803 2563/1764/2806
f 2562/1765/2807 2563/1764/2806 2569/1768/2803 2570/1766/2808
f 2570/1766/2808 2569/1768/2803 2567/1762/2805 2568/1767/2809
f 2574/1761/2810 2576/1762/2811 2573/1763/2812
f 2573/1763/2812 2572/1764/2813 2574/1761/2810
f 2571/1765/2814 2575/1766/2815 2574/1761/2810 2572/1764/2813
f 2575/1766/2815 2577/1767/2816 2576/1762/2811 2574/1761/2810
f 2578/1768/2817 2573/1763/2818 2576/1762/2819
f 2573/1763/2818 2578/1768/2817 2572/1764/2820
f 2571/1765/2821 2572/1764/2820 2578/1768/2817 2579/1766/2822
f 2579/1766/2822 2578/1768/2817 2576/1762/2819 2577/1767/2823
f 2583/1761/2824 2585/1762/2825 2582/1763/2826
f 2582/1763/2826 2581/1764/2813 2583/1761/2824
f 2580/1765/2814 2584/1766/2827 2583/1761/2824 2581/1764/2813
f 2584/1766/2827 2586/1767/2828 2585/1762/2825 2583/1761/2824
f 2587/1768/2829 2582/1763/2830 2585/1762/2831
f 2582/1763/2830 2587/1768/2829 2581/1764/2832
f 2580/1765/2833 2581/1764/2832 2587/1768/2829 2566/1766/2834
f 2566/1766/2834 2587/1768/2829 2585/1762/2831 2586/1767/2835
f 2637/1769/2836 2685/1770/2836 2638/1771/2836
f 2619/1772/2837 2635/1773/2837 2620/1774/2838 2604/1775/2838
f 4228/1776/2839 2613/1772/2840 2614/1777/2841 4215/1778/2841
f 4229/1779/2842 2606/1780/2842 2607/1781/2843 4216/1782/2843
f 4215/1778/2841 2614/1777/2841 2615/1783/2844 4217/1784/2845
f 4216/1782/2843 2607/1781/2843 2608/1785/2846 4218/1786/2846
f 4217/1784/2845 2615/1783/2844 2616/1787/2847 4219/1788/2848
f 4218/1786/2846 2608/1785/2846 2609/1781/2849 4220/1789/2849
f 4219/1788/2848 2616/1787/2847 2617/1783/2850 4221/1790/2851
f 4220/1789/2849 2609/1781/2849 2610/1780/2852 4222/1791/2852
f 4221/1790/2851 2617/1783/2850 2618/1777/2853 4223/1792/2853
f 4222/1791/2852 2610/1780/2852 2611/1793/2854 4224/1794/2855
f 4223/1792/2853 2618/1777/2853 2619/1772/2856 4225/1795/2857
f 4224/1794/2855 2611/1793/2854 2612/1775/2858 4226/1796/2859
f 4230/1797/2860 2604/1775/2861 2605/1793/2862 4227/1794/2863
f 4225/1795/2857 2619/1772/2856 2604/1775/2861 4230/1797/2860
f 4226/1796/2859 2612/1775/2858 2613/1772/2840 4228/1776/2839
f 4227/1794/2863 2605/1793/2862 2606/1780/2842 4229/1779/2842
f 2653/1798/2864 2649/1799/2864 2650/1800/2865 2652/1801/2865
f 2612/1775/2866 2628/1774/2866 2629/1773/2867 2613/1772/2867
f 2605/1793/2868 2621/1802/2868 2622/1803/2869 2606/1780/2869
f 2613/1772/2867 2629/1773/2867 2630/1804/2870 2614/1777/2870
f 2606/1780/2869 2622/1803/2869 2623/1805/2871 2607/1781/2871
f 2614/1777/2870 2630/1804/2870 2631/1806/2872 2615/1783/2872
f 2607/1781/2871 2623/1805/2871 2624/1807/2873 2608/1785/2873
f 2615/1783/2872 2631/1806/2872 2632/1808/2874 2616/1787/2874
f 2608/1785/2873 2624/1807/2873 2625/1805/2875 2609/1781/2875
f 2616/1787/2874 2632/1808/2874 2633/1806/2876 2617/1783/2876
f 2609/1781/2875 2625/1805/2875 2626/1803/2877 2610/1780/2877
f 2617/1783/2876 2633/1806/2876 2634/1804/2878 2618/1777/2878
f 2610/1780/2877 2626/1803/2877 2627/1802/2879 2611/1793/2879
f 2618/1777/2878 2634/1804/2878 2635/1773/2837 2619/1772/2837
f 2611/1793/2879 2627/1802/2879 2628/1774/2866 2612/1775/2866
f 2604/1775/2838 2620/1774/2838 2621/1802/2868 2605/1793/2868
f 2655/1809/2880 2642/1810/2880 2643/1811/2881 2654/1812/2881
f 2652/1801/2865 2650/1800/2865 2651/1813/2882 2656/1814/2882
f 2654/1812/2881 2643/1811/2881 2644/1815/2883 2657/1816/2883
f 2659/1816/2884 2636/1815/2884 2637/1811/2885 2658/1812/2885
f 2656/1814/2882 2651/1813/2882 2636/1815/2884 2659/1816/2884
f 2657/1816/2883 2644/1815/2883 2645/1813/2886 2660/1814/2886
f 2658/1812/2885 2637/1811/2885 2638/1810/2887 2661/1809/2887
f 2660/1814/2886 2645/1813/2886 2646/1800/2888 2662/1801/2888
f 2661/1809/2887 2638/1810/2887 2639/1817/2889 2663/1818/2889
f 2662/1801/2888 2646/1800/2888 2647/1799/2890 2664/1798/2890
f 2663/1818/2889 2639/1817/2889 2640/1819/2891 2665/1820/2891
f 2664/1798/2890 2647/1799/2890 2648/1821/2892 2666/1822/2892
f 2665/1820/2891 2640/1819/2891 2641/1817/2893 2667/1818/2893
f 2666/1822/2892 2648/1821/2892 2649/1799/2864 2653/1798/2864
f 2667/1818/2893 2641/1817/2893 2642/1810/2880 2655/1809/2880
f 2625/1805/2894 2667/1818/2894 2655/1809/2895 2626/1803/2895
f 2632/1808/2896 2666/1822/2896 2653/1798/2897 2633/1806/2897
f 2624/1807/2898 2665/1820/2898 2667/1818/2894 2625/1805/2894
f 2631/1806/2899 2664/1798/2899 2666/1822/2896 2632/1808/2896
f 2623/1805/2900 2663/1818/2900 2665/1820/2898 2624/1807/2898
f 2630/1804/2901 2662/1801/2901 2664/1798/2899 2631/1806/2899
f 2622/1803/2902 2661/1809/2902 2663/1818/2900 2623/1805/2900
f 2629/1773/2903 2660/1814/2903 2662/1801/2901 2630/1804/2901
f 2621/1802/2904 2658/1812/2904 2661/1809/2902 2622/1803/2902
f 2628/1774/2905 2657/1816/2905 2660/1814/2903 2629/1773/2903
f 2635/1773/2906 2656/1814/2906 2659/1816/2907 2620/1774/2907
f 2620/1774/2907 2659/1816/2907 2658/1812/2904 2621/1802/2904
f 2627/1802/2908 2654/1812/2908 2657/1816/2905 2628/1774/2905
f 2634/1804/2909 2652/1801/2909 2656/1814/2906 2635/1773/2906
f 2626/1803/2895 2655/1809/2895 2654/1812/2908 2627/1802/2908
f 2633/1806/2897 2653/1798/2897 2652/1801/2909 2634/1804/2909
f 2589/1823/2910 2682/1824/2910 2671/1825/2911 2590/1826/2911
f 2596/1827/2912 2681/1828/2912 2669/1829/2913 2597/1830/2913
f 2603/1830/2914 2680/1829/2914 2683/1828/2915 2588/1827/2915
f 2588/1827/2915 2683/1828/2915 2682/1824/2910 2589/1823/2910
f 2595/1823/2916 2679/1824/2916 2681/1828/2912 2596/1827/2912
f 2602/1831/2917 2678/1832/2918 2680/1829/2914 2603/1830/2914
f 2594/1826/2919 2677/1825/2919 2679/1824/2916 2595/1823/2916
f 2601/1833/2920 2676/1834/2921 2678/1832/2918 2602/1831/2917
f 2593/1835/2922 2675/1836/2922 2677/1825/2919 2594/1826/2919
f 2687/1837/2923 2693/1838/2924 2689/1839/2925 2599/1840/2926
f 2592/1841/2927 2673/1842/2927 2675/1836/2922 2593/1835/2922
f 2688/1843/2928 2694/1844/2929 2696/1845/2930 2690/1846/2931
f 2591/1835/2932 2670/1836/2932 2673/1842/2927 2592/1841/2927
f 2598/1831/2933 2668/1832/2933 2672/1834/2934 2599/1833/2935
f 2590/1826/2911 2671/1825/2911 2670/1836/2932 2591/1835/2932
f 2597/1830/2913 2669/1829/2913 2668/1832/2933 2598/1831/2933
f 2589/1847/2936 2684/1848/2937 2588/1849/2936
f 2588/1849/2936 2684/1848/2937 2603/1850/2936
f 2603/1850/2936 2684/1848/2937 2602/1851/2938
f 2602/1851/2938 2684/1848/2937 2601/1852/2939
f 2601/1852/2939 2684/1848/2937 2600/1853/2940
f 2600/1853/2940 2684/1848/2937 2599/1854/2941
f 2599/1854/2941 2684/1848/2937 2598/1855/2942
f 2598/1855/2942 2684/1848/2937 2597/1856/2936
f 2597/1856/2936 2684/1848/2937 2596/1857/2936
f 2596/1857/2936 2684/1848/2937 2595/1858/2936
f 2595/1858/2936 2684/1848/2937 2594/1859/2936
f 2594/1859/2936 2684/1848/2937 2593/1860/2936
f 2593/1860/2936 2684/1848/2937 2592/1861/2936
f 2592/1861/2936 2684/1848/2937 2591/1862/2936
f 2591/1862/2936 2684/1848/2937 2590/1863/2936
f 2590/1863/2936 2684/1848/2937 2589/1847/2936
f 2638/1771/2836 2685/1770/2836 2639/1864/2836
f 2639/1864/2836 2685/1770/2836 2640/1865/2836
f 2640/1865/2836 2685/1770/2836 2641/1866/2836
f 2641/1866/2836 2685/1770/2836 2642/1867/2836
f 2642/1867/2836 2685/1770/2836 2643/1868/2836
f 2643/1868/2836 2685/1770/2836 2644/1869/2836
f 2644/1869/2836 2685/1770/2836 2645/1870/2836
f 2645/1870/2836 2685/1770/2836 2646/1871/2836
f 2646/1871/2836 2685/1770/2836 2647/1872/2836
f 2647/1872/2836 2685/1770/2836 2648/1873/2836
f 2648/1873/2836 2685/1770/2836 2649/1874/2836
f 2649/1874/2836 2685/1770/2836 2650/1875/2836
f 2650/1875/2836 2685/1770/2836 2651/1876/2836
f 2651/1876/2836 2685/1770/2836 2636/1877/2836
f 2636/1877/2836 2685/1770/2836 2637/1769/2836
f 2674/1878/2943 2691/1879/2944 2693/1880/2924 2687/1881/2923
f 2601/1833/2920 2686/1882/2945 2676/1834/2921
f 2676/1834/2921 2686/1882/2945 2674/1883/2946
f 2601/1884/2947 2690/1885/2948 2692/1886/2949 2686/1887/2950
f 2599/1888/2951 2689/1889/2952 2688/1843/2928 2600/1890/2953
f 2674/1883/2954 2687/1891/2955 2672/1834/2934
f 2672/1834/2934 2687/1891/2955 2599/1833/2935
f 2692/1880/2949 2698/1892/2956 2701/1893/2957 2691/1879/2958
f 2689/1889/2952 2695/1894/2959 2694/1844/2929 2688/1843/2928
f 2690/1885/2948 2696/1895/2960 2698/1896/2956 2692/1886/2949
f 2600/1890/2953 2688/1843/2928 2690/1846/2931 2601/1897/2961
f 2686/1881/2950 2692/1880/2949 2691/1879/2958 2674/1878/2962
f 2698/1896/2956 2696/1895/2960 2700/1898/2963 2697/1899/2964
f 2694/1844/2929 2700/1900/2965 2696/1845/2930
f 2691/1879/2944 2701/1893/2966 2699/1892/2967 2693/1880/2924
f 2693/1838/2924 2699/1901/2967 2695/1902/2968 2689/1839/2925
f 2695/1894/2959 2700/1900/2965 2694/1844/2929
f 2698/1892/2956 2697/1903/2964 2701/1893/2957
f 2701/1893/2966 2697/1903/2969 2699/1892/2967
f 2702/1904/2970 2703/1905/2971 2719/1906/2971 2720/1907/2970
f 2703/1905/2971 2704/1908/2972 2718/1909/2972 2719/1906/2971
f 2704/1908/2972 2705/1910/2973 2717/1911/2973 2718/1909/2972
f 2705/1910/2973 2706/1912/2974 2716/1913/2974 2717/1911/2973
f 2706/1912/2974 2707/1914/2975 2715/1915/2976 2716/1913/2974
f 2708/1916/2977 2715/1915/2976 2707/1914/2975
f 2709/1917/2978 2715/1915/2978 2708/1916/2979
f 2710/1918/2980 2716/1913/2981 2715/1915/2978 2709/1917/2978
f 2711/1919/2982 2717/1911/2982 2716/1913/2981 2710/1918/2980
f 2712/1920/2983 2718/1909/2984 2717/1911/2982 2711/1919/2982
f 2713/1921/2985 2719/1906/2986 2718/1909/2984 2712/1920/2983
f 2714/1922/2987 2720/1907/2987 2719/1906/2986 2713/1921/2985
f 2702/1904/2988 2739/1907/2988 2738/1906/2989 2703/1905/2990
f 2703/1905/2990 2738/1906/2989 2737/1909/2991 2704/1908/2992
f 2704/1908/2992 2737/1909/2991 2736/1911/2993 2705/1910/2994
f 2705/1910/2994 2736/1911/2993 2735/1913/2995 2706/1912/2996
f 2706/1912/2996 2735/1913/2995 2734/1915/2997 2707/1914/2998
f 2708/1916/2999 2707/1914/2998 2734/1915/2997
f 2709/1917/3000 2708/1916/3001 2734/1915/3002
f 2710/1918/3003 2709/1917/3000 2734/1915/3002 2735/1913/3004
f 2711/1919/3005 2710/1918/3003 2735/1913/3004 2736/1911/3005
f 2712/1920/3006 2711/1919/3005 2736/1911/3005 2737/1909/3006
f 2713/1921/3007 2712/1920/3006 2737/1909/3006 2738/1906/3008
f 2714/1922/3009 2713/1921/3007 2738/1906/3008 2739/1907/3009
f 2727/1904/2970 2726/1905/2971 2744/1906/2971 2745/1907/2970
f 2726/1905/2971 2725/1908/2972 2743/1909/2972 2744/1906/2971
f 2725/1908/2972 2724/1910/2973 2742/1911/2973 2743/1909/2972
f 2724/1910/2973 2723/1912/3010 2741/1913/2974 2742/1911/2973
f 2723/1912/3010 2722/1914/2976 2740/1915/2976 2741/1913/2974
f 2721/1916/2977 2740/1915/2976 2722/1914/2976
f 2733/1917/2978 2740/1915/2978 2721/1916/2979
f 2732/1918/3011 2741/1913/2981 2740/1915/2978 2733/1917/2978
f 2731/1919/2982 2742/1911/3012 2741/1913/2981 2732/1918/3011
f 2730/1920/2983 2743/1909/2984 2742/1911/3012 2731/1919/2982
f 2729/1921/2985 2744/1906/2985 2743/1909/2984 2730/1920/2983
f 2728/1922/2987 2745/1907/2987 2744/1906/2985 2729/1921/2985
f 2727/1904/2988 2751/1907/2988 2750/1906/2990 2726/1905/2990
f 2726/1905/2990 2750/1906/2990 2749/1909/2991 2725/1908/2992
f 2725/1908/2992 2749/1909/2991 2748/1911/2993 2724/1910/2994
f 2724/1910/2994 2748/1911/2993 2747/1913/2995 2723/1912/2995
f 2723/1912/2995 2747/1913/2995 2746/1915/2997 2722/1914/2997
f 2721/1916/2999 2722/1914/2997 2746/1915/2997
f 2733/1917/3000 2721/1916/3001 2746/1915/3000
f 2732/1918/3004 2733/1917/3000 2746/1915/3000 2747/1913/3004
f 2731/1919/3005 2732/1918/3004 2747/1913/3004 2748/1911/3005
f 2730/1920/3013 2731/1919/3005 2748/1911/3005 2749/1909/3006
f 2729/1921/3014 2730/1920/3013 2749/1909/3006 2750/1906/3015
f 2728/1922/3009 2729/1921/3014 2750/1906/3015 2751/1907/3009
f 2697/1923/2969 2700/1924/3016 2695/1902/2968 2699/1901/2967
f 2757/1925/3017 2764/1926/3018 2765/1927/3019 2758/1928/3020
f 2758/1928/3020 2765/1927/3019 3493/1929/3021 3484/1930/3022
f 3485/1931/3023 3494/1932/3024 2759/1933/3025 2752/1934/3026
f 2752/1934/3026 2759/1933/3025 2760/1935/3027 2753/1936/3028
f 2753/1936/3028 2760/1935/3027 2761/1937/3029 2754/1938/3030
f 2754/1938/3030 2761/1937/3029 2762/1939/3031 2755/1940/3032
f 2755/1940/3032 2762/1939/3031 2763/1941/3033 2756/1942/3034
f 2756/1942/3034 2763/1941/3033 2764/1926/3018 2757/1925/3017
f 2767/1943/3035 2774/1944/3036 2775/1945/3037
f 2763/1941/3033 2770/1946/3038 2771/1947/3039 2764/1926/3018
f 2764/1926/3018 2771/1947/3039 2772/1948/3040 2765/1927/3019
f 2765/1927/3019 2772/1948/3040 3502/1949/3041 3493/1929/3021
f 3494/1932/3024 3503/1950/3042 2766/1951/3043 2759/1933/3025
f 2759/1933/3025 2766/1951/3043 3038/1952/3044
f 2760/1935/3027 2767/1953/3045 2768/1954/3046 2761/1937/3029
f 2761/1937/3029 2768/1954/3046 2769/1955/3047 2762/1939/3031
f 2762/1939/3031 2769/1955/3047 2770/1946/3038 2763/1941/3033
f 2768/1956/3048 2775/1945/3037 2776/1957/3049 2769/1958/3050
f 2769/1958/3050 2776/1957/3049 2777/1959/3051 2770/1960/3052
f 2770/1960/3052 2777/1959/3051 2778/1961/3053 2771/1962/3054
f 2771/1962/3054 2778/1961/3053 2779/1963/3055 2772/1964/3056
f 2772/1964/3056 2779/1963/3055 3511/1965/3057 3502/1966/3058
f 3503/1967/3059 3512/1968/3060 2773/1969/3061 2766/1970/3062
f 2766/1970/3062 2773/1969/3061 3039/1971/3063 3038/1972/3064
f 3040/1973/3065 2786/1974/3066 3520/1975/3067 3831/1976/3068
f 3512/1968/3069 3839/1977/3070 3046/1978/3071 2773/1969/3072
f 2773/1969/3072 3046/1978/3071 3041/1979/3073 3039/1971/3074
f 3041/1979/3073 2781/1980/3075 2782/1981/3076 3042/1982/3077
f 3042/1982/3077 2782/1981/3076 2783/1983/3078 3043/1984/3079
f 3043/1984/3079 2783/1983/3078 2784/1985/3080 3044/1986/3081
f 3044/1986/3081 2784/1985/3080 2785/1987/3082 3045/1988/3083
f 3045/1988/3083 2785/1987/3082 2786/1974/3066 3040/1973/3065
f 3484/1989/3084 3529/1990/3085 2758/1991/3086
f 2758/1991/3086 3529/1990/3085 2757/1992/3087
f 2757/1992/3087 3529/1990/3085 2756/1993/3088
f 2756/1993/3088 3529/1990/3085 2755/1994/3089
f 2755/1994/3089 3529/1990/3085 2754/1995/3090
f 2754/1995/3090 3529/1990/3085 2753/1996/3091
f 2753/1996/3091 3529/1990/3085 2752/1997/3092
f 2752/1997/3092 3529/1990/3085 3485/1998/3093
f 2781/1980/3075 2788/1999/3094 2789/2000/3095 2782/1981/3076
f 2780/2001/3096 2787/2002/3097 2788/1999/3094 2781/1980/3075
f 2787/2002/3097 2790/2003/3098 2791/2004/3099 2788/1999/3094
f 2790/2003/3098 2792/2005/3100 2793/2006/3101 2791/2004/3099
f 2792/2005/3100 2794/2007/3102 2795/2008/3103 2793/2006/3101
f 2794/2007/3102 2796/2009/3104 2797/2010/3105 2795/2008/3103
f 2800/2011/3106 2801/2012/3107 2797/2010/3105 2796/2009/3104
f 2786/1974/3066 2785/1987/3082 2799/2013/3108 2798/2014/3109
f 2798/2014/3109 2799/2013/3108 2801/2012/3107 2800/2011/3106
f 2796/2009/3104 3547/2015/3110 3546/2016/3111 2800/2011/3106
f 2800/2011/3106 3546/2016/3111 3545/2017/3112 2798/2014/3109
f 3520/1975/3067 2786/1974/3066 2798/2014/3109 3545/2017/3112
f 2794/2007/3102 2802/2018/3113 2796/2009/3104
f 3547/2015/3110 2796/2009/3104 2802/2018/3113
f 2799/2013/3108 2807/2019/3114 2808/2020/3115 2801/2012/3107
f 2795/2008/3103 2805/2021/3116 2804/2022/3117 2793/2006/3101
f 2797/2010/3105 2806/2023/3118 2805/2021/3116 2795/2008/3103
f 2793/2006/3101 2804/2022/3117 2803/2024/3119 2791/2004/3099
f 2801/2012/3107 2808/2020/3115 2806/2023/3118 2797/2010/3105
f 2789/2000/3095 2788/1999/3094 2791/2004/3099 2803/2024/3119
f 2784/1985/3080 2809/2025/3120 2785/1987/3082
f 2785/1987/3082 2809/2025/3120 2807/2019/3114 2799/2013/3108
f 2789/2000/3095 2810/2026/3121 2782/1981/3076
f 2782/1981/3076 2810/2026/3121 2783/1983/3078
f 2784/2027/3122 2811/2028/3123 2809/2029/3124
f 2809/2029/3124 2811/2028/3123 2807/2030/3125
f 2807/2030/3125 2811/2028/3123 2808/2031/3126
f 2808/2031/3126 2811/2028/3123 2806/2032/3127
f 2806/2032/3127 2811/2028/3123 2805/2033/3128
f 2805/2033/3128 2811/2028/3123 2804/2034/3129
f 2804/2034/3129 2811/2028/3123 2803/2035/3130
f 2803/2035/3130 2811/2028/3123 2789/2036/3131
f 2789/2036/3131 2811/2028/3123 2810/2037/3132
f 2810/2037/3132 2811/2028/3123 2783/2038/3133
f 2783/2038/3133 2811/2028/3123 2784/2027/3122
f 3562/2039/3134 3575/2040/3134 2826/2041/3135 2816/2042/3136
f 2816/2042/3136 2826/2041/3135 2825/2043/3137 2815/2044/3137
f 2828/2045/3138 2826/2046/3139 3575/2047/3140 3578/2048/3141
f 2829/2049/3142 2823/2050/3143 2825/2051/3144 2830/2052/3145
f 2831/2053/3146 2824/2054/3147 2823/2050/3143 2829/2049/3142
f 2832/2055/3148 2827/2056/3149 2824/2054/3147 2831/2053/3146
f 2818/2057/3150 2780/2057/3151 2832/2058/3148 2817/2059/3152
f 2830/2052/3145 2825/2051/3144 2826/2046/3139 2828/2045/3138
f 3521/2060/3153 3583/2061/3154 2839/2062/3155 2780/2057/3096
f 2812/2063/3156 2827/2064/3156 2780/2065/3156
f 2813/2066/3157 2824/2067/3157 2827/2064/3157 2812/2063/3157
f 2819/2068/3158 2836/2069/3159 2838/2070/3160 2817/2059/3152
f 2814/2071/3161 2823/2072/3161 2824/2067/3161 2813/2066/3161
f 2815/2044/3137 2825/2043/3137 2823/2072/3162 2814/2071/3162
f 2787/2059/3163 2840/2058/3164 2780/2057/3165
f 2840/2073/3164 2841/2074/3166 2813/2075/3167 2812/2076/3168
f 2842/2077/3169 2841/2078/3166 2790/2068/3170 2792/2079/3171
f 2842/2077/3169 2792/2079/3171 2794/2080/3172 2843/2081/3173
f 2843/2081/3173 2794/2080/3172 2802/2082/3174 2844/2083/3175
f 2844/2083/3175 2802/2082/3174 3547/2084/3176 3596/2085/3176
f 2821/2086/3177 2830/2081/3145 2828/2083/3138 2822/2082/3178
f 2817/2059/3152 2832/2058/3148 2831/2078/3146 2819/2068/3158
f 2819/2068/3158 2831/2078/3146 2829/2087/3142 2820/2079/3179
f 2820/2079/3179 2829/2087/3142 2830/2081/3145 2821/2086/3177
f 2822/2082/3178 2828/2083/3138 3578/2088/3141 3570/2084/3180
f 2780/2089/3151 2827/2056/3149 2832/2055/3148
f 2821/2086/3177 2834/2090/3181 2835/2091/3182 2820/2079/3179
f 3570/2084/3180 3597/2092/3183 2833/2093/3184 2822/2082/3178
f 2817/2059/3152 2838/2070/3160 2837/2062/3185 2818/2057/3150
f 2818/2057/3150 2837/2062/3185 2839/2062/3186 2780/2057/3151
f 2820/2079/3179 2835/2091/3182 2836/2069/3159 2819/2068/3158
f 2822/2082/3178 2833/2093/3184 2834/2090/3181 2821/2086/3177
f 2816/2094/3187 2844/2095/3175 3596/2096/3176 3562/2097/3188
f 2815/2098/3189 2843/2099/3173 2844/2095/3175 2816/2094/3187
f 2814/2100/3190 2842/2101/3169 2843/2099/3173 2815/2098/3189
f 2814/2100/3190 2813/2075/3167 2841/2074/3166 2842/2101/3169
f 2787/2059/3163 2790/2068/3170 2841/2078/3166 2840/2058/3164
f 2840/2073/3164 2812/2076/3168 2780/2089/3165
f 2863/2102/3191 2846/2103/3192 2850/2104/3193 2848/2105/3194
f 2846/2103/3192 2845/2106/3195 2852/2107/3196 2850/2104/3193
f 2845/2106/3195 2867/2108/3197 2854/2109/3198 2852/2107/3196
f 2866/2110/3199 2861/2111/3200 2862/2112/3201 2864/2113/3201
f 2848/2114/3202 2859/2115/3203 2861/2111/3200 2866/2110/3199
f 2867/2108/3197 2868/2106/3204 2856/2107/3205 2854/2109/3198
f 2859/2115/3203 2848/2114/3202 2850/2116/3206 2857/2117/3207
f 2852/2118/3208 2856/2119/3209 2857/2117/3207 2850/2116/3206
f 2868/2106/3204 2869/2103/3210 2857/2104/3211 2856/2107/3205
f 2853/2120/3212 2851/2121/3213 2855/2122/3214
f 2860/2123/3215 2865/2124/3216 2864/2125/3217 2862/2126/3217
f 2869/2103/3210 2870/2102/3218 2859/2105/3219 2857/2104/3211
f 2849/2127/3220 2884/2128/3221 2855/2122/3214 2851/2121/3213
f 2854/2129/3222 2856/2119/3209 2852/2118/3208
f 2870/2102/3218 2871/2130/3223 2861/2131/3224 2859/2105/3219
f 2847/2132/3225 2849/2133/3226 2846/2103/3227 2863/2102/3228
f 2849/2133/3226 2851/2134/3229 2845/2106/3230 2846/2103/3227
f 2871/2130/3223 2862/2135/3231 2861/2131/3224
f 2851/2134/3229 2853/2136/3232 2867/2108/3233 2845/2106/3230
f 2853/2136/3232 2855/2134/3234 2868/2106/3235 2867/2108/3233
f 2858/2137/3236 2847/2138/3237 2865/2124/3216 2860/2123/3215
f 2855/2134/3234 2884/2133/3238 2869/2103/3239 2868/2106/3235
f 2884/2133/3238 2858/2132/3240 2870/2102/3241 2869/2103/3239
f 2847/2138/3237 2858/2137/3236 2884/2128/3221 2849/2127/3220
f 2858/2132/3240 2860/2139/3242 2871/2130/3243 2870/2102/3241
f 2860/2139/3242 2862/2135/3244 2871/2130/3243
f 2864/2135/3245 2872/2130/3246 2866/2131/3247
f 2864/2135/3248 2865/2139/3249 2872/2130/3250
f 2865/2139/3249 2847/2132/3225 2863/2102/3228 2872/2130/3250
f 2872/2130/3246 2863/2102/3191 2848/2105/3194 2866/2131/3247
f 2888/2102/3251 2874/2103/3252 2878/2104/3253 2876/2105/3254
f 2874/2103/3252 2873/2106/3255 2880/2107/3256 2878/2104/3253
f 2873/2106/3255 2892/2108/3257 2853/2109/3258 2880/2107/3256
f 2891/2110/3259 2860/2111/3260 2887/2112/3261 2889/2113/3261
f 2876/2114/3262 2858/2115/3263 2860/2111/3260 2891/2110/3259
f 2892/2108/3257 2893/2106/3264 2855/2107/3265 2853/2109/3258
f 2858/2115/3263 2876/2114/3262 2878/2116/3266 2884/2117/3267
f 2880/2118/3268 2855/2119/3269 2884/2117/3267 2878/2116/3266
f 2893/2106/3264 2894/2103/3270 2884/2104/3271 2855/2107/3265
f 2881/2120/3272 2879/2121/3273 2882/2122/3274
f 2886/2123/3275 2890/2124/3276 2889/2125/3277 2887/2126/3277
f 2894/2103/3270 2895/2102/3278 2858/2105/3279 2884/2104/3271
f 2877/2127/3280 2883/2128/3280 2882/2122/3274 2879/2121/3273
f 2853/2129/3281 2855/2119/3269 2880/2118/3268
f 2895/2102/3278 2896/2130/3282 2860/2131/3283 2858/2105/3279
f 2875/2132/3284 2877/2133/3285 2874/2103/3286 2888/2102/3287
f 2877/2133/3285 2879/2134/3288 2873/2106/3289 2874/2103/3286
f 2896/2130/3282 2887/2135/3290 2860/2131/3283
f 2879/2134/3288 2881/2136/3291 2892/2108/3292 2873/2106/3289
f 2881/2136/3291 2882/2134/3293 2893/2106/3294 2892/2108/3292
f 2885/2137/3295 2875/2138/3296 2890/2124/3276 2886/2123/3275
f 2882/2134/3293 2883/2133/3297 2894/2103/3298 2893/2106/3294
f 2883/2133/3297 2885/2132/3299 2895/2102/3300 2894/2103/3298
f 2875/2138/3296 2885/2137/3295 2883/2128/3280 2877/2127/3280
f 2885/2132/3299 2886/2139/3301 2896/2130/3302 2895/2102/3300
f 2886/2139/3301 2887/2135/3303 2896/2130/3302
f 2889/2135/3304 2897/2130/3305 2891/2131/3306
f 2889/2135/3307 2890/2139/3308 2897/2130/3309
f 2890/2139/3308 2875/2132/3284 2888/2102/3287 2897/2130/3309
f 2897/2130/3305 2888/2102/3251 2876/2105/3254 2891/2131/3306
f 2917/2102/3310 2899/2103/3311 2903/2104/3312 2901/2105/3313
f 2899/2103/3311 2898/2106/3314 2905/2107/3315 2903/2104/3312
f 2898/2106/3314 2921/2108/3316 2907/2109/3317 2905/2107/3315
f 2920/2110/3318 2915/2111/3319 2916/2112/3320 2918/2113/3320
f 2901/2114/3321 2913/2115/3322 2915/2111/3319 2920/2110/3318
f 2921/2108/3316 2922/2106/3323 2909/2107/3324 2907/2109/3317
f 2913/2115/3322 2901/2114/3321 2903/2116/3325 2911/2117/3325
f 2905/2118/3326 2909/2119/3327 2911/2117/3325 2903/2116/3325
f 2922/2106/3323 2923/2103/3328 2911/2104/3329 2909/2107/3324
f 2906/2120/3330 2904/2121/3331 2908/2122/3332
f 2914/2123/3333 2919/2124/3334 2918/2125/3335 2916/2126/3335
f 2923/2103/3328 2924/2102/3336 2913/2105/3337 2911/2104/3329
f 2902/2127/3338 2910/2128/3339 2908/2122/3332 2904/2121/3331
f 2907/2129/3340 2909/2119/3327 2905/2118/3326
f 2924/2102/3336 2925/2130/3341 2915/2131/3342 2913/2105/3337
f 2900/2132/3343 2902/2133/3344 2899/2103/3345 2917/2102/3346
f 2902/2133/3344 2904/2134/3347 2898/2106/3348 2899/2103/3345
f 2925/2130/3341 2916/2135/3349 2915/2131/3342
f 2904/2134/3347 2906/2136/3350 2921/2108/3351 2898/2106/3348
f 2906/2136/3350 2908/2134/3352 2922/2106/3353 2921/2108/3351
f 2912/2137/3354 2900/2138/3355 2919/2124/3334 2914/2123/3333
f 2908/2134/3352 2910/2133/3356 2923/2103/3357 2922/2106/3353
f 2910/2133/3356 2912/2132/3358 2924/2102/3359 2923/2103/3357
f 2900/2138/3355 2912/2137/3354 2910/2128/3339 2902/2127/3338
f 2912/2132/3358 2914/2139/3360 2925/2130/3361 2924/2102/3359
f 2914/2139/3360 2916/2135/3362 2925/2130/3361
f 2918/2135/3363 2926/2130/3364 2920/2131/3365
f 2918/2135/3366 2919/2139/3367 2926/2130/3368
f 2919/2139/3367 2900/2132/3343 2917/2102/3346 2926/2130/3368
f 2926/2130/3364 2917/2102/3310 2901/2105/3313 2920/2131/3365
f 3723/2140/3369 2946/2141/3370 2937/2142/3371 3719/2143/3372
f 3702/2144/3373 2948/2145/3374 2938/2146/3375 3720/2147/3376
f 3720/2147/3376 2938/2146/3375 2928/2148/3377 3718/2149/3378
f 2938/2146/3375 2929/2150/3379 2927/2151/3380 2928/2148/3377
f 2948/2145/3374 2947/2152/3381 2929/2150/3379 2938/2146/3375
f 2946/2141/3370 2945/2153/3382 2930/2154/3383 2937/2142/3371
f 2945/2153/3382 2936/2155/3384 2939/2156/3385 2930/2154/3383
f 2947/2152/3381 2949/2157/3386 2940/2158/3387 2929/2150/3379
f 2929/2150/3379 2940/2158/3387 2932/2159/3388 2927/2151/3380
f 2944/2160/3389 2941/2161/3390 2933/2162/3391 2931/2163/3392
f 2943/2164/3393 2934/2165/3394 2941/2161/3390 2944/2160/3389
f 3698/2166/3395 3721/2167/3396 2934/2165/3394 2943/2164/3393
f 2927/2151/3380 2932/2159/3388 2942/2168/3397 2928/2148/3377
f 2928/2148/3377 2942/2168/3397 3722/2169/3398 3718/2149/3378
f 2953/2170/3399 2943/2171/3393 2944/2172/3389 2951/2173/3400
f 2951/2173/3400 2944/2172/3389 2931/2174/3392 2935/2175/3401
f 2952/2171/3402 2950/2172/3403 2945/2173/3382 2946/2170/3370
f 3724/2176/3404 2952/2171/3402 2946/2170/3370 3723/2177/3369
f 3707/2177/3405 3698/2176/3395 2943/2171/3393 2953/2170/3399
f 2930/2154/3383 2939/2178/3385 2949/2157/3386 2947/2152/3381
f 2937/2142/3371 2930/2154/3383 2947/2152/3381 2948/2145/3374
f 3719/2143/3372 2937/2142/3371 2948/2145/3374 3702/2144/3373
f 3724/2179/3404 3707/2180/3405 2953/2181/3399 2952/2182/3402
f 2951/2183/3400 2950/2184/3403 2952/2182/3402 2953/2181/3399
f 2950/2184/3403 2951/2183/3400 2935/2185/3401 2955/2186/3406
f 2941/2161/3390 2959/2187/3407 2957/2188/3408 2933/2162/3391
f 2933/2189/3409 2956/2190/3410 2960/2191/3411 2931/2192/3412
f 3721/2167/3396 3715/2193/3413 2958/2194/3414 2934/2165/3394
f 3725/2195/3415 3717/2195/3416 2954/2195/3417 2957/2195/3418
f 2957/2195/3418 2959/2195/3419 3725/2195/3415
f 2958/2195/3420 3725/2195/3415 2959/2195/3419
f 3725/2195/3415 2958/2195/3420 3715/2195/3421
f 2934/2165/3394 2958/2194/3414 2959/2187/3407 2941/2161/3390
f 3717/2195/3416 3728/2195/3422 2961/2195/3423 2954/2195/3417
f 2950/2172/3403 2955/2174/3406 2936/2175/3384 2945/2173/3382
f 2936/2196/3424 2966/2197/3425 3059/2198/3426 2939/2199/3427
f 2932/2200/3428 3053/2201/3429 2963/2202/3430 2942/2203/3431
f 3052/2204/3432 3009/2205/3432 3054/2206/3432
f 2949/2207/3433 2964/2208/3434 2962/2209/3435 2940/2210/3436
f 2942/2203/3431 2963/2202/3430 3732/2211/3437 3722/2212/3438
f 2955/2213/3439 2965/2214/3440 2966/2197/3425 2936/2196/3424
f 2935/2215/3441 2965/2214/3440 2955/2213/3439
f 3060/2216/3442 3058/2217/3442 2967/2218/3442
f 2931/2192/3412 2960/2191/3411 2965/2214/3440 2935/2215/3441
f 3736/2219/3443 3742/2220/3443 2973/2221/3444 2968/2222/3445
f 2971/2223/3446 2977/2224/3447 2978/2225/3448 2972/2226/3448
f 2968/2222/3445 2973/2221/3444 2974/2227/3449 2988/2228/3449
f 2970/2229/3450 2976/2230/3450 2977/2224/3447 2971/2223/3446
f 2968/2222/3451 2980/2231/3451 3750/2232/3452 3736/2219/3452
f 2972/2226/3453 2985/2233/3453 2984/2234/3454 2971/2223/3455
f 2970/2229/3456 2983/2235/3457 2982/2236/3458 2987/2237/3458
f 2971/2223/3455 2984/2234/3454 2983/2235/3457 2970/2229/3456
f 2969/2238/3459 2986/2239/3460 2988/2228/3461
f 2969/2238/3462 2979/2240/3463 2987/2237/3464
f 2982/2236/3465 2986/2239/3466 2987/2237/3467
f 2986/2241/3468 2982/2242/3468 2981/2243/3468
f 2979/2244/3469 2974/2245/3469 2975/2246/3469
f 2973/2247/3470 3742/2248/3471 3758/2249/3472
f 2974/2245/3473 2973/2247/3470 3758/2249/3472
f 2974/2245/3473 3758/2249/3472 2975/2246/3474
f 2976/2250/3475 2975/2246/3474 3758/2249/3472
f 2977/2251/3476 2976/2250/3475 3758/2249/3472
f 2978/2252/3477 2977/2251/3476 3758/2249/3472
f 2985/2253/3478 3759/2254/3479 2984/2255/3480
f 2984/2255/3480 3759/2254/3479 2983/2256/3481
f 2983/2256/3481 3759/2254/3479 2982/2242/3482
f 2981/2243/3483 2982/2242/3482 3759/2254/3479
f 2981/2243/3483 3759/2254/3479 2980/2257/3484
f 2980/2257/3484 3759/2254/3479 3750/2258/3485
f 2974/2227/3486 2979/2240/3487 2988/2228/3488
f 2981/2259/3489 2980/2231/3451 2968/2222/3451 2988/2228/3489
f 2975/2260/3490 2976/2230/3450 2970/2229/3450 2987/2237/3490
f 3762/2261/3491 2989/2262/3492 3767/2263/3493
f 2989/2264/3494 3762/2265/3494 3003/2266/3494
f 3003/2266/3495 3025/2267/3496 2990/2268/3497
f 3026/2269/3498 3025/2267/3496 2997/2270/3499 2998/2271/3500
f 3027/2272/3501 3026/2269/3498 2998/2271/3500 2999/2273/3502
f 3028/2274/3503 3027/2272/3501 2999/2273/3502 3000/2275/3504
f 3029/2276/3505 3028/2274/3503 3000/2275/3504 3002/2277/3506
f 3030/2278/3507 3029/2276/3505 3002/2277/3506 3001/2279/3508
f 3762/2265/3509 3819/2280/3510 3032/2281/3511
f 3003/2266/3512 2990/2268/3512 2989/2264/3512
f 3762/2265/3509 3032/2281/3511 3025/2267/3496 3003/2266/3495
f 2991/2282/3513 2989/2262/3492 2990/2283/3514
f 2994/2284/3515 3786/2285/3516 3785/2286/3517 2993/2287/3518
f 2992/2288/3519 3784/2289/3520 3783/2290/3521 2991/2282/3513
f 2995/2291/3522 3787/2292/3523 3786/2285/3516 2994/2284/3515
f 2991/2282/3513 3783/2290/3521 3767/2263/3493 2989/2262/3492
f 2993/2287/3518 3785/2286/3517 3784/2289/3520 2992/2288/3519
f 2940/2210/3436 2962/2209/3435 3053/2201/3429 2932/2200/3428
f 2963/2202/3430 3788/2293/3524 3732/2211/3437
f 3004/2294/3525 3766/2295/3525 3791/2296/3525
f 3004/2294/3526 3791/2296/3526 3789/2297/3526
f 3005/2298/3527 3056/2299/3528 3010/2300/3529 3014/2301/3530
f 2962/2209/3435 3009/2302/3531 3052/2303/3532 3053/2201/3429
f 3005/2298/3533 3766/2304/3533 3004/2305/3534 3056/2306/3528
f 3006/2307/3535 3765/2308/3535 3766/2304/3533 3005/2298/3533
f 3007/2309/3536 3764/2310/3536 3765/2308/3536 3006/2307/3536
f 2939/2199/3427 3059/2198/3426 2964/2208/3434 2949/2207/3433
f 2964/2208/3434 3009/2302/3531 2962/2209/3435
f 3789/2311/3537 3788/2312/3537 3055/2313/3538 3056/2306/3528 3004/2305/3534
f 3051/2314/3539 3055/2313/3539 3788/2312/3539
f 2966/2197/3425 2967/2315/3540 3058/2316/3541 3059/2198/3426
f 3062/2317/3542 3024/2318/3543 3014/2301/3544 3012/2319/3545
f 3011/2297/3546 3013/2296/3546 3010/2294/3546
f 3012/2320/3547 3013/2296/3547 3011/2297/3547
f 3008/2321/3548 3005/2298/3527 3014/2301/3530 3015/2322/3548
f 3005/2298/3549 3008/2321/3549 3007/2309/3549 3006/2307/3549
f 3763/2323/3550 3775/2324/3551 3794/2309/3552
f 3794/2309/3552 3775/2324/3551 3776/2270/3553
f 2999/2273/3554 2998/2271/3555 3008/2321/3556
f 3000/2275/3557 2999/2273/3554 3008/2321/3556 3015/2322/3558
f 3000/2275/3557 3015/2322/3558 3014/2301/3544 3002/2277/3559
f 3013/2296/3560 3014/2295/3560 3010/2294/3560
f 3012/2320/3561 3014/2295/3561 3013/2296/3561
f 2956/2190/3410 2967/2315/3540 2960/2191/3411
f 3011/2325/3562 3009/2205/3562 4231/2326/3563 3061/2327/3564 3062/2317/3542 3012/2319/3545
f 2960/2191/3411 2967/2315/3540 2965/2214/3440
f 2965/2214/3440 2967/2315/3540 2966/2197/3425
f 3061/2327/3565 4231/2326/3565 4232/2328/3565 3057/2329/3565
f 2933/2330/3566 3017/2331/3566 3018/2332/3566 2956/2333/3566
f 3018/2332/3567 2967/2218/3567 2956/2333/3567
f 3020/2320/3568 3021/2296/3568 3016/2297/3568
f 3016/2334/3569 2967/2218/3570 3018/2332/3571 3020/2335/3572
f 3024/2318/3543 3062/2317/3542 3019/2336/3573 3022/2337/3574
f 3019/2294/3575 3016/2297/3575 3021/2296/3575
f 3020/2320/3576 3022/2295/3576 3021/2296/3576
f 3021/2296/3577 3022/2295/3577 3019/2294/3577
f 3023/2338/3578 3031/2339/3579 3024/2318/3543 3022/2337/3574
f 3016/2334/3569 3019/2336/3573 3062/2340/3542 3060/2216/3580 2967/2218/3570
f 3001/2279/3508 3002/2277/3559 3014/2301/3544 3024/2318/3543
f 3030/2278/3507 3031/2339/3579 3023/2338/3578 2995/2341/3581
f 3022/2337/3574 3020/2335/3572 3017/2331/3582 3023/2338/3578
f 3017/2331/3582 3020/2335/3572 3018/2332/3571
f 3010/2300/3529 3056/2342/3528 3054/2206/3583 3009/2205/3562 3011/2325/3562
f 3001/2279/3508 3024/2318/3543 3031/2339/3579 3030/2278/3507
f 2995/2341/3581 2994/2343/3584 3029/2276/3505 3030/2278/3507
f 2994/2343/3584 2993/2344/3585 3028/2274/3503 3029/2276/3505
f 2993/2344/3585 2992/2345/3586 3027/2272/3501 3028/2274/3503
f 2992/2345/3586 2991/2346/3587 3026/2269/3498 3027/2272/3501
f 2991/2346/3587 2990/2268/3497 3025/2267/3496 3026/2269/3498
f 3819/2280/3510 3763/2323/3588 2996/2324/3589 3032/2281/3511
f 3032/2281/3511 2996/2324/3589 2997/2270/3499 3025/2267/3496
f 3822/2347/3590 3037/2348/3590 3821/2349/3590
f 3036/2350/3591 3037/2348/3591 3822/2347/3591
f 3035/2351/3592 3036/2350/3592 3822/2347/3592
f 3034/2352/3593 3035/2351/3593 3822/2347/3593
f 3033/2353/3594 3034/2352/3594 3822/2347/3594
f 3823/2354/3595 3033/2353/3595 3822/2347/3595
f 3036/2355/3596 3035/2356/3596 3034/2357/3596 3033/2358/3596 3823/2359/3597 3821/2360/3597 3037/2361/3596
f 2775/1945/3037 2768/1956/3048 2767/1943/3035
f 3039/1971/3063 2774/1944/3036 2767/1943/3035 3038/1972/3064
f 3038/1952/3044 2767/1953/3045 2760/1935/3027 2759/1933/3025
f 2778/1961/3598 3045/1988/3083 3040/1973/3065 2779/1963/3599
f 2777/1959/3600 3044/1986/3081 3045/1988/3083 2778/1961/3598
f 2776/1957/3601 3043/1984/3079 3044/1986/3081 2777/1959/3600
f 2775/1945/3602 3042/1982/3077 3043/1984/3079 2776/1957/3601
f 2774/1944/3603 3041/1979/3073 3042/1982/3077 2775/1945/3602
f 2779/1963/3599 3040/1973/3065 3831/1976/3068 3511/1965/3604
f 3046/1978/3071 2780/2001/3096 2781/1980/3075 3041/1979/3073
f 3041/1979/3073 2774/1944/3603 3039/1971/3074
f 3839/1977/3070 3521/2362/3153 2780/2001/3096 3046/1978/3071
f 3872/2363/3605 3047/2364/3606 3875/2365/3607
f 3876/2366/3608 3875/2365/3607 3047/2364/3606 3048/2367/3609
f 3877/2368/3610 3049/2364/3611 3880/2369/3612
f 3881/2370/3613 3880/2369/3612 3049/2364/3611 3050/2367/3614
f 3051/2371/3615 3053/2201/3429 3052/2303/3532
f 3054/2206/3583 3056/2342/3528 3055/2299/3538
f 3054/2206/3616 3055/2313/3616 3051/2314/3616 3052/2204/3616
f 3051/2371/3615 3788/2293/3524 2963/2202/3430 3053/2201/3429
f 3057/2372/3617 3059/2198/3426 3058/2316/3541
f 3060/2216/3580 3062/2340/3542 3061/2317/3564
f 3057/2329/3618 3058/2217/3618 3060/2216/3618 3061/2327/3618
f 3057/2372/3617 4232/2373/3619 3009/2302/3531 2964/2208/3434 3059/2198/3426
f 2480/1642/2647 3078/1712/2760 3064/1699/2747 2466/1596/2642
f 2479/1596/2587 3077/1711/2759 3063/1697/2745 2465/1629/2624
f 2478/1638/2643 3076/1710/2758 3078/1712/2760 2480/1642/2647
f 2477/1599/2590 3075/1709/2757 3077/1711/2759 2479/1596/2587
f 2476/1632/2639 3074/1708/2756 3076/1710/2758 2478/1638/2643
f 2475/1595/2634 3073/1707/2755 3075/1709/2757 2477/1599/2590
f 2474/1634/2637 3072/1706/2754 3074/1708/2756 2476/1632/2639
f 2473/1592/2583 3071/1704/2752 3073/1707/2755 2475/1595/2634
f 2472/1634/2631 3070/1703/2751 3065/1705/2753 2467/1637/2636
f 2467/1637/2636 3065/1705/2753 3072/1706/2754 2474/1634/2637
f 2471/1595/2586 3069/1702/2750 3071/1704/2752 2473/1592/2583
f 2470/1632/2629 3068/1701/2749 3070/1703/2751 2472/1634/2631
f 2469/1599/2628 3067/1700/2748 3069/1702/2750 2471/1595/2586
f 2468/1630/2625 3066/1698/2746 3068/1701/2749 2470/1632/2629
f 2466/1596/2642 3064/1699/2747 3067/1700/2748 2469/1599/2628
f 2465/1629/2624 3063/1697/2745 3066/1698/2746 2468/1630/2625
f 3049/2364/3620 3879/2374/3620 3878/2375/3620 3050/2367/3620
f 3049/2364/3621 3877/2368/3621 3879/2374/3621
f 3047/2364/3622 3874/2376/3622 3873/2375/3622 3048/2367/3622
f 3047/2364/3623 3872/2363/3623 3874/2376/3623
f 4118/2377/3624 3165/1491/3625 3178/1490/3626 4131/2378/3627
f 3139/1492/3628 3138/1495/3629 3103/1494/3630 3102/1493/3631
f 3141/1496/3632 3140/1499/3633 3096/1498/3634 3095/1497/3635
f 3138/1495/3629 3142/1501/3636 3104/1500/3636 3103/1494/3630
f 3140/1499/3633 3143/1503/3637 3097/1502/3638 3096/1498/3634
f 3142/1501/3636 3144/1505/3639 3105/1504/3640 3104/1500/3636
f 3143/1503/3637 3145/1507/3641 3098/1506/3641 3097/1502/3638
f 3147/1508/3642 3146/1510/3643 3091/1504/3644 3090/1509/3645
f 3144/1505/3639 3147/1511/3642 3090/1509/3645 3105/1504/3640
f 3145/1512/3641 3148/1513/3646 3099/1502/3646 3098/1506/3641
f 3146/1510/3643 3149/1514/3647 3092/1500/3647 3091/1504/3644
f 3148/1513/3646 3150/1515/3648 3100/1498/3649 3099/1502/3646
f 3149/1514/3647 3151/1517/3650 3093/1516/3651 3092/1500/3647
f 3150/1515/3648 3152/1518/3652 3101/1497/3653 3100/1498/3649
f 3151/1517/3650 3153/1520/3654 3094/1519/3654 3093/1516/3651
f 3152/1518/3652 3139/1492/3628 3102/1493/3631 3101/1497/3653
f 3153/1520/3654 3141/1496/3632 3095/1497/3635 3094/1519/3654
f 3123/1521/3655 3122/1524/3656 3118/1523/3657 3117/1522/3658
f 3125/1525/3659 3124/1521/3660 3111/1522/3661 3110/1526/3662
f 3122/1524/3656 3126/1528/3663 3119/1527/3663 3118/1523/3657
f 3124/1521/3660 3127/1530/3664 3112/1529/3664 3111/1522/3661
f 3126/1528/3663 3128/1532/3665 3120/1531/3666 3119/1527/3663
f 3127/1530/3664 3129/1534/3667 3113/1533/3668 3112/1529/3664
f 3128/1532/3665 3130/1536/3669 3121/1535/3670 3120/1531/3666
f 3131/1537/3671 3134/1534/3672 3283/1538/3673
f 3133/1539/3674 3132/1536/3675 3107/1535/3675 3106/1540/3674
f 3130/1536/3669 3133/1539/3674 3106/1540/3674 3121/1535/3670
f 3114/1541/3676 3115/1544/3677 3286/1543/3678 3285/1542/3679
f 3132/1536/3675 3135/1532/3680 3108/1531/3680 3107/1535/3675
f 3134/1534/3672 3136/1530/3681 3116/1529/3682 3115/1533/3683
f 3135/1532/3680 3137/1546/3684 3109/1545/3685 3108/1531/3680
f 3136/1530/3681 3123/1521/3655 3117/1522/3658 3116/1529/3682
f 3137/1546/3684 3125/1525/3659 3110/1526/3662 3109/1545/3685
f 4117/1547/3686 4103/2379/3687 3125/1525/3688 3137/1546/3689
f 4116/2380/3690 4102/2381/3691 3123/1521/3692 3136/1530/3693
f 4115/1551/3694 4117/1547/3686 3137/1546/3689 3135/1532/3695
f 4114/2382/3696 4116/2380/3690 3136/1530/3693 3134/1534/3697
f 4113/2383/3698 4115/1551/3694 3135/1532/3695 3132/1536/3699
f 4112/2384/3700 4114/2382/3696 3134/1534/3697 3131/1537/3701
f 4111/2385/3702 4104/2386/3703 3133/1539/3703 3130/1536/3704
f 4104/2386/3703 4113/2383/3698 3132/1536/3699 3133/1539/3703
f 4110/2387/3705 4112/2384/3700 3131/1537/3701 3129/1534/3706
f 4109/2388/3707 4111/2385/3702 3130/1536/3704 3128/1532/3707
f 4108/2389/3708 4110/2387/3705 3129/1534/3706 3127/1530/3709
f 4107/2390/3710 4109/2388/3707 3128/1532/3707 3126/1528/3711
f 4106/2391/3712 4108/2389/3708 3127/1530/3709 3124/1521/3713
f 4105/2392/3714 4107/2390/3710 3126/1528/3711 3122/1524/3715
f 4103/2379/3687 4106/2391/3712 3124/1521/3713 3125/1525/3688
f 3083/1563/3716 3084/1566/3717 3238/1565/3718 3229/1564/3719
f 3177/1567/3720 3179/1568/3721 3141/1496/3721 3153/1520/3720
f 3176/1568/3722 3178/1490/3723 3139/1492/3724 3152/1518/3725
f 3175/1569/3726 3177/1567/3720 3153/1520/3720 3151/1517/3726
f 3174/1570/3727 3176/1568/3722 3152/1518/3725 3150/1515/3728
f 3173/1571/3729 3175/1569/3726 3151/1517/3726 3149/1514/3730
f 3172/1572/3731 3174/1570/3727 3150/1515/3728 3148/1513/3732
f 3171/1573/3733 3173/1571/3729 3149/1514/3730 3146/1510/3734
f 3170/1574/3735 3172/1572/3731 3148/1513/3732 3145/1512/3736
f 3169/1573/3737 3180/1575/3738 3147/1511/3739 3144/1505/3740
f 3180/1575/3738 3171/1573/3733 3146/1510/3734 3147/1508/3739
f 3168/1572/3741 3170/1574/3735 3145/1507/3736 3143/1503/3741
f 3167/1571/3742 3169/1573/3737 3144/1505/3740 3142/1501/3743
f 3166/1570/3744 3168/1572/3741 3143/1503/3741 3140/1499/3745
f 3165/1491/3746 3167/1571/3742 3142/1501/3743 3138/1495/3747
f 3179/1568/3721 3166/1570/3744 3140/1499/3745 3141/1496/3721
f 4119/2393/3748 3166/1570/3749 3179/1568/3750 4132/2394/3751
f 4120/2395/3752 3167/1571/3753 3165/1491/3625 4118/2377/3624
f 4121/1579/3754 3168/1572/3755 3166/1570/3749 4119/2393/3748
f 4122/2396/3756 3169/1573/3757 3167/1571/3753 4120/2395/3752
f 4123/1581/3758 3170/1574/3759 3168/1572/3755 4121/1579/3754
f 4124/2397/3760 3171/1573/3761 3180/1575/3762 4133/1582/3763
f 4133/1582/3763 4122/2396/3756 3217/1584/3764 3228/1583/3765
f 4125/1579/3766 3172/1572/3767 3170/1574/3759 4123/1581/3758
f 4126/2398/3768 3173/1571/3769 3171/1573/3761 4124/2397/3760
f 4127/1576/3770 3174/1570/3771 3172/1572/3767 4125/1579/3766
f 4128/1587/3772 3175/1569/3773 3173/1571/3769 4126/2398/3768
f 4129/2394/3774 3176/1568/3775 3174/1570/3771 4127/1576/3770
f 4130/2399/3776 3177/1567/3777 3175/1569/3773 4128/1587/3772
f 4131/2378/3627 4129/2394/3774 3224/1590/3778 3226/1589/3779
f 4132/2394/3751 4130/2399/3776 3225/1591/3780 3227/1590/3781
f 3178/1490/3723 3165/1491/3746 3138/1495/3747 3139/1492/3724
f 3205/1592/3782 3203/1595/3783 3244/1594/3784 3243/1593/3785
f 3211/1596/3786 3209/1599/3787 3241/1598/3788 3240/1597/3789
f 3277/1600/3790 3279/1603/3791 3182/1602/3792 3196/1601/3793
f 3276/1604/3794 3278/1607/3795 3181/1606/3796 3195/1605/3797
f 3275/1608/3798 3277/1600/3790 3196/1601/3793 3194/1609/3799
f 3274/1610/3800 3276/1604/3794 3195/1605/3797 3193/1611/3801
f 3273/1612/3802 3275/1608/3798 3194/1609/3799 3192/1613/3803
f 3272/1614/3804 3274/1610/3800 3193/1611/3801 3191/1615/3805
f 3271/1616/3806 3273/1612/3802 3192/1613/3803 3190/1617/3807
f 3270/1618/3808 3272/1614/3804 3191/1615/3805 3189/1619/3809
f 3269/1616/3810 3280/1622/3811 3183/1621/3812 3188/1620/3813
f 3280/1622/3811 3271/1616/3806 3190/1617/3807 3183/1621/3812
f 3268/1614/3814 3270/1618/3808 3189/1619/3809 3187/1623/3815
f 3267/1612/3816 3269/1616/3810 3188/1620/3813 3186/1624/3817
f 3266/1610/3818 3268/1614/3814 3187/1623/3815 3185/1625/3819
f 3265/1626/3820 3267/1612/3816 3186/1624/3817 3184/1627/3821
f 3279/1603/3791 3266/1610/3818 3185/1625/3819 3182/1602/3792
f 3278/1607/3795 3265/1626/3820 3184/1627/3821 3181/1606/3796
f 3239/1628/3822 3236/1631/3823 3200/1630/3824 3197/1629/3825
f 3203/1595/3783 3201/1599/3826 3154/1598/3827 3244/1594/3784
f 3236/1631/3823 3235/1633/3828 3202/1632/3829 3200/1630/3824
f 3235/1633/3828 3234/1635/3830 3204/1634/3831 3202/1632/3829
f 3209/1599/3787 3207/1595/3832 3242/1594/3833 3241/1598/3788
f 3237/1636/3834 3233/1635/3835 3206/1634/3836 3199/1637/3837
f 3234/1635/3830 3237/1636/3834 3199/1637/3837 3204/1634/3831
f 3233/1635/3835 3232/1633/3838 3208/1632/3839 3206/1634/3836
f 3201/1599/3826 3198/1596/3840 3155/1597/3841 3154/1598/3827
f 3232/1633/3838 3231/1639/3842 3210/1638/3843 3208/1632/3839
f 3238/1565/3718 3084/1566/3717 3163/1641/3844 3157/1640/3845
f 3231/1639/3842 3229/1564/3719 3212/1642/3846 3210/1638/3843
f 3230/1565/3847 3239/1628/3822 3197/1629/3825 3211/1596/3786
f 3229/1564/3719 3238/1565/3718 3198/1596/3840 3212/1642/3846
f 3196/1601/3793 3182/1602/3792 3227/1590/3848 3225/1591/3849
f 3195/1605/3797 3181/1606/3796 3226/1589/3850 3224/1590/3851
f 3194/1609/3799 3196/1601/3793 3225/1591/3849 3223/1643/3852
f 3193/1611/3801 3195/1605/3797 3224/1590/3851 3222/1644/3853
f 3192/1613/3803 3194/1609/3799 3223/1643/3852 3221/1645/3854
f 3191/1615/3805 3193/1611/3801 3222/1644/3853 3220/1646/3855
f 3190/1617/3807 3192/1613/3803 3221/1645/3854 3219/1584/3856
f 3189/1619/3809 3191/1615/3805 3220/1646/3855 3218/1647/3857
f 3188/1620/3813 3183/1621/3812 3228/1583/3858 3217/1584/3859
f 3183/1621/3812 3190/1617/3807 3219/1584/3856 3228/1583/3858
f 3187/1623/3815 3189/1619/3809 3218/1647/3857 3216/1646/3860
f 3186/1624/3817 3188/1620/3813 3217/1584/3859 3215/1645/3861
f 3185/1625/3819 3187/1623/3815 3216/1646/3860 3214/1644/3862
f 3184/1627/3821 3186/1624/3817 3215/1645/3861 3213/1648/3863
f 3182/1602/3792 3185/1625/3819 3214/1644/3862 3227/1590/3848
f 3181/1606/3796 3184/1627/3821 3213/1648/3863 3226/1589/3850
f 3241/1649/3864 3242/1652/3865 3248/1651/3866 3247/1650/3867
f 3086/1653/3868 3087/1654/3869 3236/1631/3823 3239/1628/3822
f 3087/1654/3869 3088/1655/3870 3235/1633/3828 3236/1631/3823
f 3198/1596/3840 3238/1565/3718 3157/1640/3845 3155/1597/3841
f 3088/1655/3870 3089/1656/3871 3234/1635/3830 3235/1633/3828
f 3207/1595/3832 3205/1592/3782 3243/1593/3785 3242/1594/3833
f 3079/1657/3872 3080/1656/3873 3233/1635/3835 3237/1636/3834
f 3089/1656/3871 3079/1657/3872 3237/1636/3834 3234/1635/3830
f 3085/1566/3874 3230/1565/3847 3156/1640/3875 3158/1641/3876
f 3080/1656/3873 3081/1655/3877 3232/1633/3838 3233/1635/3835
f 3081/1655/3877 3082/1658/3878 3231/1639/3842 3232/1633/3838
f 3230/1565/3847 3211/1596/3786 3240/1597/3789 3156/1640/3875
f 3082/1658/3878 3083/1563/3716 3229/1564/3719 3231/1639/3842
f 3085/1566/3874 3086/1653/3868 3239/1628/3822 3230/1565/3847
f 4102/2381/3691 4105/2392/3714 3122/1524/3715 3123/1521/3692
f 3080/1659/3879 3079/1661/3880 3245/1660/3881
f 3079/1661/3880 3089/1662/3882 3245/1660/3881
f 3089/1662/3882 3088/1663/3883 3245/1660/3881
f 3088/1663/3883 3087/1664/3884 3245/1660/3881
f 3087/1664/3884 3086/1665/3885 3245/1660/3881
f 3086/1665/3885 3085/1666/3886 3245/1660/3881
f 3085/1666/3886 3158/1667/3887 3245/1660/3881
f 3158/1667/3887 3159/1668/3888 3245/1660/3881
f 3243/1669/3889 3244/1652/3890 3250/1651/3891 3249/1670/3892
f 3154/1649/3893 3155/1672/3894 3162/1671/3895 3164/1650/3896
f 3155/1672/3894 3157/1674/3897 3160/1673/3898 3162/1671/3895
f 3240/1672/3899 3241/1649/3864 3247/1650/3867 3246/1671/3900
f 3159/1668/3888 3163/1675/3901 3245/1660/3881
f 3163/1675/3901 3084/1676/3902 3245/1660/3881
f 3084/1676/3902 3083/1677/3903 3245/1660/3881
f 3083/1677/3903 3082/1678/3904 3245/1660/3881
f 3082/1678/3904 3081/1679/3904 3245/1660/3881
f 3081/1679/3904 3080/1659/3879 3245/1660/3881
f 3156/1674/3905 3240/1672/3899 3246/1671/3900 3161/1673/3906
f 3244/1652/3890 3154/1649/3893 3164/1650/3896 3250/1651/3891
f 3242/1652/3865 3243/1669/3889 3249/1670/3892 3248/1651/3866
f 3251/1680/3907 3158/1681/3907 3156/1674/3905 3161/1673/3906
f 3163/1681/3908 3252/1680/3908 3160/1673/3898 3157/1674/3897
f 3248/1651/3909 3249/1670/3910 3260/1683/3911 3259/1682/3912
f 3164/1650/3913 3162/1671/3914 3255/1685/3915 3256/1684/3916
f 3247/1650/3917 3248/1651/3909 3259/1682/3912 3258/1684/3918
f 3250/1651/3919 3164/1650/3913 3256/1684/3916 3261/1682/3920
f 3162/1671/3914 3160/1673/3921 3253/1686/3922 3255/1685/3915
f 3246/1671/3923 3247/1650/3917 3258/1684/3918 3257/1685/3924
f 3251/1680/3925 3161/1673/3926 3254/1686/3927 3262/1687/3925
f 3249/1670/3910 3250/1651/3919 3261/1682/3920 3260/1683/3911
f 3161/1673/3926 3246/1671/3923 3257/1685/3924 3254/1686/3927
f 3160/1673/3921 3252/1680/3928 3263/1687/3928 3253/1686/3922
f 3252/1688/3929 3163/1690/3929 3263/1689/3929
f 3251/1691/3929 3262/1693/3929 3158/1692/3929
f 3264/1694/3930 3159/1695/3888 3158/1692/3887 3262/1693/3931
f 3263/1689/3932 3163/1690/3901 3159/1695/3888 3264/1694/3930
f 3256/1684/3933 3255/1685/3934 3264/1696/3935
f 3253/1686/3936 3263/1687/3937 3264/1696/3935
f 3264/1696/3935 3262/1687/3938 3254/1686/3939
f 3254/1686/3939 3257/1685/3940 3264/1696/3935
f 3258/1684/3941 3259/1682/3942 3264/1696/3935
f 3259/1682/3942 3260/1683/3943 3264/1696/3935
f 3260/1683/3943 3261/1682/3944 3264/1696/3935
f 3261/1682/3944 3256/1684/3933 3264/1696/3935
f 3264/1696/3935 3257/1685/3940 3258/1684/3941
f 3264/1696/3935 3255/1685/3934 3253/1686/3936
f 3856/1697/3945 3859/1698/3946 3265/1626/3820 3278/1607/3795
f 3857/1699/3947 3860/1700/3948 3266/1610/3818 3279/1603/3791
f 3859/1698/3946 3861/1701/3949 3267/1612/3816 3265/1626/3820
f 3860/1700/3948 3862/1702/3950 3268/1614/3814 3266/1610/3818
f 3861/1701/3949 3863/1703/3951 3269/1616/3810 3267/1612/3816
f 3862/1702/3950 3864/1704/3952 3270/1618/3808 3268/1614/3814
f 3858/1705/3953 3865/1706/3954 3271/1616/3806 3280/1622/3811
f 3863/1703/3951 3858/1705/3953 3280/1622/3811 3269/1616/3810
f 3864/1704/3952 3866/1707/3955 3272/1614/3804 3270/1618/3808
f 3865/1706/3954 3867/1708/3956 3273/1612/3802 3271/1616/3806
f 3866/1707/3955 3868/1709/3957 3274/1610/3800 3272/1614/3804
f 3867/1708/3956 3869/1710/3958 3275/1608/3798 3273/1612/3802
f 3868/1709/3957 3870/1711/3959 3276/1604/3794 3274/1610/3800
f 3869/1710/3958 3871/1712/3960 3277/1600/3790 3275/1608/3798
f 3870/1711/3959 3856/1697/3945 3278/1607/3795 3276/1604/3794
f 3871/1712/3960 3857/1699/3947 3279/1603/3791 3277/1600/3790
f 3107/1713/3961 3108/1715/3961 3281/1714/3962
f 3108/1715/3961 3109/1716/3961 3281/1714/3962
f 3109/1716/3961 3110/1717/3961 3281/1714/3962
f 3110/1717/3961 3111/1718/3961 3281/1714/3962
f 3111/1718/3961 3112/1719/3963 3281/1714/3962
f 3112/1719/3963 3113/1720/3964 3281/1714/3962
f 3113/1720/3964 3114/1721/3961 3281/1714/3962
f 3114/1721/3961 3115/1722/3965 3281/1714/3962
f 3115/1722/3965 3116/1723/3966 3281/1714/3962
f 3116/1723/3966 3117/1724/3961 3281/1714/3962
f 3117/1724/3961 3118/1725/3961 3281/1714/3962
f 3118/1725/3961 3119/1726/3961 3281/1714/3962
f 3119/1726/3961 3120/1727/3961 3281/1714/3962
f 3120/1727/3961 3121/1728/3961 3281/1714/3962
f 3121/1728/3961 3106/1729/3961 3281/1714/3962
f 3106/1729/3961 3107/1713/3961 3281/1714/3962
f 3129/1534/3667 3131/1537/3967 3282/1730/3968
f 3293/1731/3969 4101/2400/3970 3290/2401/3971
f 3290/1735/3971 4101/1754/3970 3287/1737/3972 3286/1736/3973
f 3113/1533/3668 3129/1534/3667 3282/1730/3968
f 3134/1534/3672 3115/1533/3683 3283/1538/3673
f 3293/1738/3974 3292/1741/3975 3289/1740/3976 3291/1739/2788
f 3113/1742/3977 3114/1541/3676 3285/1542/3679 3284/1743/3978
f 3285/1542/3679 3286/1543/3678 3287/1744/3979
f 3284/1743/3978 3285/1542/3679 3287/1744/3979
f 3291/1745/2788 3289/1748/3976 3113/1747/3980 3284/1746/2789
f 3286/1736/3973 3115/1750/3981 3288/1749/3982 3290/1735/3971
f 3290/2401/3971 3288/1752/3982 3292/1751/3983 3293/1731/3969
f 3131/1755/3984 3292/1741/3984 3289/1740/3985 3282/1756/3985
f 3282/1757/3985 3289/1748/3985 3113/1747/3986
f 3131/1758/3987 3283/1759/3988 3288/1752/3988 3292/1751/3987
f 3283/1760/3988 3115/1750/3989 3288/1749/3988
f 3297/1761/3990 3296/1763/3991 3298/1762/3992
f 3296/1763/3991 3297/1761/3990 3295/1764/3993
f 3294/1765/3994 3295/1764/3993 3297/1761/3990 3319/1766/3995
f 3319/1766/3995 3297/1761/3990 3298/1762/3992 3299/1767/3996
f 3300/1768/3997 3298/1762/3998 3296/1763/3999
f 3296/1763/3999 3295/1764/4000 3300/1768/3997
f 3294/1765/4001 3301/1766/4002 3300/1768/3997 3295/1764/4000
f 3301/1766/4002 3299/1767/4003 3298/1762/3998 3300/1768/3997
f 3305/1761/4004 3304/1763/4005 3307/1762/4006
f 3304/1763/4005 3305/1761/4004 3303/1764/4007
f 3302/1765/4008 3303/1764/4007 3305/1761/4004 3306/1766/4009
f 3306/1766/4009 3305/1761/4004 3307/1762/4006 3308/1767/4010
f 3309/1768/4011 3307/1762/4012 3304/1763/4013
f 3304/1763/4013 3303/1764/4000 3309/1768/4011
f 3302/1765/4001 3310/1766/4014 3309/1768/4011 3303/1764/4000
f 3310/1766/4014 3308/1767/4015 3307/1762/4012 3309/1768/4011
f 3314/1761/4016 3313/1763/4017 3316/1762/4018
f 3313/1763/4017 3314/1761/4016 3312/1764/4007
f 3311/1765/4008 3312/1764/4007 3314/1761/4016 3315/1766/4019
f 3315/1766/4019 3314/1761/4016 3316/1762/4018 3317/1767/4020
f 3318/1768/4021 3316/1762/4022 3313/1763/4023
f 3313/1763/4023 3312/1764/4024 3318/1768/4021
f 3311/1765/4025 3319/1766/4026 3318/1768/4021 3312/1764/4024
f 3319/1766/4026 3317/1767/4027 3316/1762/4022 3318/1768/4021
f 3369/1769/4028 3370/1771/4028 3417/1770/4028
f 3351/1772/4029 3336/1775/4030 3352/1774/4030 3367/1773/4029
f 4212/2402/4031 4199/1778/4032 3346/1777/4032 3345/1772/4033
f 4213/2403/4034 4200/2404/4035 3339/1781/4035 3338/1780/4034
f 4199/1778/4032 4201/2405/4036 3347/1783/4037 3346/1777/4032
f 4200/2404/4035 4202/2406/4038 3340/1785/4038 3339/1781/4035
f 4201/2405/4036 4203/2407/4039 3348/1787/4040 3347/1783/4037
f 4202/2406/4038 4204/1789/4041 3341/1781/4041 3340/1785/4038
f 4203/2407/4039 4205/1790/4042 3349/1783/4043 3348/1787/4040
f 4204/1789/4041 4206/1791/4044 3342/1780/4044 3341/1781/4041
f 4205/1790/4042 4207/2408/4045 3350/1777/4045 3349/1783/4043
f 4206/1791/4044 4208/2409/4046 3343/1793/4047 3342/1780/4044
f 4207/2408/4045 4209/2410/4048 3351/1772/4049 3350/1777/4045
f 4208/2409/4046 4210/2411/4050 3344/1775/4051 3343/1793/4047
f 4214/2412/4052 4211/1794/4053 3337/1793/4054 3336/1775/4055
f 4209/2410/4048 4214/2412/4052 3336/1775/4055 3351/1772/4049
f 4210/2411/4050 4212/2402/4031 3345/1772/4033 3344/1775/4051
f 4211/1794/4053 4213/2403/4034 3338/1780/4034 3337/1793/4054
f 3385/1798/4056 3384/1801/4057 3382/1800/4057 3381/1799/4056
f 3344/1775/4058 3345/1772/4059 3361/1773/4059 3360/1774/4058
f 3337/1793/4060 3338/1780/4061 3354/1803/4061 3353/1802/4060
f 3345/1772/4059 3346/1777/4062 3362/1804/4062 3361/1773/4059
f 3338/1780/4061 3339/1781/4063 3355/1805/4063 3354/1803/4061
f 3346/1777/4062 3347/1783/4064 3363/1806/4064 3362/1804/4062
f 3339/1781/4063 3340/1785/4065 3356/1807/4065 3355/1805/4063
f 3347/1783/4064 3348/1787/4066 3364/1808/4066 3363/1806/4064
f 3340/1785/4065 3341/1781/4067 3357/1805/4067 3356/1807/4065
f 3348/1787/4066 3349/1783/4068 3365/1806/4068 3364/1808/4066
f 3341/1781/4067 3342/1780/4069 3358/1803/4069 3357/1805/4067
f 3349/1783/4068 3350/1777/4070 3366/1804/4070 3365/1806/4068
f 3342/1780/4069 3343/1793/4071 3359/1802/4071 3358/1803/4069
f 3350/1777/4070 3351/1772/4029 3367/1773/4029 3366/1804/4070
f 3343/1793/4071 3344/1775/4058 3360/1774/4058 3359/1802/4071
f 3336/1775/4030 3337/1793/4060 3353/1802/4060 3352/1774/4030
f 3387/1809/4072 3386/1812/4073 3375/1811/4073 3374/1810/4072
f 3384/1801/4057 3388/1814/4074 3383/1813/4074 3382/1800/4057
f 3386/1812/4073 3389/1816/4075 3376/1815/4075 3375/1811/4073
f 3391/1816/4076 3390/1812/4077 3369/1811/4077 3368/1815/4076
f 3388/1814/4074 3391/1816/4076 3368/1815/4076 3383/1813/4074
f 3389/1816/4075 3392/1814/4078 3377/1813/4078 3376/1815/4075
f 3390/1812/4077 3393/1809/4079 3370/1810/4079 3369/1811/4077
f 3392/1814/4078 3394/1801/4080 3378/1800/4080 3377/1813/4078
f 3393/1809/4079 3395/1818/4081 3371/1817/4081 3370/1810/4079
f 3394/1801/4080 3396/1798/4082 3379/1799/4082 3378/1800/4080
f 3395/1818/4081 3397/1820/4083 3372/1819/4083 3371/1817/4081
f 3396/1798/4082 3398/1822/4084 3380/1821/4084 3379/1799/4082
f 3397/1820/4083 3399/1818/4085 3373/1817/4085 3372/1819/4083
f 3398/1822/4084 3385/1798/4056 3381/1799/4056 3380/1821/4084
f 3399/1818/4085 3387/1809/4072 3374/1810/4072 3373/1817/4085
f 3357/1805/4086 3358/1803/4087 3387/1809/4087 3399/1818/4086
f 3364/1808/4088 3365/1806/4089 3385/1798/4089 3398/1822/4088
f 3356/1807/4090 3357/1805/4086 3399/1818/4086 3397/1820/4090
f 3363/1806/4091 3364/1808/4088 3398/1822/4088 3396/1798/4091
f 3355/1805/4092 3356/1807/4090 3397/1820/4090 3395/1818/4092
f 3362/1804/4093 3363/1806/4091 3396/1798/4091 3394/1801/4093
f 3354/1803/4094 3355/1805/4092 3395/1818/4092 3393/1809/4094
f 3361/1773/4095 3362/1804/4093 3394/1801/4093 3392/1814/4095
f 3353/1802/4096 3354/1803/4094 3393/1809/4094 3390/1812/4096
f 3360/1774/4097 3361/1773/4095 3392/1814/4095 3389/1816/4097
f 3367/1773/4098 3352/1774/4099 3391/1816/4099 3388/1814/4098
f 3352/1774/4099 3353/1802/4096 3390/1812/4096 3391/1816/4099
f 3359/1802/4100 3360/1774/4097 3389/1816/4097 3386/1812/4100
f 3366/1804/4101 3367/1773/4098 3388/1814/4098 3384/1801/4101
f 3358/1803/4087 3359/1802/4100 3386/1812/4100 3387/1809/4087
f 3365/1806/4089 3366/1804/4101 3384/1801/4101 3385/1798/4089
f 3321/1823/4102 3322/1826/4103 3403/1825/4103 3414/1824/4102
f 3328/1827/4104 3329/1830/4105 3401/1829/4105 3413/1828/4104
f 3335/1830/4106 3320/1827/4107 3415/1828/4108 3412/1829/4106
f 3320/1827/4107 3321/1823/4102 3414/1824/4102 3415/1828/4108
f 3327/1823/4109 3328/1827/4104 3413/1828/4104 3411/1824/4109
f 3334/1831/4110 3335/1830/4106 3412/1829/4106 3410/1832/4110
f 3326/1826/4111 3327/1823/4109 3411/1824/4109 3409/1825/4111
f 3333/1833/4112 3334/1831/4110 3410/1832/4110 3408/1834/4113
f 3325/1835/4114 3326/1826/4111 3409/1825/4111 3407/1836/4114
f 3419/1837/4115 3331/1840/4116 3421/1839/4117 3425/1838/4118
f 3324/1841/4119 3325/1835/4114 3407/1836/4114 3405/1842/4119
f 3420/1843/4120 3422/1846/4121 3428/1845/4122 3426/1844/4123
f 3323/1835/4124 3324/1841/4119 3405/1842/4119 3402/1836/4124
f 3330/1831/4125 3331/1833/4126 3404/1834/4127 3400/1832/4125
f 3322/1826/4103 3323/1835/4124 3402/1836/4124 3403/1825/4103
f 3329/1830/4105 3330/1831/4125 3400/1832/4125 3401/1829/4105
f 3321/1847/4128 3320/1849/4129 3416/1848/4130
f 3320/1849/4129 3335/1850/4129 3416/1848/4130
f 3335/1850/4129 3334/1851/4131 3416/1848/4130
f 3334/1851/4131 3333/1852/4132 3416/1848/4130
f 3333/1852/4132 3332/1853/4133 3416/1848/4130
f 3332/1853/4133 3331/1854/4134 3416/1848/4130
f 3331/1854/4134 3330/1855/4135 3416/1848/4130
f 3330/1855/4135 3329/1856/4129 3416/1848/4130
f 3329/1856/4129 3328/1857/4129 3416/1848/4130
f 3328/1857/4129 3327/1858/4129 3416/1848/4130
f 3327/1858/4129 3326/1859/4129 3416/1848/4130
f 3326/1859/4129 3325/1860/4129 3416/1848/4130
f 3325/1860/4129 3324/1861/4129 3416/1848/4130
f 3324/1861/4129 3323/1862/4129 3416/1848/4130
f 3323/1862/4129 3322/1863/4129 3416/1848/4130
f 3322/1863/4129 3321/1847/4128 3416/1848/4130
f 3370/1771/4028 3371/1864/4136 3417/1770/4028
f 3371/1864/4136 3372/1865/4028 3417/1770/4028
f 3372/1865/4028 3373/1866/4028 3417/1770/4028
f 3373/1866/4028 3374/1867/4028 3417/1770/4028
f 3374/1867/4028 3375/1868/4136 3417/1770/4028
f 3375/1868/4136 3376/1869/4028 3417/1770/4028
f 3376/1869/4028 3377/1870/4028 3417/1770/4028
f 3377/1870/4028 3378/1871/4028 3417/1770/4028
f 3378/1871/4028 3379/1872/4028 3417/1770/4028
f 3379/1872/4028 3380/1873/4028 3417/1770/4028
f 3380/1873/4028 3381/1874/4028 3417/1770/4028
f 3381/1874/4028 3382/1875/4028 3417/1770/4028
f 3382/1875/4028 3383/1876/4028 3417/1770/4028
f 3383/1876/4028 3368/1877/4028 3417/1770/4028
f 3368/1877/4028 3369/1769/4028 3417/1770/4028
f 3406/1878/4137 3419/1881/4115 3425/1880/4118 3423/1879/4138
f 3333/1833/4112 3408/1834/4113 3418/1882/4139
f 3408/1834/4113 3406/1883/4140 3418/1882/4139
f 3333/1884/4141 3418/1887/4142 3424/1886/4143 3422/1885/4144
f 3331/1888/4145 3332/1890/4146 3420/1843/4120 3421/1889/4147
f 3406/1883/4148 3404/1834/4127 3419/1891/4149
f 3404/1834/4127 3331/1833/4126 3419/1891/4149
f 3424/1880/4143 3423/1879/4150 3433/1893/4151 3430/1892/4152
f 3421/1889/4147 3420/1843/4120 3426/1844/4123 3427/1894/4153
f 3422/1885/4144 3424/1886/4143 3430/1896/4152 3428/1895/4154
f 3332/1890/4146 3333/1897/4155 3422/1846/4121 3420/1843/4120
f 3418/1881/4142 3406/1878/4156 3423/1879/4150 3424/1880/4143
f 3430/1896/4152 3429/1899/4157 3432/1898/4158 3428/1895/4154
f 3426/1844/4123 3428/1845/4122 3432/1900/4159
f 3423/1879/4138 3425/1880/4118 3431/1892/4160 3433/1893/4161
f 3425/1838/4118 3421/1839/4117 3427/1902/4162 3431/1901/4160
f 3427/1894/4153 3426/1844/4123 3432/1900/4159
f 3430/1892/4152 3433/1893/4151 3429/1903/4157
f 3433/1893/4161 3431/1892/4160 3429/1903/4163
f 3434/1904/4164 3452/1907/4164 3451/1906/4165 3435/1905/4165
f 3435/1905/4165 3451/1906/4165 3450/1909/4166 3436/1908/4166
f 3436/1908/4166 3450/1909/4166 3449/1911/4167 3437/1910/4167
f 3437/1910/4167 3449/1911/4167 3448/1913/4168 3438/1912/4169
f 3438/1912/4169 3448/1913/4168 3447/1915/4170 3439/1914/4170
f 3440/1916/4171 3439/1914/4170 3447/1915/4170
f 3441/1917/4172 3440/1916/4173 3447/1915/4172
f 3442/1918/4174 3441/1917/4172 3447/1915/4172 3448/1913/4174
f 3443/1919/4175 3442/1918/4174 3448/1913/4174 3449/1911/4176
f 3444/1920/4177 3443/1919/4175 3449/1911/4176 3450/1909/4177
f 3445/1921/4178 3444/1920/4177 3450/1909/4177 3451/1906/4179
f 3446/1922/4180 3445/1921/4178 3451/1906/4179 3452/1907/4180
f 3434/1904/4181 3435/1905/4182 3470/1906/4182 3471/1907/4181
f 3435/1905/4182 3436/1908/4183 3469/1909/4184 3470/1906/4182
f 3436/1908/4183 3437/1910/4185 3468/1911/4185 3469/1909/4184
f 3437/1910/4185 3438/1912/4186 3467/1913/4187 3468/1911/4185
f 3438/1912/4186 3439/1914/4188 3466/1915/4188 3467/1913/4187
f 3440/1916/4189 3466/1915/4188 3439/1914/4188
f 3441/1917/4190 3466/1915/4190 3440/1916/4191
f 3442/1918/4192 3467/1913/4193 3466/1915/4190 3441/1917/4190
f 3443/1919/4194 3468/1911/4195 3467/1913/4193 3442/1918/4192
f 3444/1920/4196 3469/1909/4197 3468/1911/4195 3443/1919/4194
f 3445/1921/4198 3470/1906/4198 3469/1909/4197 3444/1920/4196
f 3446/1922/4199 3471/1907/4199 3470/1906/4198 3445/1921/4198
f 3459/1904/4200 3477/1907/4200 3476/1906/4165 3458/1905/4165
f 3458/1905/4165 3476/1906/4165 3475/1909/4166 3457/1908/4166
f 3457/1908/4166 3475/1909/4166 3474/1911/4167 3456/1910/4167
f 3456/1910/4167 3474/1911/4167 3473/1913/4168 3455/1912/4169
f 3455/1912/4169 3473/1913/4168 3472/1915/4170 3454/1914/4170
f 3453/1916/4171 3454/1914/4170 3472/1915/4170
f 3465/1917/4172 3453/1916/4173 3472/1915/4172
f 3464/1918/4201 3465/1917/4172 3472/1915/4172 3473/1913/4174
f 3463/1919/4202 3464/1918/4201 3473/1913/4174 3474/1911/4202
f 3462/1920/4177 3463/1919/4202 3474/1911/4202 3475/1909/4177
f 3461/1921/4203 3462/1920/4177 3475/1909/4177 3476/1906/4179
f 3460/1922/4180 3461/1921/4203 3476/1906/4179 3477/1907/4180
f 3459/1904/4181 3458/1905/4182 3482/1906/4182 3483/1907/4181
f 3458/1905/4182 3457/1908/4184 3481/1909/4184 3482/1906/4182
f 3457/1908/4184 3456/1910/4185 3480/1911/4185 3481/1909/4184
f 3456/1910/4185 3455/1912/4204 3479/1913/4187 3480/1911/4185
f 3455/1912/4204 3454/1914/4188 3478/1915/4188 3479/1913/4187
f 3453/1916/4189 3478/1915/4188 3454/1914/4188
f 3465/1917/4190 3478/1915/4190 3453/1916/4191
f 3464/1918/4193 3479/1913/4193 3478/1915/4190 3465/1917/4190
f 3463/1919/4194 3480/1911/4194 3479/1913/4193 3464/1918/4193
f 3462/1920/4196 3481/1909/4196 3480/1911/4194 3463/1919/4194
f 3461/1921/4198 3482/1906/4198 3481/1909/4196 3462/1920/4196
f 3460/1922/4199 3483/1907/4199 3482/1906/4198 3461/1921/4198
f 3429/1923/4163 3431/1901/4160 3427/1902/4162 3432/1924/4205
f 3491/1925/4206 3492/1928/4207 3501/1927/4208 3500/1926/4209
f 3492/1928/4207 3484/1930/3022 3493/1929/3021 3501/1927/4208
f 3485/1931/3023 3486/1934/4210 3495/1933/4211 3494/1932/3024
f 3486/1934/4210 3487/1936/4212 3496/1935/4213 3495/1933/4211
f 3487/1936/4212 3488/1938/4214 3497/1937/4215 3496/1935/4213
f 3488/1938/4214 3489/1940/4216 3498/1939/4217 3497/1937/4215
f 3489/1940/4216 3490/1942/4218 3499/1941/4219 3498/1939/4217
f 3490/1942/4218 3491/1925/4206 3500/1926/4209 3499/1941/4219
f 3505/1943/4220 3515/1945/4221 3514/1944/4222
f 3499/1941/4219 3500/1926/4209 3509/1947/4223 3508/1946/4224
f 3500/1926/4209 3501/1927/4208 3510/1948/4225 3509/1947/4223
f 3501/1927/4208 3493/1929/3021 3502/1949/3041 3510/1948/4225
f 3494/1932/3024 3495/1933/4211 3504/1951/4226 3503/1950/3042
f 3495/1933/4211 3829/1952/4227 3504/1951/4226
f 3496/1935/4213 3497/1937/4215 3506/1954/4228 3505/1953/4229
f 3497/1937/4215 3498/1939/4217 3507/1955/4230 3506/1954/4228
f 3498/1939/4217 3499/1941/4219 3508/1946/4224 3507/1955/4230
f 3506/1956/4231 3507/1958/4232 3516/1957/4233 3515/1945/4221
f 3507/1958/4232 3508/1960/4234 3517/1959/4235 3516/1957/4233
f 3508/1960/4234 3509/1962/4236 3518/1961/4237 3517/1959/4235
f 3509/1962/4236 3510/1964/4238 3519/1963/4239 3518/1961/4237
f 3510/1964/4238 3502/1966/3058 3511/1965/3057 3519/1963/4239
f 3503/1967/3059 3504/1970/4240 3513/1969/4241 3512/1968/3060
f 3504/1970/4240 3829/1972/4242 3830/1971/4243 3513/1969/4241
f 3832/1973/4244 3831/1976/3068 3520/1975/3067 3528/1974/4245
f 3512/1968/3069 3513/1969/4246 3838/1978/4247 3839/1977/3070
f 3513/1969/4246 3830/1971/4248 3833/1979/4249 3838/1978/4247
f 3833/1979/4249 3834/1982/4250 3524/1981/4251 3523/1980/4252
f 3834/1982/4250 3835/1984/4253 3525/1983/4254 3524/1981/4251
f 3835/1984/4253 3836/1986/4255 3526/1985/4256 3525/1983/4254
f 3836/1986/4255 3837/1988/4257 3527/1987/4258 3526/1985/4256
f 3837/1988/4257 3832/1973/4244 3528/1974/4245 3527/1987/4258
f 3484/1989/3084 3492/1991/4259 3529/1990/3085
f 3492/1991/4259 3491/1992/4260 3529/1990/3085
f 3491/1992/4260 3490/1993/4261 3529/1990/3085
f 3490/1993/4261 3489/1994/4262 3529/1990/3085
f 3489/1994/4262 3488/1995/4263 3529/1990/3085
f 3488/1995/4263 3487/1996/4264 3529/1990/3085
f 3487/1996/4264 3486/1997/4265 3529/1990/3085
f 3486/1997/4265 3485/1998/3093 3529/1990/3085
f 3523/1980/4252 3524/1981/4251 3532/2000/4266 3531/1999/4267
f 3522/2001/4268 3523/1980/4252 3531/1999/4267 3530/2002/4269
f 3530/2002/4269 3531/1999/4267 3534/2004/4270 3533/2003/4271
f 3533/2003/4271 3534/2004/4270 3536/2006/4272 3535/2005/4273
f 3535/2005/4273 3536/2006/4272 3538/2008/4274 3537/2007/4275
f 3537/2007/4275 3538/2008/4274 3540/2010/4276 3539/2009/4277
f 3543/2011/4278 3539/2009/4277 3540/2010/4276 3544/2012/4279
f 3528/1974/4245 3541/2014/4280 3542/2013/4281 3527/1987/4258
f 3541/2014/4280 3543/2011/4278 3544/2012/4279 3542/2013/4281
f 3539/2009/4277 3543/2011/4278 3546/2016/3111 3547/2015/3110
f 3543/2011/4278 3541/2014/4280 3545/2017/3112 3546/2016/3111
f 3520/1975/3067 3545/2017/3112 3541/2014/4280 3528/1974/4245
f 3537/2007/4275 3539/2009/4277 3548/2018/4282
f 3547/2015/3110 3548/2018/4282 3539/2009/4277
f 3542/2013/4281 3544/2012/4279 3554/2020/4283 3553/2019/4284
f 3538/2008/4274 3536/2006/4272 3550/2022/4285 3551/2021/4286
f 3540/2010/4276 3538/2008/4274 3551/2021/4286 3552/2023/4287
f 3536/2006/4272 3534/2004/4270 3549/2024/4288 3550/2022/4285
f 3544/2012/4279 3540/2010/4276 3552/2023/4287 3554/2020/4283
f 3532/2000/4266 3549/2024/4288 3534/2004/4270 3531/1999/4267
f 3526/1985/4256 3527/1987/4258 3555/2025/4289
f 3527/1987/4258 3542/2013/4281 3553/2019/4284 3555/2025/4289
f 3532/2000/4266 3524/1981/4251 3556/2026/4290
f 3524/1981/4251 3525/1983/4254 3556/2026/4290
f 3526/2027/4291 3555/2029/4292 3557/2028/4293
f 3555/2029/4292 3553/2030/4294 3557/2028/4293
f 3553/2030/4294 3554/2031/4295 3557/2028/4293
f 3554/2031/4295 3552/2032/4296 3557/2028/4293
f 3552/2032/4296 3551/2033/4297 3557/2028/4293
f 3551/2033/4297 3550/2034/4298 3557/2028/4293
f 3550/2034/4298 3549/2035/4299 3557/2028/4293
f 3549/2035/4299 3532/2036/4300 3557/2028/4293
f 3532/2036/4300 3556/2037/4301 3557/2028/4293
f 3556/2037/4301 3525/2038/4302 3557/2028/4293
f 3525/2038/4302 3526/2027/4291 3557/2028/4293
f 3562/2039/3134 3563/2042/4303 3574/2041/4303 3575/2040/3134
f 3563/2042/4303 3561/2044/4304 3573/2043/4304 3574/2041/4303
f 3577/2045/4305 3578/2048/3141 3575/2047/3140 3574/2046/4306
f 3579/2049/4307 3580/2052/4308 3573/2051/4309 3571/2050/4310
f 3581/2053/4311 3579/2049/4307 3571/2050/4310 3572/2054/4312
f 3582/2055/4313 3581/2053/4311 3572/2054/4312 3576/2056/4314
f 3565/2057/4315 3564/2059/4316 3582/2058/4313 3522/2057/4317
f 3580/2052/4308 3577/2045/4305 3574/2046/4306 3573/2051/4309
f 3521/2060/3153 3522/2057/4268 3590/2062/4318 3583/2061/3154
f 3558/2063/4319 3522/2065/4319 3576/2064/4319
f 3559/2066/4320 3558/2063/4320 3576/2064/4320 3572/2067/4320
f 3566/2068/4321 3564/2059/4316 3589/2070/4322 3587/2069/4323
f 3560/2071/4324 3559/2066/4324 3572/2067/4324 3571/2072/4324
f 3561/2044/4304 3560/2071/4325 3571/2072/4325 3573/2043/4304
f 3530/2059/4326 3522/2057/4327 3591/2058/4328
f 3591/2073/4328 3558/2076/4329 3559/2075/4330 3592/2074/4331
f 3593/2077/4332 3535/2079/4333 3533/2068/4334 3592/2078/4331
f 3593/2077/4332 3594/2081/4335 3537/2080/4336 3535/2079/4333
f 3594/2081/4335 3595/2083/4337 3548/2082/4338 3537/2080/4336
f 3595/2083/4337 3596/2085/3176 3547/2084/3176 3548/2082/4338
f 3568/2086/4339 3569/2082/4340 3577/2083/4305 3580/2081/4308
f 3564/2059/4316 3566/2068/4321 3581/2078/4311 3582/2058/4313
f 3566/2068/4321 3567/2079/4341 3579/2087/4307 3581/2078/4311
f 3567/2079/4341 3568/2086/4339 3580/2081/4308 3579/2087/4307
f 3569/2082/4340 3570/2084/3180 3578/2088/3141 3577/2083/4305
f 3522/2089/4317 3582/2055/4313 3576/2056/4314
f 3568/2086/4339 3567/2079/4341 3586/2091/4342 3585/2090/4343
f 3570/2084/3180 3569/2082/4340 3584/2093/4344 3597/2092/3183
f 3564/2059/4316 3565/2057/4315 3588/2062/4345 3589/2070/4322
f 3565/2057/4315 3522/2057/4317 3590/2062/4346 3588/2062/4345
f 3567/2079/4341 3566/2068/4321 3587/2069/4323 3586/2091/4342
f 3569/2082/4340 3568/2086/4339 3585/2090/4343 3584/2093/4344
f 3563/2094/4347 3562/2097/3188 3596/2096/3176 3595/2095/4337
f 3561/2098/4348 3563/2094/4347 3595/2095/4337 3594/2099/4335
f 3560/2100/4349 3561/2098/4348 3594/2099/4335 3593/2101/4332
f 3560/2100/4349 3593/2101/4332 3592/2074/4331 3559/2075/4330
f 3530/2059/4326 3591/2058/4328 3592/2078/4331 3533/2068/4334
f 3591/2073/4328 3522/2089/4327 3558/2076/4329
f 3614/2102/4350 3601/2105/4351 3603/2104/4352 3599/2103/4353
f 3599/2103/4353 3603/2104/4352 3605/2107/4354 3598/2106/4355
f 3598/2106/4355 3605/2107/4354 3606/2109/4356 3618/2108/4357
f 3617/2110/4358 3615/2113/4359 3613/2112/4359 3612/2111/4360
f 3601/2114/4361 3617/2110/4358 3612/2111/4360 3610/2115/4362
f 3618/2108/4357 3606/2109/4356 3608/2107/4363 3619/2106/4364
f 3610/2115/4362 3609/2117/4365 3603/2116/4366 3601/2114/4361
f 3605/2118/4367 3603/2116/4366 3609/2117/4365 3608/2119/4368
f 3619/2106/4364 3608/2107/4363 3609/2104/4369 3620/2103/4370
f 3633/2120/4371 3607/2122/4372 3604/2121/4373
f 3611/2123/4374 3613/2126/4375 3615/2125/4375 3616/2124/4376
f 3620/2103/4370 3609/2104/4369 3610/2105/4377 3621/2102/4378
f 3602/2127/4379 3604/2121/4373 3607/2122/4372 3636/2128/4380
f 3606/2129/4381 3605/2118/4367 3608/2119/4368
f 3621/2102/4378 3610/2105/4377 3612/2131/4382 3622/2130/4383
f 3600/2132/4384 3614/2102/4385 3599/2103/4386 3602/2133/4387
f 3602/2133/4387 3599/2103/4386 3598/2106/4388 3604/2134/4389
f 3622/2130/4383 3612/2131/4382 3613/2135/4390
f 3604/2134/4389 3598/2106/4388 3618/2108/4391 3633/2136/4392
f 3633/2136/4392 3618/2108/4391 3619/2106/4393 3607/2134/4394
f 3638/2137/4395 3611/2123/4374 3616/2124/4376 3600/2138/4396
f 3607/2134/4394 3619/2106/4393 3620/2103/4397 3636/2133/4398
f 3636/2133/4398 3620/2103/4397 3621/2102/4399 3638/2132/4400
f 3600/2138/4396 3602/2127/4379 3636/2128/4380 3638/2137/4395
f 3638/2132/4400 3621/2102/4399 3622/2130/4401 3611/2139/4402
f 3611/2139/4402 3622/2130/4401 3613/2135/4403
f 3615/2135/4404 3617/2131/4405 3623/2130/4406
f 3615/2135/4407 3623/2130/4408 3616/2139/4409
f 3616/2139/4409 3623/2130/4408 3614/2102/4385 3600/2132/4384
f 3623/2130/4406 3617/2131/4405 3601/2105/4351 3614/2102/4350
f 3641/2102/4410 3627/2105/4411 3629/2104/4412 3625/2103/4413
f 3625/2103/4413 3629/2104/4412 3631/2107/4414 3624/2106/4415
f 3624/2106/4415 3631/2107/4414 3633/2109/4416 3645/2108/4417
f 3644/2110/4418 3642/2113/4419 3640/2112/4419 3611/2111/4420
f 3627/2114/4421 3644/2110/4418 3611/2111/4420 3638/2115/4422
f 3645/2108/4417 3633/2109/4416 3607/2107/4423 3646/2106/4424
f 3638/2115/4422 3636/2117/4425 3629/2116/4426 3627/2114/4421
f 3631/2118/4427 3629/2116/4426 3636/2117/4425 3607/2119/4428
f 3646/2106/4424 3607/2107/4423 3636/2104/4429 3647/2103/4430
f 3632/2120/4431 3634/2122/4432 3630/2121/4433
f 3639/2123/4434 3640/2126/4435 3642/2125/4435 3643/2124/4436
f 3647/2103/4430 3636/2104/4429 3638/2105/4437 3648/2102/4438
f 3628/2127/4439 3630/2121/4433 3634/2122/4432 3635/2128/4439
f 3633/2129/4440 3631/2118/4427 3607/2119/4428
f 3648/2102/4438 3638/2105/4437 3611/2131/4441 3649/2130/4442
f 3626/2132/4443 3641/2102/4444 3625/2103/4445 3628/2133/4446
f 3628/2133/4446 3625/2103/4445 3624/2106/4447 3630/2134/4448
f 3649/2130/4442 3611/2131/4441 3640/2135/4449
f 3630/2134/4448 3624/2106/4447 3645/2108/4450 3632/2136/4451
f 3632/2136/4451 3645/2108/4450 3646/2106/4452 3634/2134/4453
f 3637/2137/4454 3639/2123/4434 3643/2124/4436 3626/2138/4455
f 3634/2134/4453 3646/2106/4452 3647/2103/4456 3635/2133/4457
f 3635/2133/4457 3647/2103/4456 3648/2102/4458 3637/2132/4459
f 3626/2138/4455 3628/2127/4439 3635/2128/4439 3637/2137/4454
f 3637/2132/4459 3648/2102/4458 3649/2130/4460 3639/2139/4461
f 3639/2139/4461 3649/2130/4460 3640/2135/4462
f 3642/2135/4463 3644/2131/4464 3650/2130/4465
f 3642/2135/4466 3650/2130/4467 3643/2139/4468
f 3643/2139/4468 3650/2130/4467 3641/2102/4444 3626/2132/4443
f 3650/2130/4465 3644/2131/4464 3627/2105/4411 3641/2102/4410
f 3670/2102/4469 3654/2105/4470 3656/2104/4471 3652/2103/4472
f 3652/2103/4472 3656/2104/4471 3658/2107/4473 3651/2106/4474
f 3651/2106/4474 3658/2107/4473 3660/2109/4475 3674/2108/4476
f 3673/2110/4477 3671/2113/4478 3669/2112/4478 3668/2111/4479
f 3654/2114/4480 3673/2110/4477 3668/2111/4479 3666/2115/4481
f 3674/2108/4476 3660/2109/4475 3662/2107/4482 3675/2106/4483
f 3666/2115/4481 3664/2117/4484 3656/2116/4484 3654/2114/4480
f 3658/2118/4485 3656/2116/4484 3664/2117/4484 3662/2119/4486
f 3675/2106/4483 3662/2107/4482 3664/2104/4487 3676/2103/4488
f 3659/2120/4489 3661/2122/4490 3657/2121/4491
f 3667/2123/4492 3669/2126/4493 3671/2125/4493 3672/2124/4494
f 3676/2103/4488 3664/2104/4487 3666/2105/4495 3677/2102/4496
f 3655/2127/4497 3657/2121/4491 3661/2122/4490 3663/2128/4498
f 3660/2129/4499 3658/2118/4485 3662/2119/4486
f 3677/2102/4496 3666/2105/4495 3668/2131/4500 3678/2130/4501
f 3653/2132/4502 3670/2102/4503 3652/2103/4504 3655/2133/4505
f 3655/2133/4505 3652/2103/4504 3651/2106/4506 3657/2134/4507
f 3678/2130/4501 3668/2131/4500 3669/2135/4508
f 3657/2134/4507 3651/2106/4506 3674/2108/4509 3659/2136/4510
f 3659/2136/4510 3674/2108/4509 3675/2106/4511 3661/2134/4512
f 3665/2137/4513 3667/2123/4492 3672/2124/4494 3653/2138/4514
f 3661/2134/4512 3675/2106/4511 3676/2103/4515 3663/2133/4516
f 3663/2133/4516 3676/2103/4515 3677/2102/4517 3665/2132/4518
f 3653/2138/4514 3655/2127/4497 3663/2128/4498 3665/2137/4513
f 3665/2132/4518 3677/2102/4517 3678/2130/4519 3667/2139/4520
f 3667/2139/4520 3678/2130/4519 3669/2135/4521
f 3671/2135/4522 3673/2131/4523 3679/2130/4524
f 3671/2135/4525 3679/2130/4526 3672/2139/4527
f 3672/2139/4527 3679/2130/4526 3670/2102/4503 3653/2132/4502
f 3679/2130/4524 3673/2131/4523 3654/2105/4470 3670/2102/4469
f 3723/2140/3369 3719/2143/3372 3690/2142/4528 3700/2141/4529
f 3702/2144/3373 3720/2147/3376 3691/2146/4530 3703/2145/4531
f 3720/2147/3376 3718/2149/3378 3681/2148/4532 3691/2146/4530
f 3691/2146/4530 3681/2148/4532 3680/2151/4533 3682/2150/4534
f 3703/2145/4531 3691/2146/4530 3682/2150/4534 3701/2152/4535
f 3700/2141/4529 3690/2142/4528 3683/2154/4536 3699/2153/4537
f 3699/2153/4537 3683/2154/4536 3692/2156/4538 3689/2155/4539
f 3701/2152/4535 3682/2150/4534 3693/2158/4540 3704/2157/4541
f 3682/2150/4534 3680/2151/4533 3685/2159/4542 3693/2158/4540
f 3697/2160/4543 3684/2163/4544 3686/2162/4545 3694/2161/4546
f 3696/2164/4547 3697/2160/4543 3694/2161/4546 3687/2165/4548
f 3698/2166/3395 3696/2164/4547 3687/2165/4548 3721/2167/3396
f 3680/2151/4533 3681/2148/4532 3695/2168/4549 3685/2159/4542
f 3681/2148/4532 3718/2149/3378 3722/2169/3398 3695/2168/4549
f 3709/2170/4550 3706/2173/4551 3697/2172/4543 3696/2171/4547
f 3706/2173/4551 3688/2175/4552 3684/2174/4544 3697/2172/4543
f 3708/2171/4553 3700/2170/4529 3699/2173/4537 3705/2172/4554
f 3724/2176/3404 3723/2177/3369 3700/2170/4529 3708/2171/4553
f 3707/2177/3405 3709/2170/4550 3696/2171/4547 3698/2176/3395
f 3683/2154/4536 3701/2152/4535 3704/2157/4541 3692/2178/4538
f 3690/2142/4528 3703/2145/4531 3701/2152/4535 3683/2154/4536
f 3719/2143/3372 3702/2144/3373 3703/2145/4531 3690/2142/4528
f 3724/2179/3404 3708/2182/4553 3709/2181/4550 3707/2180/3405
f 3706/2183/4551 3709/2181/4550 3708/2182/4553 3705/2184/4554
f 3705/2184/4554 3711/2186/4555 3688/2185/4552 3706/2183/4551
f 3694/2161/4546 3686/2162/4545 3713/2188/4556 3716/2187/4557
f 3686/2413/4558 3684/2414/4559 3726/2415/4560 3712/2416/4561
f 3721/2167/3396 3687/2165/4548 3714/2194/4562 3715/2193/3413
f 3725/2195/3415 3713/2195/4563 3710/2195/4564 3717/2195/3416
f 3713/2195/4563 3725/2195/3415 3716/2195/4565
f 3714/2195/4566 3716/2195/4565 3725/2195/3415
f 3725/2195/3415 3715/2195/3421 3714/2195/4566
f 3687/2165/4548 3694/2161/4546 3716/2187/4557 3714/2194/4562
f 3717/2195/3416 3710/2195/4564 3727/2195/4567 3728/2195/3422
f 3705/2172/4554 3699/2173/4537 3689/2175/4539 3711/2174/4555
f 3689/2417/4568 3692/2418/4569 3852/2419/4570 3734/2420/4571
f 3685/2421/4572 3695/2422/4573 3730/2423/4574 3846/2424/4575
f 3845/2204/4576 3847/2206/4576 3796/2205/4576
f 3704/2425/4577 3693/2426/4578 3729/2427/4579 3731/2428/4580
f 3695/2422/4573 3722/2212/3438 3732/2211/3437 3730/2423/4574
f 3711/2429/4581 3689/2417/4568 3734/2420/4571 3733/2430/4582
f 3688/2431/4583 3711/2429/4581 3733/2430/4582
f 3853/2216/4584 3735/2218/4584 3851/2217/4584
f 3684/2414/4559 3688/2431/4583 3733/2430/4582 3726/2415/4560
f 3736/2219/3443 3737/2222/4585 3743/2221/4586 3742/2220/3443
f 3740/2223/4587 3741/2226/4588 3748/2225/4588 3747/2224/4589
f 3737/2222/4585 3761/2228/4590 3744/2227/4590 3743/2221/4586
f 3739/2229/4591 3740/2223/4587 3747/2224/4589 3746/2230/4591
f 3737/2222/4592 3736/2219/3452 3750/2232/3452 3751/2231/4592
f 3741/2226/4593 3740/2223/4594 3755/2234/4595 3756/2233/4593
f 3739/2229/4596 3760/2237/4597 3753/2236/4597 3754/2235/4596
f 3740/2223/4594 3739/2229/4596 3754/2235/4596 3755/2234/4595
f 3738/2238/4598 3761/2228/4599 3757/2239/4600
f 3738/2238/4601 3760/2237/4602 3749/2240/4603
f 3753/2236/4604 3760/2237/4605 3757/2239/4606
f 3757/2241/4607 3752/2243/4607 3753/2242/4607
f 3749/2244/4608 3745/2246/4608 3744/2245/4608
f 3743/2247/4609 3758/2249/3472 3742/2248/3471
f 3744/2245/4610 3758/2249/3472 3743/2247/4609
f 3744/2245/4610 3745/2246/4611 3758/2249/3472
f 3746/2250/4612 3758/2249/3472 3745/2246/4611
f 3747/2251/4613 3758/2249/3472 3746/2250/4612
f 3748/2252/4614 3758/2249/3472 3747/2251/4613
f 3756/2253/4615 3755/2255/4616 3759/2254/3479
f 3755/2255/4616 3754/2256/4617 3759/2254/3479
f 3754/2256/4617 3753/2242/4618 3759/2254/3479
f 3752/2243/4619 3759/2254/3479 3753/2242/4618
f 3752/2243/4619 3751/2257/4620 3759/2254/3479
f 3751/2257/4620 3750/2258/3485 3759/2254/3479
f 3744/2227/4621 3761/2228/4622 3749/2240/4623
f 3752/2259/4624 3761/2228/4624 3737/2222/4592 3751/2231/4592
f 3745/2260/4625 3760/2237/4625 3739/2229/4591 3746/2230/4591
f 3762/2261/3491 3767/2263/3493 3768/2262/4626
f 3768/2264/4627 3782/2266/4627 3762/2265/4627
f 3782/2266/4628 3769/2268/4629 3812/2267/4630
f 3813/2269/4631 3777/2271/4632 3776/2270/4633 3812/2267/4630
f 3814/2272/4634 3778/2273/4635 3777/2271/4632 3813/2269/4631
f 3815/2274/4636 3779/2275/4637 3778/2273/4635 3814/2272/4634
f 3816/2276/4638 3781/2277/4639 3779/2275/4637 3815/2274/4636
f 3817/2278/4640 3780/2279/4641 3781/2277/4639 3816/2276/4638
f 3762/2265/4642 3820/2281/4643 3819/2280/4644
f 3782/2266/4645 3768/2264/4645 3769/2268/4645
f 3762/2265/4642 3782/2266/4628 3812/2267/4630 3820/2281/4643
f 3770/2282/4646 3769/2283/4647 3768/2262/4626
f 3773/2284/4648 3772/2287/4649 3785/2286/3517 3786/2285/3516
f 3771/2288/4650 3770/2282/4646 3783/2290/3521 3784/2289/3520
f 3774/2291/4651 3773/2284/4648 3786/2285/3516 3787/2292/3523
f 3770/2282/4646 3768/2262/4626 3767/2263/3493 3783/2290/3521
f 3772/2287/4649 3771/2288/4650 3784/2289/3520 3785/2286/3517
f 3693/2426/4578 3685/2421/4572 3846/2424/4575 3729/2427/4579
f 3730/2423/4574 3732/2211/3437 3788/2293/3524
f 3790/2320/4652 3791/2296/4652 3766/2295/4652
f 3790/2320/4653 3789/2297/4653 3791/2296/4653
f 3792/2298/4654 3801/2301/4654 3797/2300/4655 3849/2299/4656
f 3729/2427/4579 3846/2424/4575 3845/2432/4657 3796/2433/4658
f 3792/2298/4659 3849/2306/4656 3790/2305/4660 3766/2304/4659
f 3793/2307/4661 3792/2298/4659 3766/2304/4659 3765/2308/4661
f 3794/2309/4662 3793/2307/4662 3765/2308/4662 3764/2310/4662
f 3692/2418/4569 3704/2425/4577 3731/2428/4580 3852/2419/4570
f 3731/2428/4580 3729/2427/4579 3796/2433/4658
f 3789/2311/3537 3790/2305/4660 3849/2306/4656 3848/2313/4663 3788/2312/3537
f 3844/2314/4664 3788/2312/4664 3848/2313/4664
f 3734/2420/4571 3852/2419/4570 3851/2434/4665 3735/2435/4666
f 3855/2317/4667 3799/2319/4668 3801/2301/4669 3811/2318/4670
f 3798/2297/4671 3797/2294/4671 3800/2296/4671
f 3799/2320/4672 3798/2297/4672 3800/2296/4672
f 3795/2321/4673 3802/2322/4673 3801/2301/4654 3792/2298/4654
f 3792/2298/4674 3793/2307/4674 3794/2309/4674 3795/2321/4674
f 3007/2309/4675 2997/2270/4676 2996/2324/4677
f 3007/2309/4675 3008/2321/3556 2998/2271/3555 2997/2270/4676
f 3007/2309/4675 2996/2324/4677 3763/2323/4678
f 3778/2273/4679 3795/2321/4680 3777/2271/4681
f 3779/2275/4682 3802/2322/4682 3795/2321/4680 3778/2273/4679
f 3779/2275/4682 3781/2277/4683 3801/2301/4669 3802/2322/4682
f 3800/2296/4684 3797/2294/4684 3801/2295/4684
f 3799/2320/4685 3800/2296/4685 3801/2295/4685
f 3712/2416/4561 3726/2415/4560 3735/2435/4666
f 3798/2325/4686 3799/2319/4668 3855/2317/4667 3854/2327/4687 3796/2205/4686
f 3726/2415/4560 3733/2430/4582 3735/2435/4666
f 3733/2430/4582 3734/2420/4571 3735/2435/4666
f 3854/2327/4688 3850/2329/4688 3796/2205/4688
f 3686/2330/4689 3712/2333/4689 3805/2332/4689 3804/2331/4689
f 3805/2332/4690 3712/2333/4690 3735/2218/4690
f 3807/2320/4691 3803/2297/4691 3808/2296/4691
f 3803/2334/4692 3807/2335/4693 3805/2332/4694 3735/2218/4692
f 3811/2318/4670 3809/2337/4695 3806/2336/4696 3855/2317/4667
f 3806/2294/4697 3808/2296/4697 3803/2297/4697
f 3807/2320/4698 3808/2296/4698 3809/2295/4698
f 3808/2296/4699 3806/2294/4699 3809/2295/4699
f 3810/2338/4700 3809/2337/4695 3811/2318/4670 3818/2339/4701
f 3803/2334/4692 3735/2218/4692 3853/2216/4702 3855/2340/4667 3806/2336/4696
f 3780/2279/4641 3811/2318/4670 3801/2301/4669 3781/2277/4683
f 3817/2278/4640 3774/2341/4703 3810/2338/4700 3818/2339/4701
f 3809/2337/4695 3810/2338/4700 3804/2331/4704 3807/2335/4693
f 3804/2331/4704 3805/2332/4694 3807/2335/4693
f 3797/2300/4655 3798/2325/4686 3796/2205/4686 3847/2206/4705 3849/2342/4656
f 3780/2279/4641 3817/2278/4640 3818/2339/4701 3811/2318/4670
f 3774/2341/4703 3817/2278/4640 3816/2276/4638 3773/2343/4706
f 3773/2343/4706 3816/2276/4638 3815/2274/4636 3772/2344/4707
f 3772/2344/4707 3815/2274/4636 3814/2272/4634 3771/2345/4708
f 3771/2345/4708 3814/2272/4634 3813/2269/4631 3770/2346/4709
f 3770/2346/4709 3813/2269/4631 3812/2267/4630 3769/2268/4629
f 3819/2280/4644 3820/2281/4643 3775/2324/4710 3763/2323/4711
f 3820/2281/4643 3812/2267/4630 3776/2270/4633 3775/2324/4710
f 3822/2347/4712 3821/2349/4712 3828/2348/4712
f 3827/2350/4713 3822/2347/4713 3828/2348/4713
f 3826/2351/4714 3822/2347/4714 3827/2350/4714
f 3825/2352/4715 3822/2347/4715 3826/2351/4715
f 3824/2353/4716 3822/2347/4716 3825/2352/4716
f 3823/2354/4717 3822/2347/4717 3824/2353/4717
f 3827/2355/4718 3828/2361/4718 3821/2360/3597 3823/2359/3597 3824/2358/4718 3825/2357/4718 3826/2356/4718
f 3515/1945/4221 3505/1943/4220 3506/1956/4231
f 3830/1971/4243 3829/1972/4242 3505/1943/4220 3514/1944/4222
f 3829/1952/4227 3495/1933/4211 3496/1935/4213 3505/1953/4229
f 3518/1961/4719 3519/1963/4720 3832/1973/4244 3837/1988/4257
f 3517/1959/4721 3518/1961/4719 3837/1988/4257 3836/1986/4255
f 3516/1957/4722 3517/1959/4721 3836/1986/4255 3835/1984/4253
f 3515/1945/4723 3516/1957/4722 3835/1984/4253 3834/1982/4250
f 3514/1944/4724 3515/1945/4723 3834/1982/4250 3833/1979/4249
f 3519/1963/4720 3511/1965/3604 3831/1976/3068 3832/1973/4244
f 3838/1978/4247 3833/1979/4249 3523/1980/4252 3522/2001/4268
f 3833/1979/4249 3830/1971/4248 3514/1944/4724
f 3839/1977/3070 3838/1978/4247 3522/2001/4268 3521/2362/3153
f 3872/2363/3605 3875/2365/3607 3840/2364/4725
f 3876/2366/3608 3841/2367/4726 3840/2364/4725 3875/2365/3607
f 3877/2368/3610 3880/2369/3612 3842/2364/4727
f 3881/2370/3613 3843/2367/4728 3842/2364/4727 3880/2369/3612
f 3844/2436/4729 3845/2432/4657 3846/2424/4575
f 3847/2206/4705 3848/2299/4663 3849/2342/4656
f 3847/2206/4730 3845/2204/4730 3844/2314/4730 3848/2313/4730
f 3844/2436/4729 3846/2424/4575 3730/2423/4574 3788/2293/3524
f 3850/2437/4731 3851/2434/4665 3852/2419/4570
f 3853/2216/4702 3854/2317/4687 3855/2340/4667
f 3850/2329/4732 3854/2327/4732 3853/2216/4732 3851/2217/4732
f 3850/2437/4731 3852/2419/4570 3731/2428/4580 3796/2433/4658
f 3212/1642/3846 3198/1596/3840 3857/1699/3947 3871/1712/3960
f 3211/1596/3786 3197/1629/3825 3856/1697/3945 3870/1711/3959
f 3210/1638/3843 3212/1642/3846 3871/1712/3960 3869/1710/3958
f 3209/1599/3787 3211/1596/3786 3870/1711/3959 3868/1709/3957
f 3208/1632/3839 3210/1638/3843 3869/1710/3958 3867/1708/3956
f 3207/1595/3832 3209/1599/3787 3868/1709/3957 3866/1707/3955
f 3206/1634/3836 3208/1632/3839 3867/1708/3956 3865/1706/3954
f 3205/1592/3782 3207/1595/3832 3866/1707/3955 3864/1704/3952
f 3204/1634/3831 3199/1637/3837 3858/1705/3953 3863/1703/3951
f 3199/1637/3837 3206/1634/3836 3865/1706/3954 3858/1705/3953
f 3203/1595/3783 3205/1592/3782 3864/1704/3952 3862/1702/3950
f 3202/1632/3829 3204/1634/3831 3863/1703/3951 3861/1701/3949
f 3201/1599/3826 3203/1595/3783 3862/1702/3950 3860/1700/3948
f 3200/1630/3824 3202/1632/3829 3861/1701/3949 3859/1698/3946
f 3198/1596/3840 3201/1599/3826 3860/1700/3948 3857/1699/3947
f 3197/1629/3825 3200/1630/3824 3859/1698/3946 3856/1697/3945
f 3842/2364/3620 3843/2367/3620 3878/2375/3620 3879/2374/3620
f 3842/2364/3621 3879/2374/3621 3877/2368/3621
f 3840/2364/3622 3841/2367/3622 3873/2375/3622 3874/2376/3622
f 3840/2364/3623 3874/2376/3623 3872/2363/3623
f 3891/2438/4733 3899/2439/4734 3909/2440/4735 3900/2441/4736
f 3899/2439/4734 3898/2442/4737 3914/2443/4738 3909/2440/4735
f 3898/2442/4737 3897/2444/4739 3919/2445/4740 3914/2443/4738
f 3897/2444/4739 3896/2446/4741 3924/2447/4742 3919/2445/4740
f 3896/2446/4741 3895/2448/4743 3929/2449/4744 3924/2447/4742
f 3895/2448/4743 3894/2450/4745 3934/2451/4746 3929/2449/4744
f 3894/2450/4745 3893/2452/4747 3939/2453/4748 3934/2451/4746
f 3893/2452/4747 3892/2454/4749 3944/2455/4750 3939/2453/4748
f 4020/2456/4751 4021/2457/4752 3908/2440/4753 3901/2441/4754
f 4036/2456/4755 4037/2457/4756 3907/2440/4757 3902/2441/4758
f 4052/2456/4759 4053/2458/4760 3906/2440/4761 3903/2441/4762
f 4068/2459/4763 4069/2460/4764 3905/2440/4765 3904/2441/4766
f 4084/2456/4767 4085/2460/4768 3890/2440/4769 3882/2441/4770
f 4021/2457/4752 4022/2461/4771 3913/2443/4772 3908/2440/4753
f 4037/2457/4756 4038/2461/4773 3912/2443/4774 3907/2440/4757
f 4053/2458/4760 4054/2461/4775 3911/2443/4776 3906/2440/4761
f 4069/2460/4764 4070/2462/4777 3910/2443/4778 3905/2440/4765
f 4085/2460/4768 4086/2463/4779 3889/2443/4780 3890/2440/4769
f 4022/2461/4771 4023/2464/4781 3918/2445/4782 3913/2443/4772
f 4038/2461/4773 4039/2465/4783 3917/2445/4784 3912/2443/4774
f 4054/2461/4775 4055/2464/4785 3916/2445/4786 3911/2443/4776
f 4070/2462/4777 4071/2466/4787 3915/2445/4788 3910/2443/4778
f 4086/2463/4779 4087/2467/4789 3888/2445/4790 3889/2443/4780
f 4023/2464/4781 4024/2468/4791 3923/2447/4792 3918/2445/4782
f 4039/2465/4783 4040/2469/4793 3922/2447/4794 3917/2445/4784
f 4055/2464/4785 4056/2470/4795 3921/2447/4796 3916/2445/4786
f 4071/2466/4787 4072/2471/4797 3920/2447/4798 3915/2445/4788
f 4087/2467/4789 4088/2469/4799 3887/2447/4800 3888/2445/4790
f 4024/2468/4791 4025/2472/4801 3928/2449/4802 3923/2447/4792
f 4040/2469/4793 4041/2472/4803 3927/2449/4804 3922/2447/4794
f 4056/2470/4795 4057/2473/4805 3926/2449/4806 3921/2447/4796
f 4072/2471/4797 4073/2474/4807 3925/2449/4808 3920/2447/4798
f 4088/2469/4799 4089/2474/4809 3886/2449/4810 3887/2447/4800
f 4025/2472/4801 4026/2475/4811 3933/2451/4812 3928/2449/4802
f 4041/2472/4803 4042/2476/4813 3932/2451/4814 3927/2449/4804
f 4057/2473/4805 4058/2477/4815 3931/2451/4816 3926/2449/4806
f 4073/2474/4807 4074/2476/4817 3930/2451/4818 3925/2449/4808
f 4089/2474/4809 4090/2478/4819 3885/2451/4820 3886/2449/4810
f 4026/2475/4811 4027/2479/4821 3938/2453/4822 3933/2451/4812
f 4042/2476/4813 4043/2480/4823 3937/2453/4824 3932/2451/4814
f 4058/2477/4815 4059/2481/4825 3936/2453/4826 3931/2451/4816
f 4074/2476/4817 4075/2479/4827 3935/2453/4828 3930/2451/4818
f 4090/2478/4819 4091/2482/4829 3884/2453/4830 3885/2451/4820
f 4027/2479/4821 4028/2483/4831 3943/2455/4832 3938/2453/4822
f 4043/2480/4823 4044/2483/4833 3942/2455/4834 3937/2453/4824
f 4059/2481/4825 4060/2484/4835 3941/2455/4836 3936/2453/4826
f 4075/2479/4827 4076/2483/4837 3940/2455/4838 3935/2453/4828
f 4091/2482/4829 4092/2483/4839 3883/2455/4840 3884/2453/4830
f 4019/2485/4841 4196/2486/4842 4197/2487/4843 4179/2488/4844
f 3959/2489/4845 3960/2490/4846 3963/2485/4845
f 4193/2491/4847 4195/2492/4848 3949/2493/4849 3958/2494/4849
f 4191/2495/4850 4168/2496/4851 3956/2497/4852 4184/2498/4853
f 4166/2499/4854 4167/2500/4855 3958/2494/4849 3949/2493/4849
f 3954/2501/4856 3952/2502/4857 3957/2503/4857 3955/2504/4856
f 4184/2498/4858 3956/2497/4859 3948/2505/4859 4185/2506/4858
f 3952/2502/4860 3954/2501/4860 3953/2507/4861 3951/2508/4861
f 4172/2509/4862 4171/2510/4862 3951/2508/4861 3953/2507/4861
f 3955/2504/4856 4184/2498/4858 4185/2506/4858 3954/2501/4856
f 4187/2511/4863 4172/2509/4864 3953/2507/4865 4190/2512/4866
f 4183/2513/4867 4186/2514/4868 3945/2515/4869
f 3945/2515/4869 4186/2514/4868 3964/2516/4870 3950/2517/4871
f 3891/2438/4733 3900/2441/4736 3983/2440/4872 3978/2439/4873
f 3978/2439/4873 3983/2440/4872 3988/2443/4874 3977/2442/4875
f 3977/2442/4875 3988/2443/4874 3993/2445/4876 3976/2444/4877
f 3976/2444/4877 3993/2445/4876 3998/2447/4878 3975/2446/4879
f 3975/2446/4879 3998/2447/4878 4003/2449/4880 3974/2448/4881
f 3974/2448/4881 4003/2449/4880 4008/2451/4882 3973/2450/4883
f 3973/2450/4883 4008/2451/4882 4013/2453/4884 3972/2452/4885
f 3972/2452/4885 4013/2453/4884 3944/2455/4750 3892/2454/4749
f 4020/2456/4751 3901/2441/4754 3982/2440/4886 4029/2458/4887
f 4036/2456/4755 3902/2441/4758 3981/2440/4888 4045/2518/4889
f 4052/2456/4759 3903/2441/4762 3980/2440/4890 4061/2457/4891
f 4068/2459/4763 3904/2441/4766 3979/2440/4892 4077/2519/4893
f 4084/2456/4767 3882/2441/4770 3971/2440/4894 4093/2520/4895
f 4029/2458/4887 3982/2440/4886 3987/2443/4896 4030/2521/4897
f 4045/2518/4889 3981/2440/4888 3986/2443/4898 4046/2461/4899
f 4061/2457/4891 3980/2440/4890 3985/2443/4900 4062/2463/4901
f 4077/2519/4893 3979/2440/4892 3984/2443/4902 4078/2522/4903
f 4093/2520/4895 3971/2440/4894 3970/2443/4904 4094/2461/4905
f 4030/2521/4897 3987/2443/4896 3992/2445/4906 4031/2465/4907
f 4046/2461/4899 3986/2443/4898 3991/2445/4908 4047/2464/4909
f 4062/2463/4901 3985/2443/4900 3990/2445/4910 4063/2467/4911
f 4078/2522/4903 3984/2443/4902 3989/2445/4912 4079/2467/4913
f 4094/2461/4905 3970/2443/4904 3969/2445/4914 4095/2523/4915
f 4031/2465/4907 3992/2445/4906 3997/2447/4916 4032/2469/4917
f 4047/2464/4909 3991/2445/4908 3996/2447/4918 4048/2524/4919
f 4063/2467/4911 3990/2445/4910 3995/2447/4920 4064/2469/4921
f 4079/2467/4913 3989/2445/4912 3994/2447/4922 4080/2470/4923
f 4095/2523/4915 3969/2445/4914 3968/2447/4924 4096/2469/4925
f 4032/2469/4917 3997/2447/4916 4002/2449/4926 4033/2472/4927
f 4048/2524/4919 3996/2447/4918 4001/2449/4928 4049/2525/4929
f 4064/2469/4921 3995/2447/4920 4000/2449/4930 4065/2526/4931
f 4080/2470/4923 3994/2447/4922 3999/2449/4932 4081/2525/4933
f 4096/2469/4925 3968/2447/4924 3967/2449/4934 4097/2527/4935
f 4033/2472/4927 4002/2449/4926 4007/2451/4936 4034/2475/4937
f 4049/2525/4929 4001/2449/4928 4006/2451/4938 4050/2528/4939
f 4065/2526/4931 4000/2449/4930 4005/2451/4940 4066/2476/4941
f 4081/2525/4933 3999/2449/4932 4004/2451/4942 4082/2529/4943
f 4097/2527/4935 3967/2449/4934 3966/2451/4944 4098/2528/4945
f 4034/2475/4937 4007/2451/4936 4012/2453/4946 4035/2479/4947
f 4050/2528/4939 4006/2451/4938 4011/2453/4948 4051/2482/4949
f 4066/2476/4941 4005/2451/4940 4010/2453/4950 4067/2530/4951
f 4082/2529/4943 4004/2451/4942 4009/2453/4952 4083/2479/4953
f 4098/2528/4945 3966/2451/4944 3965/2453/4954 4099/2531/4955
f 4035/2479/4947 4012/2453/4946 3943/2455/4832 4028/2483/4831
f 4051/2482/4949 4011/2453/4948 3942/2455/4834 4044/2483/4833
f 4067/2530/4951 4010/2453/4950 3941/2455/4836 4060/2484/4835
f 4083/2479/4953 4009/2453/4952 3940/2455/4838 4076/2483/4837
f 4099/2531/4955 3965/2453/4954 3883/2455/4840 4092/2483/4839
f 3960/2490/4956 4192/2532/4957 3963/2485/4958
f 3959/2489/4959 4019/2485/4959 3960/2490/4960
f 4193/2491/4961 3958/2494/4962 4015/2493/4962 4196/2486/4963
f 4178/2533/4964 4175/2498/4965 3956/2497/4966 4168/2496/4967
f 4169/2499/4968 4015/2493/4962 3958/2494/4962 4167/2500/4968
f 4017/2501/4969 4018/2504/4969 3957/2503/4857 3952/2502/4857
f 4175/2498/4970 4176/2506/4970 3948/2505/4859 3956/2497/4859
f 3952/2502/4971 3951/2508/4972 4016/2507/4973 4017/2501/4971
f 4173/2534/4974 4016/2507/4973 3951/2508/4972 4171/2510/4975
f 4018/2504/4969 4017/2501/4969 4176/2506/4970 4175/2498/4970
f 4182/2535/4976 4181/2536/4977 4016/2507/4978 4173/2534/4979
f 4174/2537/4867 4014/2515/4869 4177/2538/4980
f 4014/2515/4869 3950/2517/4871 3964/2516/4870 4177/2538/4980
f 4013/2452/4884 4035/2479/4947 4028/2483/4831 3944/2454/4750
f 4008/2450/4882 4034/2475/4937 4035/2479/4947 4013/2452/4884
f 4003/2448/4880 4033/2472/4927 4034/2475/4937 4008/2450/4882
f 3998/2446/4878 4032/2469/4917 4033/2472/4927 4003/2448/4880
f 3993/2444/4876 4031/2465/4907 4032/2469/4917 3998/2446/4878
f 3988/2442/4874 4030/2521/4897 4031/2465/4907 3993/2444/4876
f 3983/2439/4872 4029/2458/4887 4030/2521/4897 3988/2442/4874
f 3900/2438/4736 4020/2456/4751 4029/2458/4887 3983/2439/4872
f 3939/2452/4748 3944/2454/4750 4028/2483/4831 4027/2479/4821
f 3934/2450/4746 3939/2452/4748 4027/2479/4821 4026/2475/4811
f 3929/2448/4744 3934/2450/4746 4026/2475/4811 4025/2472/4801
f 3924/2446/4742 3929/2448/4744 4025/2472/4801 4024/2468/4791
f 3919/2444/4740 3924/2446/4742 4024/2468/4791 4023/2464/4781
f 3914/2442/4738 3919/2444/4740 4023/2464/4781 4022/2461/4771
f 3909/2439/4735 3914/2442/4738 4022/2461/4771 4021/2457/4752
f 3900/2438/4736 3909/2439/4735 4021/2457/4752 4020/2456/4751
f 4012/2452/4946 4051/2482/4949 4044/2483/4833 3943/2454/4832
f 4007/2450/4936 4050/2528/4939 4051/2482/4949 4012/2452/4946
f 4002/2448/4926 4049/2525/4929 4050/2528/4939 4007/2450/4936
f 3997/2446/4916 4048/2524/4919 4049/2525/4929 4002/2448/4926
f 3992/2444/4906 4047/2464/4909 4048/2524/4919 3997/2446/4916
f 3987/2442/4896 4046/2461/4899 4047/2464/4909 3992/2444/4906
f 3982/2439/4886 4045/2518/4889 4046/2461/4899 3987/2442/4896
f 3901/2438/4754 4036/2456/4755 4045/2518/4889 3982/2439/4886
f 3938/2452/4822 3943/2454/4832 4044/2483/4833 4043/2480/4823
f 3933/2450/4812 3938/2452/4822 4043/2480/4823 4042/2476/4813
f 3928/2448/4802 3933/2450/4812 4042/2476/4813 4041/2472/4803
f 3923/2446/4792 3928/2448/4802 4041/2472/4803 4040/2469/4793
f 3918/2444/4782 3923/2446/4792 4040/2469/4793 4039/2465/4783
f 3913/2442/4772 3918/2444/4782 4039/2465/4783 4038/2461/4773
f 3908/2439/4753 3913/2442/4772 4038/2461/4773 4037/2457/4756
f 3901/2438/4754 3908/2439/4753 4037/2457/4756 4036/2456/4755
f 4011/2452/4948 4067/2530/4951 4060/2484/4835 3942/2454/4834
f 4006/2450/4938 4066/2476/4941 4067/2530/4951 4011/2452/4948
f 4001/2448/4928 4065/2526/4931 4066/2476/4941 4006/2450/4938
f 3996/2446/4918 4064/2469/4921 4065/2526/4931 4001/2448/4928
f 3991/2444/4908 4063/2467/4911 4064/2469/4921 3996/2446/4918
f 3986/2442/4898 4062/2463/4901 4063/2467/4911 3991/2444/4908
f 3981/2439/4888 4061/2457/4891 4062/2463/4901 3986/2442/4898
f 3902/2438/4758 4052/2456/4759 4061/2457/4891 3981/2439/4888
f 3937/2452/4824 3942/2454/4834 4060/2484/4835 4059/2481/4825
f 3932/2450/4814 3937/2452/4824 4059/2481/4825 4058/2477/4815
f 3927/2448/4804 3932/2450/4814 4058/2477/4815 4057/2473/4805
f 3922/2446/4794 3927/2448/4804 4057/2473/4805 4056/2470/4795
f 3917/2444/4784 3922/2446/4794 4056/2470/4795 4055/2464/4785
f 3912/2442/4774 3917/2444/4784 4055/2464/4785 4054/2461/4775
f 3907/2439/4757 3912/2442/4774 4054/2461/4775 4053/2458/4760
f 3902/2438/4758 3907/2439/4757 4053/2458/4760 4052/2456/4759
f 4010/2452/4950 4083/2479/4953 4076/2483/4837 3941/2454/4836
f 4005/2450/4940 4082/2529/4943 4083/2479/4953 4010/2452/4950
f 4000/2448/4930 4081/2525/4933 4082/2529/4943 4005/2450/4940
f 3995/2446/4920 4080/2470/4923 4081/2525/4933 4000/2448/4930
f 3990/2444/4910 4079/2467/4913 4080/2470/4923 3995/2446/4920
f 3985/2442/4900 4078/2522/4903 4079/2467/4913 3990/2444/4910
f 3980/2439/4890 4077/2519/4893 4078/2522/4903 3985/2442/4900
f 3903/2438/4762 4068/2459/4763 4077/2519/4893 3980/2439/4890
f 3936/2452/4826 3941/2454/4836 4076/2483/4837 4075/2479/4827
f 3931/2450/4816 3936/2452/4826 4075/2479/4827 4074/2476/4817
f 3926/2448/4806 3931/2450/4816 4074/2476/4817 4073/2474/4807
f 3921/2446/4796 3926/2448/4806 4073/2474/4807 4072/2471/4797
f 3916/2444/4786 3921/2446/4796 4072/2471/4797 4071/2466/4787
f 3911/2442/4776 3916/2444/4786 4071/2466/4787 4070/2462/4777
f 3906/2439/4761 3911/2442/4776 4070/2462/4777 4069/2460/4764
f 3903/2438/4762 3906/2439/4761 4069/2460/4764 4068/2459/4763
f 4009/2452/4952 4099/2531/4955 4092/2483/4839 3940/2454/4838
f 4004/2450/4942 4098/2528/4945 4099/2531/4955 4009/2452/4952
f 3999/2448/4932 4097/2527/4935 4098/2528/4945 4004/2450/4942
f 3994/2446/4922 4096/2469/4925 4097/2527/4935 3999/2448/4932
f 3989/2444/4912 4095/2523/4915 4096/2469/4925 3994/2446/4922
f 3984/2442/4902 4094/2461/4905 4095/2523/4915 3989/2444/4912
f 3979/2439/4892 4093/2520/4895 4094/2461/4905 3984/2442/4902
f 3904/2438/4766 4084/2456/4767 4093/2520/4895 3979/2439/4892
f 3935/2452/4828 3940/2454/4838 4092/2483/4839 4091/2482/4829
f 3930/2450/4818 3935/2452/4828 4091/2482/4829 4090/2478/4819
f 3925/2448/4808 3930/2450/4818 4090/2478/4819 4089/2474/4809
f 3920/2446/4798 3925/2448/4808 4089/2474/4809 4088/2469/4799
f 3915/2444/4788 3920/2446/4798 4088/2469/4799 4087/2467/4789
f 3910/2442/4778 3915/2444/4788 4087/2467/4789 4086/2463/4779
f 3905/2439/4765 3910/2442/4778 4086/2463/4779 4085/2460/4768
f 3904/2438/4766 3905/2439/4765 4085/2460/4768 4084/2456/4767
f 2559/1745/2775 4100/1734/4981 2555/1753/4982 2552/1746/2781
f 3291/1739/2788 4101/2400/2787 3293/1738/3974
f 4100/1733/4981 2559/1739/2775 2561/1738/2774
f 3101/1497/4983 3102/1493/4984 4105/2392/3714 4102/2381/3691
f 3094/1519/4985 3095/1497/4986 4106/2391/3712 4103/2379/3687
f 3102/1493/4984 3103/1494/4987 4107/2390/3710 4105/2392/3714
f 3095/1497/4986 3096/1498/4988 4108/2389/3708 4106/2391/3712
f 3103/1494/4987 3104/1500/4989 4109/2388/3707 4107/2390/3710
f 3096/1498/4988 3097/1502/4990 4110/2387/3705 4108/2389/3708
f 3104/1500/4989 3105/1504/3704 4111/2385/3702 4109/2388/3707
f 3097/1502/4990 3098/1506/4991 4112/2384/3700 4110/2387/3705
f 3090/1509/4992 3091/1504/4993 4113/2383/3698 4104/2386/3703
f 3105/1504/3704 3090/1509/4992 4104/2386/3703 4111/2385/3702
f 3098/1506/4991 3099/1502/4994 4114/2382/3696 4112/2384/3700
f 3091/1504/4993 3092/1500/4995 4115/1551/3694 4113/2383/3698
f 3099/1502/4994 3100/1498/4996 4116/2380/3690 4114/2382/3696
f 3092/1500/4995 3093/1516/4997 4117/1547/3686 4115/1551/3694
f 3100/1498/4996 3101/1497/4983 4102/2381/3691 4116/2380/3690
f 3093/1516/4997 3094/1519/4985 4103/2379/3687 4117/1547/3686
f 3179/1568/3750 3177/1567/3777 4130/2399/3776 4132/2394/3751
f 3178/1490/3626 3176/1568/3775 4129/2394/3774 4131/2378/3627
f 3225/1591/3780 4130/2399/3776 4128/1587/3772 3223/1643/4998
f 3224/1590/3778 4129/2394/3774 4127/1576/3770 3222/1644/4999
f 3223/1643/4998 4128/1587/3772 4126/2398/3768 3221/1645/5000
f 3222/1644/4999 4127/1576/3770 4125/1579/3766 3220/1646/5001
f 3221/1645/5000 4126/2398/3768 4124/2397/3760 3219/1584/5002
f 3220/1646/5001 4125/1579/3766 4123/1581/3758 3218/1647/5003
f 3180/1575/3762 3169/1573/3757 4122/2396/3756 4133/1582/3763
f 3219/1584/5002 4124/2397/3760 4133/1582/3763 3228/1583/3765
f 3218/1647/5003 4123/1581/3758 4121/1579/3754 3216/1646/5004
f 3217/1584/3764 4122/2396/3756 4120/2395/3752 3215/1645/5005
f 3216/1646/5004 4121/1579/3754 4119/2393/3748 3214/1644/5006
f 3215/1645/5005 4120/2395/3752 4118/2377/3624 3213/1648/5007
f 3214/1644/5006 4119/2393/3748 4132/2394/3751 3227/1590/3781
f 3213/1648/5007 4118/2377/3624 4131/2378/3627 3226/1589/3779
f 2447/1568/2551 4148/1577/2550 4146/1588/2577 2445/1567/2578
f 2446/1490/2427 4147/1489/2426 4145/1577/2575 2444/1568/2576
f 2493/1591/2582 2491/1643/5008 4144/1587/2573 4146/1588/2577
f 2492/1590/2580 2490/1644/5009 4143/1576/2571 4145/1577/2575
f 2491/1643/5008 2489/1645/5010 4142/1586/2569 4144/1587/2573
f 2490/1644/5009 2488/1646/5011 4141/1585/2567 4143/1576/2571
f 2489/1645/5010 2487/1584/5012 4140/1580/2561 4142/1586/2569
f 2488/1646/5011 2486/1647/5013 4139/1581/2559 4141/1585/2567
f 2448/1575/2563 4149/1582/2562 4138/1580/2557 2437/1573/2558
f 2487/1584/5012 2496/1583/2565 4149/1582/2562 4140/1580/2561
f 2486/1647/5013 2484/1646/5014 4137/1579/2555 4139/1581/2559
f 2485/1584/2566 2483/1645/5015 4136/1578/2553 4138/1580/2557
f 2484/1646/5014 2482/1644/5016 4135/1576/2549 4137/1579/2555
f 2483/1645/5015 2481/1648/5017 4134/1488/2425 4136/1578/2553
f 2482/1644/5016 2495/1590/2581 4148/1577/2550 4135/1576/2549
f 2481/1648/5017 2494/1589/2579 4147/1489/2426 4134/1488/2425
f 2369/1497/5018 4150/1550/2491 4153/1562/2514 2370/1493/5019
f 2362/1519/5020 4151/1548/2487 4154/1561/2512 2363/1497/5021
f 2370/1493/5019 4153/1562/2514 4155/1560/2510 2371/1494/5022
f 2363/1497/5021 4154/1561/2512 4156/1559/2508 2364/1498/5023
f 2371/1494/5022 4155/1560/2510 4157/1558/2506 2372/1500/5024
f 2364/1498/5023 4156/1559/2508 4158/1557/2504 2365/1502/5025
f 2372/1500/5024 4157/1558/2506 4159/1555/2500 2373/1504/5026
f 2365/1502/5025 4158/1557/2504 4160/1554/2498 2366/1506/5027
f 2358/1509/2502 4152/1556/2503 4161/1553/2496 2359/1504/2497
f 2373/1504/5026 4159/1555/2500 4152/1556/2503 2358/1509/2502
f 2366/1506/5027 4160/1554/2498 4162/1552/2494 2367/1502/5028
f 2359/1504/2497 4161/1553/2496 4163/1551/2492 2360/1500/5029
f 2367/1502/5028 4162/1552/2494 4164/1549/2488 2368/1498/2489
f 2360/1500/5029 4163/1551/2492 4165/1547/2484 2361/1516/5030
f 2368/1498/2489 4164/1549/2488 4150/1550/2491 2369/1497/5018
f 2361/1516/5030 4165/1547/2484 4151/1548/2487 2362/1519/5020
f 3794/2309/5031 3764/2310/5031 3763/2323/5031
f 3763/2323/5032 3764/2310/5032 3007/2309/5032
f 3795/2321/4680 3794/2309/3552 3776/2270/3553 3777/2271/4681
f 4018/2504/5033 4169/2499/4968 4167/2500/4968 3957/2503/5033
f 4180/2539/5034 4178/2533/4964 4168/2496/4967 3962/2540/5035
f 3955/2504/5036 3957/2503/5036 4167/2500/4855 4166/2499/4854
f 4189/2541/5037 3962/2540/5038 4168/2496/4851 4191/2495/4850
f 4015/2493/5039 4169/2499/5040 4178/2533/4964 4180/2539/5034
f 4014/2515/5041 4173/2534/4974 4171/2510/4975 3950/2517/5041
f 3949/2493/5042 4189/2541/5037 4191/2495/4850 4166/2499/5043
f 3945/2515/5044 3950/2517/5044 4171/2510/4862 4172/2509/4862
f 4183/2513/5045 3945/2515/5046 4172/2509/4864 4187/2511/4863
f 4194/2542/5047 4197/2487/4843 4180/2539/5034 3962/2540/5035
f 4170/2543/5048 3947/2544/5049 4181/2536/4977 4182/2535/4976
f 3948/2505/5050 4176/2506/5051 4181/2536/4977 3947/2544/5049
f 3946/2545/5052 4170/2543/5048 4182/2535/4976 4174/2537/5053
f 4176/2506/5051 4017/2501/5054 4016/2507/4978 4181/2536/4977
f 3946/2545/4867 4174/2537/4867 4177/2538/4980 3964/2516/4870
f 4169/2499/5040 4018/2504/5055 4175/2498/4965 4178/2533/4964
f 4196/2486/4842 4015/2493/5039 4180/2539/5034 4197/2487/4843
f 4194/2542/5056 3962/2540/5038 4189/2541/5037 4198/2546/5057
f 4170/2543/5058 4187/2511/4863 4190/2512/4866 3947/2544/5059
f 3948/2505/5060 3947/2544/5059 4190/2512/4866 4185/2506/5061
f 3946/2545/5062 4183/2513/5045 4187/2511/4863 4170/2543/5058
f 4185/2506/5061 4190/2512/4866 3953/2507/4865 3954/2501/5063
f 3946/2545/4867 3964/2516/4870 4186/2514/4868 4183/2513/4867
f 4166/2499/5043 4191/2495/4850 4184/2498/4853 3955/2504/5064
f 4195/2492/5065 3963/2485/4958 4192/2532/4957 4188/2547/5066 4198/2546/5057
f 3961/2548/5067 4194/2542/5056 4198/2546/5057 4188/2547/5066
f 3960/2490/5068 4179/2488/4844 3961/2548/5069
f 4192/2532/4957 3960/2490/4956 3961/2548/5067 4188/2547/5066
f 3961/2548/5069 4179/2488/4844 4197/2487/4843 4194/2542/5047
f 4019/2485/4841 4179/2488/4844 3960/2490/5068
f 3949/2493/5042 4195/2492/5065 4198/2546/5057 4189/2541/5037
f 3959/2489/4959 4193/2491/4961 4196/2486/4963 4019/2485/4959
f 3959/2489/4845 3963/2485/4845 4195/2492/4848 4193/2491/4847
f 4174/2537/5053 4182/2535/4976 4173/2534/4979 4014/2515/5070
f 3414/1824/5071 3403/1825/4034 4213/2403/4034 4211/1794/4053
f 3413/1828/5072 3401/1829/5073 4212/2402/4031 4210/2411/4050
f 3412/1829/5074 3415/1828/5075 4214/2412/4052 4209/2410/4048
f 3415/1828/5075 3414/1824/5071 4211/1794/4053 4214/2412/4052
f 3411/1824/5076 3413/1828/5072 4210/2411/4050 4208/2409/4046
f 3410/1832/4045 3412/1829/5074 4209/2410/4048 4207/2408/4045
f 3409/1825/4044 3411/1824/5076 4208/2409/4046 4206/1791/4044
f 3408/1834/5077 3410/1832/4045 4207/2408/4045 4205/1790/4042
f 3407/1836/4041 3409/1825/4044 4206/1791/4044 4204/1789/4041
f 3406/1883/5078 3408/1834/5077 4205/1790/4042 4203/2407/4039
f 3405/1842/4038 3407/1836/4041 4204/1789/4041 4202/2406/4038
f 3404/1834/5079 3406/1883/5078 4203/2407/4039 4201/2405/4036
f 3402/1836/4035 3405/1842/4038 4202/2406/4038 4200/2404/4035
f 3400/1832/4032 3404/1834/5079 4201/2405/4036 4199/1778/4032
f 3403/1825/4034 3402/1836/4035 4200/2404/4035 4213/2403/4034
f 3401/1829/5073 3400/1832/4032 4199/1778/4032 4212/2402/4031
f 2682/1824/5080 4227/1794/2863 4229/1779/2842 2671/1825/2842
f 2681/1828/5081 4226/1796/2859 4228/1776/2839 2669/1829/5082
f 2680/1829/5083 4225/1795/2857 4230/1797/2860 2683/1828/5084
f 2683/1828/5084 4230/1797/2860 4227/1794/2863 2682/1824/5080
f 2679/1824/5085 4224/1794/2855 4226/1796/2859 2681/1828/5081
f 2678/1832/2853 4223/1792/2853 4225/1795/2857 2680/1829/5083
f 2677/1825/2852 4222/1791/2852 4224/1794/2855 2679/1824/5085
f 2676/1834/5086 4221/1790/2851 4223/1792/2853 2678/1832/2853
f 2675/1836/2849 4220/1789/2849 4222/1791/2852 2677/1825/2852
f 2674/1883/5087 4219/1788/2848 4221/1790/2851 2676/1834/5086
f 2673/1842/2846 4218/1786/2846 4220/1789/2849 2675/1836/2849
f 2672/1834/5088 4217/1784/2845 4219/1788/2848 2674/1883/5087
f 2670/1836/2843 4216/1782/2843 4218/1786/2846 2673/1842/2846
f 2668/1832/2841 4215/1778/2841 4217/1784/2845 2672/1834/5088
f 2671/1825/2842 4229/1779/2842 4216/1782/2843 2670/1836/2843
f 2669/1829/5082 4228/1776/2839 4215/1778/2841 2668/1832/2841
f 4232/2328/3565 4231/2326/3565 3009/2205/3565
f 3757/2239/4606 3760/2237/4605 3738/2238/5089
f 2987/2237/3467 2986/2239/3466 2969/2238/5090
f 2987/2237/3464 2979/2240/3463 2975/2260/5091
f 3757/2239/4600 3761/2228/4599 3752/2259/5092
f 3749/2240/4623 3761/2228/4622 3738/2238/5093
f 3749/2240/4603 3760/2237/4602 3745/2260/5094
f 2988/2228/3461 2986/2239/3460 2981/2259/5095
f 2988/2228/3488 2979/2240/3487 2969/2238/5096
l 3758 3759
o GregarBuster
v -1.004216 0.772516 0.036044
v -0.999038 0.748286 0.031854
v -0.987712 0.747157 0.038468
v -0.820452 0.796239 -0.051955
v -0.993847 0.775862 0.043431
v -0.827502 0.829225 -0.046252
v -1.005589 0.802748 0.038385
v -0.840996 0.860120 -0.052050
v -1.021152 0.823723 0.024099
v -0.848743 0.910811 -0.068299
v -1.038164 0.835593 0.002748
v -0.868487 0.926312 -0.092184
v -1.054037 0.836552 -0.022419
v -0.886533 0.925553 -0.121754
v -1.066354 0.826453 -0.047569
v -0.910822 0.887360 -0.150822
v -1.073239 0.806834 -0.068874
v -0.918734 0.864815 -0.175304
v -1.073645 0.780681 -0.083090
v -0.919201 0.834763 -0.191640
v -1.067510 0.751976 -0.088053
v -0.912151 0.801778 -0.197343
v -1.055767 0.725090 -0.083007
v -0.898657 0.770882 -0.191545
v -1.040205 0.704115 -0.068721
v -0.865922 0.728204 -0.190751
v -1.023193 0.692245 -0.047369
v -0.846178 0.712703 -0.166866
v -1.007320 0.691286 -0.022203
v -0.828132 0.713462 -0.137296
v -0.995003 0.701385 0.002947
v -0.828831 0.743642 -0.092773
v -0.988118 0.721005 0.024252
v -0.820919 0.766187 -0.068291
v -1.014128 0.795210 0.031785
v -1.027264 0.812915 0.019726
v -1.041625 0.822935 0.001703
v -1.055023 0.823744 -0.019540
v -1.065419 0.815220 -0.040769
v -1.071231 0.798659 -0.058752
v -1.071574 0.776584 -0.070752
v -1.066395 0.752355 -0.074941
v -1.056483 0.729660 -0.070682
v -1.043347 0.711955 -0.058624
v -1.028987 0.701935 -0.040601
v -1.015589 0.701126 -0.019358
v -1.005192 0.709651 0.001871
v -0.999380 0.726211 0.019855
v -1.024831 0.718050 0.035596
v -1.024488 0.740125 0.047595
v -1.030643 0.701489 0.017613
v -1.041040 0.692964 -0.003617
v -1.054438 0.693774 -0.024860
v -1.068798 0.703793 -0.042882
v -1.081934 0.721498 -0.054941
v -1.091846 0.744193 -0.059200
v -1.097025 0.768422 -0.055011
v -1.096682 0.790498 -0.043011
v -1.090870 0.807058 -0.025028
v -1.080473 0.815583 -0.003799
v -1.067075 0.814773 0.017444
v -1.052715 0.804754 0.035467
v -1.039579 0.787049 0.047526
v -1.029667 0.764354 0.051785
v -1.011771 0.710951 0.042964
v -1.011285 0.737954 0.057750
v -1.026663 0.688756 0.024113
v -1.019070 0.659568 -0.021417
v -1.035264 0.658545 -0.048130
v -1.053056 0.672827 -0.069492
v -1.089462 0.713254 -0.064719
v -1.095437 0.743590 -0.075386
v -1.101844 0.773282 -0.070351
v -1.101358 0.800285 -0.055564
v -1.100403 0.818011 -0.028094
v -1.072458 0.858595 -0.004544
v -1.056264 0.859618 0.022169
v -1.038471 0.845336 0.043531
v -1.037604 0.793512 0.060738
v -1.017692 0.767645 0.062785
v -1.124298 0.698295 0.078600
v -1.124241 0.715683 0.087708
v -1.119343 0.692891 0.059777
v -1.136032 0.678942 0.051145
v -1.146227 0.679573 0.036113
v -1.156142 0.686787 0.022699
v -1.154332 0.706540 0.010284
v -1.171695 0.716785 0.011554
v -1.175544 0.735696 0.015138
v -1.175487 0.753084 0.024245
v -1.160427 0.764906 0.030690
v -1.165044 0.772023 0.052499
v -1.155785 0.771092 0.068110
v -1.144934 0.764178 0.080945
v -1.125439 0.751256 0.080183
v -1.128089 0.734594 0.091291
v -1.123302 0.709616 0.066677
v -1.123126 0.720990 0.072860
v -1.126297 0.701083 0.057411
v -1.131654 0.696691 0.046473
v -1.138557 0.697108 0.035527
v -1.145957 0.702270 0.026241
v -1.152725 0.711393 0.020028
v -1.157832 0.723086 0.017833
v -1.160500 0.735570 0.019992
v -1.160324 0.746945 0.026175
v -1.157329 0.755477 0.035441
v -1.151972 0.759870 0.046379
v -1.145069 0.759453 0.057324
v -1.137670 0.754290 0.066611
v -1.130901 0.745167 0.072824
v -1.125794 0.733474 0.075018
v -1.154424 0.709649 0.080431
v -1.154285 0.718583 0.085287
v -1.156776 0.702947 0.073153
v -1.160984 0.699496 0.064561
v -1.166406 0.699824 0.055964
v -1.172218 0.703879 0.048670
v -1.177534 0.711044 0.043790
v -1.181545 0.720229 0.042066
v -1.183641 0.730035 0.043761
v -1.183503 0.738969 0.048618
v -1.181151 0.745671 0.055896
v -1.176943 0.749121 0.064487
v -1.171521 0.748794 0.073085
v -1.165709 0.744739 0.080379
v -1.160393 0.737573 0.085259
v -1.156381 0.728389 0.086982
v -1.158357 0.713614 0.076128
v -1.158255 0.720132 0.079671
v -1.160073 0.708724 0.070819
v -1.163142 0.706208 0.064551
v -1.167098 0.706446 0.058279
v -1.171338 0.709405 0.052958
v -1.175216 0.714632 0.049398
v -1.178142 0.721333 0.048140
v -1.179672 0.728486 0.049377
v -1.179570 0.735004 0.052920
v -1.177854 0.739893 0.058229
v -1.174785 0.742410 0.064497
v -1.170829 0.742171 0.070769
v -1.166589 0.739213 0.076090
v -1.162711 0.733986 0.079651
v -1.159785 0.727285 0.080908
v -1.153134 0.716848 0.070889
v -1.153044 0.722645 0.074040
v -1.154660 0.712500 0.066166
v -1.157390 0.710261 0.060592
v -1.160908 0.710474 0.055014
v -1.164679 0.713105 0.050281
v -1.168128 0.717754 0.047115
v -1.170731 0.723713 0.045997
v -1.172091 0.730075 0.047097
v -1.172001 0.735872 0.050248
v -1.170475 0.740220 0.054970
v -1.167745 0.742459 0.060544
v -1.164226 0.742246 0.066122
v -1.160456 0.739615 0.070855
v -1.157006 0.734966 0.074021
v -1.154404 0.729007 0.075140
v -1.085681 0.653183 -0.046558
v -1.121897 0.709898 -0.027218
v -1.077356 0.842048 0.064825
v -1.081521 0.772384 0.070461
v -1.131345 0.731531 -0.031277
v -1.072073 0.750750 0.074521
v -1.136282 0.754628 -0.027284
v -1.067136 0.727653 0.070527
v -1.067462 0.706610 0.059088
v -1.135956 0.775672 -0.015845
v -1.073003 0.690823 0.041945
v -1.130415 0.791458 0.001298
v -1.056439 0.641776 -0.005193
v -1.106598 0.853455 0.023461
v -1.070199 0.639229 -0.028760
v -1.092839 0.856002 0.047028
v -0.879156 0.879402 -0.103750
v -0.866991 0.762924 -0.144473
v -0.877554 0.817758 -0.115712
v -1.162567 0.726360 0.060568
vn -0.5632 0.2197 -0.7966
vn -0.4827 -0.1565 -0.8617
vn -0.9482 -0.3048 0.0894
vn -0.8823 -0.4558 0.1177
vn 0.5147 -0.2346 0.8247
vn 0.4344 0.1410 0.8896
vn -0.3062 0.9520 -0.0014
vn -0.4676 0.8196 -0.3310
vn -0.9417 0.1134 0.3167
vn -0.9804 0.0032 0.1971
vn 0.3138 0.4323 0.8454
vn 0.3131 0.4321 0.8458
vn 0.4676 -0.8196 0.3311
vn 0.5578 -0.5625 0.6103
vn -0.6879 0.0981 0.7191
vn -0.7834 0.1647 0.5993
vn 0.1843 0.6430 0.7433
vn 0.4827 0.1565 0.8617
vn 0.3288 0.5089 0.7955
vn -0.5024 -0.4787 0.7200
vn -0.5001 -0.3319 0.7998
vn -0.1057 0.8104 0.5762
vn -0.2363 0.8810 0.4100
vn -0.0981 0.9394 0.3284
vn -0.6102 -0.6456 0.4592
vn -0.5411 -0.5889 0.6004
vn -0.3551 0.9077 0.2234
vn -0.5578 0.5625 -0.6103
vn -0.7949 -0.5736 0.1980
vn -0.4404 0.8867 -0.1404
vn -0.5368 0.7641 -0.3578
vn 0.5632 -0.2197 0.7966
vn -0.9827 -0.1436 0.1173
vn -0.6044 0.5463 -0.5799
vn -0.3288 -0.5089 -0.7955
vn -0.1249 -0.7838 -0.6083
vn 0.6450 0.0057 -0.7642
vn -0.5346 -0.1707 0.8277
vn -0.6098 0.2041 -0.7659
vn 0.3062 -0.9520 0.0014
vn 0.9229 -0.1028 -0.3710
vn -0.8726 0.1701 0.4579
vn -0.5295 -0.1715 -0.8308
vn -0.6005 -0.0197 0.7994
vn -0.4086 -0.4627 -0.7867
vn -0.4093 -0.4629 -0.7863
vn 0.1249 0.7838 0.6083
vn -0.2776 -0.6729 -0.6857
vn -0.6994 -0.6402 0.3178
vn -0.1666 -0.8977 -0.4078
vn -0.0429 -0.9705 -0.2373
vn 0.0829 -0.9950 -0.0550
vn 0.6772 0.2934 -0.6748
vn 0.6096 0.3176 -0.7263
vn 0.3472 -0.9166 0.1981
vn 0.4419 -0.7945 0.4165
vn 0.8498 0.0632 -0.5233
vn 0.8196 0.0255 -0.5724
vn 0.8205 0.2631 -0.5075
vn 0.0981 -0.9394 -0.3284
vn 0.8215 0.0450 -0.5684
vn 0.5094 -0.5768 0.6387
vn -0.6151 -0.5343 -0.5798
vn -0.6979 -0.3342 -0.6335
vn 0.6748 0.3168 -0.6666
vn 0.9232 0.2198 -0.3151
vn 0.9532 0.1836 -0.2403
vn 0.9233 0.2198 -0.3151
vn 0.7974 0.1555 -0.5831
vn 0.7914 0.4247 -0.4397
vn 0.8290 0.3661 -0.4228
vn 0.8238 0.0932 -0.5592
vn 0.6820 0.6348 -0.3633
vn 0.8166 -0.1034 -0.5678
vn 0.8129 -0.1554 -0.5613
vn 0.7120 0.6183 -0.3328
vn 0.7908 -0.1364 -0.5967
vn 0.7324 0.6151 -0.2919
vn 0.7825 -0.0901 -0.6161
vn 0.7624 -0.1357 -0.6327
vn 0.8533 0.1337 -0.5041
vn 0.7890 0.4256 -0.4430
vn 0.7731 0.3879 -0.5018
vn 0.8261 0.0923 -0.5559
vn 0.9257 0.1965 -0.3233
vn -0.7727 -0.5932 0.2260
vn 0.0391 0.3496 0.9361
vn 0.1415 0.1558 0.9776
vn 0.0390 0.3496 0.9361
vn -0.7168 -0.1934 -0.6699
vn -0.6491 -0.3842 -0.6566
vn -0.6922 -0.1594 -0.7039
vn 0.2260 0.0360 0.9735
vn 0.1560 0.2261 0.9615
vn 0.2776 0.0264 0.9603
vn -0.7800 0.1324 -0.6116
vn -0.7553 0.1446 -0.6392
vn 0.2910 -0.5866 0.7558
vn 0.2962 -0.2875 0.9108
vn 0.3331 -0.2800 0.9004
vn 0.3390 -0.5617 0.7547
vn -0.7819 0.4292 -0.4522
vn -0.7536 0.4287 -0.4983
vn 0.2567 -0.7375 0.6246
vn -0.7497 0.5794 -0.3197
vn 0.3159 -0.6465 0.6945
vn 0.2274 -0.6338 0.7393
vn -0.7480 0.5079 -0.4272
vn -0.8106 0.4468 -0.3786
vn -0.4235 -0.9045 0.0499
vn -0.2882 -0.9307 0.2251
vn -0.5788 0.5831 0.5700
vn -0.6892 0.6173 0.3795
vn -0.5377 -0.8334 -0.1277
vn -0.4398 0.5200 0.7323
vn 0.3746 -0.2709 0.8867
vn 0.3457 0.1126 0.9316
vn -0.7278 0.3246 0.6041
vn -0.7779 0.3440 0.5259
vn -0.6150 -0.7553 0.2265
vn -0.5589 -0.7727 0.3009
vn -0.6712 0.3024 0.6768
vn -0.6656 -0.7311 0.1501
vn -0.8526 0.1720 0.4935
vn -0.6321 -0.6481 0.4248
vn -0.4676 -0.4469 0.7626
vn -0.9901 -0.0206 0.1390
vn -0.2966 -0.3426 0.8914
vn -0.3059 -0.2324 0.9233
vn -0.9978 0.0375 -0.0554
vn -0.9931 -0.0709 -0.0937
vn -0.9752 -0.1785 -0.1309
vn -0.2834 -0.4484 0.8477
vn -0.9659 -0.2525 0.0579
vn -0.4919 -0.2149 0.8437
vn -0.7120 0.1171 0.6923
vn -0.8205 -0.2631 0.5075
vn -0.6816 0.5133 -0.5215
vn -0.7257 0.1583 -0.6696
vn 0.1910 -0.8608 0.4718
vn 0.3191 -0.6123 0.7234
vn 0.1910 -0.8608 0.4717
vn -0.5567 0.7849 -0.2720
vn 0.0120 -0.9850 0.1722
vn 0.0119 -0.9850 0.1723
vn -0.3709 0.9278 0.0392
vn -0.1920 -0.9724 -0.1324
vn -0.1543 0.9191 0.3626
vn -0.3939 -0.8267 -0.4019
vn -0.3938 -0.8267 -0.4019
vn 0.0587 0.7602 0.6470
vn -0.5664 -0.5653 -0.5997
vn -0.5664 -0.5654 -0.5997
vn 0.2347 0.4762 0.8474
vn -0.6839 -0.2210 -0.6953
vn -0.3085 0.8384 0.4493
vn -0.5093 0.8506 0.1308
vn -0.1190 -0.9755 -0.1849
vn 0.0818 -0.9877 0.1336
vn -0.0932 0.6882 0.7195
vn -0.3343 -0.8253 -0.4551
vn 0.1037 0.4228 0.9003
vn -0.5312 -0.5599 -0.6359
vn 0.2523 0.0826 0.9641
vn -0.6798 -0.2197 -0.6997
vn 0.3300 -0.2807 0.9013
vn -0.7523 0.4745 -0.4570
vn -0.7575 0.1436 -0.6369
vn 0.3248 -0.6116 0.7214
vn -0.6652 0.7228 -0.1874
vn 0.2377 -0.8599 0.4518
vn 0.1995 0.8674 0.4559
vn 0.0407 0.9702 0.2388
vn 0.0640 -0.7829 -0.6189
vn 0.2341 -0.8821 -0.4088
vn -0.1215 0.9926 0.0019
vn 0.3849 -0.9081 -0.1648
vn -0.6899 0.5552 -0.4646
vn 0.3876 -0.6521 0.6516
vn -0.7707 0.5583 -0.3072
vn -0.7993 0.4288 -0.4210
vn 0.2299 -0.7317 0.6417
vn 0.2588 -0.6021 0.7553
vn -0.7997 0.1220 -0.5878
vn 0.2651 -0.2934 0.9185
vn 0.1915 0.0422 0.9806
vn -0.7320 -0.2156 -0.6463
vn 0.1319 0.2062 0.9696
vn 0.3019 0.1682 0.9384
vn 0.2354 0.1243 0.9639
vn 0.2354 0.1242 0.9639
vn -0.6042 -0.2652 -0.7514
vn -0.6675 -0.2628 -0.6967
vn -0.6727 -0.3796 -0.6351
vn -0.7869 0.5179 -0.3356
vn -0.7391 0.6531 -0.1647
vn -0.7391 0.6532 -0.1646
vn 0.1538 0.0705 0.9856
vn 0.0699 -0.9538 0.2922
vn 0.1631 -0.8379 0.5209
vn 0.2305 -0.6964 0.6797
vn -0.7370 -0.2575 -0.6249
vn -0.6310 0.7739 0.0548
vn -0.0885 0.5622 0.8222
vn -0.4726 -0.7421 -0.4752
vn 0.7986 0.0813 -0.5964
vn 0.8060 -0.0661 -0.5882
vn 0.7807 -0.0532 -0.6226
vn 0.8328 -0.0806 -0.5477
vn 0.8017 0.4256 -0.4196
vn 0.7765 0.4704 -0.4192
vn 0.7548 0.5289 -0.3879
vn 0.7615 0.5268 -0.3776
vn 0.7760 0.4369 -0.4550
vn 0.7488 0.5307 -0.3969
vn 0.7667 0.2459 -0.5931
vn 0.7599 0.2838 -0.5848
vn 0.7618 0.3171 -0.5649
vn 0.8639 0.2773 -0.4204
vn 0.8728 0.2399 -0.4250
vn 0.8733 0.2040 -0.4424
vn 0.3093 0.3328 0.8908
vn -0.4910 -0.3911 -0.7784
vn -0.6038 0.6890 -0.4008
vn 0.4221 -0.7473 0.5132
vt 0.429975 0.948759
vt 0.429975 0.957644
vt 0.420992 0.956956
vt 0.420992 0.948712
vt 0.438763 0.960681
vt 0.438763 0.970295
vt 0.432395 0.966184
vt 0.432395 0.957644
vt 0.438763 0.948855
vt 0.464102 0.949055
vt 0.464102 0.938526
vt 0.438763 0.938526
vt 0.429975 0.923768
vt 0.429975 0.932131
vt 0.420992 0.932451
vt 0.420992 0.923653
vt 0.438763 0.929061
vt 0.432395 0.940666
vt 0.432395 0.932131
vt 0.464102 0.929061
vt 0.429975 0.966184
vt 0.420992 0.965602
vt 0.438763 0.914196
vt 0.438763 0.902333
vt 0.432395 0.916144
vt 0.432395 0.923768
vt 0.429975 0.940666
vt 0.420992 0.941123
vt 0.432395 0.948759
vt 0.464102 0.913800
vt 0.464102 0.903484
vt 0.429975 0.916144
vt 0.420992 0.916059
vt 0.438763 0.984642
vt 0.432395 0.974578
vt 0.438763 0.903047
vt 0.464102 0.904400
vt 0.420992 0.948711
vt 0.429975 0.974578
vt 0.420992 0.974445
vt 0.464102 0.960681
vt 0.464102 0.970295
vt 0.438763 0.996365
vt 0.432395 0.982262
vt 0.464102 0.985900
vt 0.464102 0.995706
vt 0.418573 0.956956
vt 0.418573 0.948711
vt 0.412841 0.948686
vt 0.412634 0.956107
vt 0.738415 0.338045
vt 0.751932 0.346654
vt 0.743666 0.362112
vt 0.429975 0.982262
vt 0.420992 0.982090
vt 0.397956 0.960508
vt 0.383851 0.960382
vt 0.387077 0.956162
vt 0.418573 0.941123
vt 0.412712 0.941803
vt 0.418573 0.948712
vt 0.413032 0.948687
vt 0.412892 0.941924
vt 0.418573 0.965602
vt 0.410835 0.965357
vt 0.418573 0.932451
vt 0.411280 0.932663
vt 0.418573 0.974445
vt 0.406413 0.978557
vt 0.418573 0.923653
vt 0.407180 0.919291
vt 0.418573 0.982090
vt 0.405054 0.985564
vt 0.418573 0.916059
vt 0.406013 0.912257
vt 0.411179 0.932489
vt 0.380180 0.936860
vt 0.383297 0.941164
vt 0.380462 0.942431
vt 0.378490 0.940225
vt 0.398252 0.937101
vt 0.384147 0.936860
vt 0.387265 0.941164
vt 0.399604 0.954545
vt 0.387742 0.952040
vt 0.399747 0.943101
vt 0.387826 0.945302
vt 0.400165 0.948623
vt 0.387998 0.948562
vt 0.398530 0.976430
vt 0.399248 0.921206
vt 0.395264 0.981704
vt 0.380462 0.962616
vt 0.396126 0.915847
vt 0.380817 0.934538
vt 0.509524 0.972706
vt 0.509524 0.979455
vt 0.484579 0.979455
vt 0.484579 0.972706
vt 0.376495 0.962616
vt 0.379884 0.960382
vt 0.378282 0.956976
vt 0.375270 0.958131
vt 0.376850 0.934538
vt 0.375507 0.938991
vt 0.383110 0.956162
vt 0.380308 0.954823
vt 0.383775 0.952040
vt 0.380643 0.951808
vt 0.383858 0.945302
vt 0.380721 0.945455
vt 0.384031 0.948562
vt 0.380832 0.948546
vt 0.484579 0.983204
vt 0.484579 0.987164
vt 0.479048 0.987164
vt 0.479048 0.983204
vt 0.509524 0.921108
vt 0.509524 0.927857
vt 0.484579 0.927857
vt 0.484579 0.921108
vt 0.509524 0.962207
vt 0.509524 0.965957
vt 0.484579 0.965957
vt 0.484579 0.962207
vt 0.509524 0.917359
vt 0.484579 0.917359
vt 0.509524 0.958247
vt 0.484579 0.958247
vt 0.509524 0.913399
vt 0.484579 0.913399
vt 0.509524 0.950147
vt 0.484579 0.950147
vt 0.509524 0.905568
vt 0.484579 0.905568
vt 0.509524 0.942316
vt 0.484579 0.942316
vt 0.509524 0.987164
vt 0.509524 0.995265
vt 0.484579 0.995265
vt 0.509524 0.938356
vt 0.484579 0.938356
vt 0.509524 0.983204
vt 0.509524 0.934607
vt 0.484579 0.934607
vt 0.479048 0.950147
vt 0.479048 0.958247
vt 0.472988 0.958247
vt 0.472988 0.950147
vt 0.479048 0.938356
vt 0.479048 0.934607
vt 0.479048 0.979455
vt 0.479048 0.927857
vt 0.479048 0.972706
vt 0.479048 0.965957
vt 0.479048 0.921108
vt 0.479048 0.962207
vt 0.479048 0.917359
vt 0.479048 0.913399
vt 0.479048 0.905568
vt 0.479048 0.942316
vt 0.479048 0.995265
vt 0.472988 0.913399
vt 0.472988 0.905568
vt 0.472988 0.942316
vt 0.472988 0.995265
vt 0.472988 0.987164
vt 0.472988 0.938356
vt 0.472988 0.983204
vt 0.472988 0.934607
vt 0.472988 0.979455
vt 0.472988 0.927857
vt 0.472988 0.972706
vt 0.472988 0.965957
vt 0.472988 0.921108
vt 0.472988 0.962207
vt 0.472988 0.917359
vt 0.036629 0.646626
vt 0.046758 0.644611
vt 0.036629 0.620156
vt 0.767723 0.356824
vt 0.761225 0.334706
vt 0.767913 0.341773
vt 0.752011 0.331579
vt 0.719607 0.367400
vt 0.733078 0.376081
vt 0.726108 0.389518
vt 0.719416 0.382454
vt 0.748917 0.386177
vt 0.735323 0.392640
vt 0.767914 0.366442
vt 0.764406 0.375400
vt 0.757734 0.382331
vt 0.719416 0.357781
vt 0.722924 0.348823
vt 0.729596 0.341891
vt 0.055346 0.638873
vt 0.061084 0.630286
vt 0.063099 0.620156
vt 0.061084 0.610026
vt 0.055346 0.601439
vt 0.046758 0.595701
vt 0.036629 0.593686
vt 0.026499 0.595701
vt 0.017912 0.601439
vt 0.012174 0.610026
vt 0.010159 0.620156
vt 0.012174 0.630286
vt 0.017912 0.638873
vt 0.026499 0.644611
s 1
usemtl Gregar
f 4273/2549/5097 4274/2550/5098 4288/2551/5098 4289/2552/5097
f 4253/2553/5099 4255/2554/5100 4275/2555/5100 4274/2556/5099
f 4235/2557/5101 4236/2558/5101 4238/2559/5102 4237/2560/5102
f 4270/2561/5103 4271/2562/5104 4291/2563/5104 4292/2564/5103
f 4247/2565/5105 4249/2560/5106 4272/2566/5106 4271/2567/5105
f 4237/2560/5102 4238/2559/5102 4240/2568/5107 4239/2565/5108
f 4279/2569/5109 4280/2550/5110 4281/2551/5110 4283/2570/5109
f 4241/2571/5111 4243/2572/5112 4269/2573/5112 4268/2574/5111
f 4239/2565/5108 4240/2568/5107 4241/2571/5113
f 4233/2575/5114 4267/2562/5115 4295/2563/5115 4296/2576/5114
f 4265/2553/5116 4235/2557/5117 4234/2577/5117 4280/2556/5116
f 4241/2571/5118 4242/2578/5118 4244/2579/5119 4243/2572/5119
f 4269/2580/5120 4270/2561/5103 4292/2564/5103 4293/2581/5120
f 4261/2582/5121 4263/2554/5122 4279/2555/5122 4278/2583/5121
f 4243/2584/5119 4244/2585/5119 4246/2578/5123 4245/2571/5123
f 4272/2575/5124 4273/2549/5097 4289/2552/5097 4290/2576/5124
f 4255/2554/5100 4257/2582/5125 4276/2583/5125 4275/2555/5100
f 4245/2571/5126 4248/2568/5127 4247/2565/5127
f 4280/2550/5110 4234/2549/5128 4282/2586/5128 4281/2551/5110
f 4249/2560/5106 4251/2557/5129 4273/2577/5129 4272/2566/5106
f 4247/2565/5127 4248/2568/5127 4250/2559/5130 4249/2560/5130
f 4275/2569/5131 4276/2587/5132 4286/2588/5133 4287/2570/5131
f 4235/2557/5117 4237/2560/5134 4233/2566/5134 4234/2577/5117
f 4249/2560/5130 4250/2559/5130 4252/2558/5135 4251/2557/5135
f 4278/2587/5136 4279/2569/5109 4283/2570/5109 4284/2588/5137
f 4243/2584/5112 4245/2571/5138 4270/2574/5138 4269/2573/5112
f 4251/2557/5135 4252/2558/5135 4254/2589/5139 4253/2553/5139
f 4234/2549/5128 4233/2575/5114 4296/2576/5114 4282/2586/5128
f 4237/2560/5134 4239/2565/5140 4267/2567/5140 4233/2566/5134
f 4253/2553/5139 4254/2589/5139 4256/2590/5141 4255/2554/5142
f 4268/2561/5143 4269/2580/5120 4293/2581/5120 4294/2564/5143
f 4263/2554/5122 4265/2553/5116 4280/2556/5116 4279/2555/5122
f 4255/2554/5142 4256/2590/5141 4257/2582/5144
f 4271/2562/5104 4272/2575/5124 4290/2576/5124 4291/2563/5104
f 4257/2582/5125 4259/2591/5145 4277/2592/5145 4276/2583/5125
f 4257/2582/5146 4258/2593/5146 4260/2594/5147 4259/2591/5147
f 4274/2550/5098 4275/2569/5131 4287/2570/5131 4288/2551/5098
f 4251/2557/5129 4253/2553/5099 4274/2556/5099 4273/2577/5129
f 4259/2591/5147 4260/2594/5147 4262/2593/5148 4261/2582/5148
f 4281/2595/5149 4282/2596/5150 4298/2597/5150 4297/2598/5149
f 4245/2571/5138 4247/2565/5105 4271/2567/5105 4270/2574/5138
f 4261/2582/5151 4264/2590/5152 4263/2554/5152
f 4248/2599/5153 4409/2600/5154 4411/2601/5155
f 4277/2602/5156 4278/2587/5136 4284/2588/5137 4285/2603/5157
f 4263/2554/5152 4264/2590/5152 4266/2589/5158 4265/2553/5158
f 4276/2587/5132 4277/2602/5156 4285/2603/5157 4286/2588/5133
f 4259/2591/5145 4261/2582/5121 4278/2583/5121 4277/2592/5145
f 4265/2553/5158 4266/2589/5158 4236/2558/5101 4235/2557/5101
f 4239/2565/5140 4241/2571/5111 4268/2574/5111 4267/2567/5140
f 4267/2562/5115 4268/2561/5143 4294/2564/5143 4295/2563/5115
f 4394/2604/5159 4318/2605/5160 4319/2606/5159
f 4282/2596/5150 4296/2607/5161 4312/2608/5161 4298/2597/5150
f 4290/2607/5162 4289/2609/5163 4305/2610/5163 4306/2611/5164
f 4283/2612/5165 4281/2595/5149 4297/2598/5149 4299/2613/5166
f 4291/2614/5167 4290/2607/5162 4306/2611/5164 4307/2615/5168
f 4284/2616/5137 4299/2613/5166 4300/2617/5169
f 4292/2618/5170 4307/2615/5168 4308/2619/5171
f 4285/2620/5157 4284/2616/5137 4300/2617/5169 4301/2621/5172
f 4293/2622/5173 4292/2618/5170 4308/2619/5171 4309/2623/5173
f 4286/2616/5133 4285/2620/5157 4301/2621/5172 4302/2617/5174
f 4294/2618/5175 4293/2622/5173 4309/2623/5173 4310/2619/5176
f 4287/2612/5177 4286/2616/5133 4303/2613/5178
f 4295/2614/5179 4294/2618/5175 4311/2624/5180
f 4288/2595/5181 4287/2612/5177 4303/2613/5178 4304/2598/5181
f 4296/2607/5161 4295/2614/5179 4311/2624/5180 4312/2608/5161
f 4289/2609/5163 4288/2595/5181 4304/2598/5181 4305/2610/5163
f 4324/2625/5182 4323/2626/5182 4339/2627/5182 4340/2628/5182
f 4396/2629/5183 4326/2630/5184 4327/2631/5185
f 4397/2632/5186 4394/2604/5187 4320/2633/5188
f 4398/2634/5189 4396/2629/5190 4328/2635/5191
f 4399/2636/5192 4397/2632/5186 4320/2633/5188 4321/2637/5193
f 4401/2632/5194 4400/2636/5195 4314/2637/5196 4313/2633/5197
f 4400/2636/5195 4398/2634/5189 4328/2635/5191 4314/2637/5196
f 4402/2634/5198 4399/2636/5192 4321/2637/5193 4322/2635/5199
f 4403/2604/5200 4401/2632/5194 4313/2633/5197
f 4404/2629/5201 4402/2634/5198 4322/2635/5199
f 4405/2638/5202 4403/2604/5202 4316/2605/5203
f 4406/2639/5204 4404/2629/5204 4324/2630/5205
f 4407/2640/5206 4405/2638/5207 4316/2605/5207 4317/2641/5206
f 4408/2642/5208 4406/2639/5209 4324/2630/5209 4325/2643/5208
f 4393/2638/5210 4407/2640/5206 4317/2641/5206 4318/2605/5210
f 4395/2639/5211 4408/2642/5208 4325/2643/5208 4326/2630/5211
f 4330/2644/5212 4344/2645/5213 4360/2646/5213 4346/2647/5212
f 4317/2648/5214 4316/2649/5215 4332/2650/5215 4333/2651/5214
f 4325/2652/5216 4324/2625/5217 4340/2628/5217 4341/2653/5216
f 4318/2649/5218 4317/2648/5214 4333/2651/5214 4334/2650/5218
f 4326/2625/5219 4325/2652/5216 4341/2653/5216 4342/2628/5219
f 4319/2654/5220 4318/2649/5220 4334/2650/5220 4335/2655/5220
f 4327/2626/5221 4326/2625/5221 4342/2628/5221 4343/2627/5221
f 4320/2656/5222 4319/2654/5222 4335/2655/5222 4336/2657/5222
f 4328/2658/5223 4327/2626/5223 4343/2627/5223 4344/2659/5223
f 4321/2660/5224 4320/2656/5225 4336/2657/5225 4337/2661/5224
f 4313/2656/5226 4314/2660/5227 4330/2661/5227 4329/2657/5226
f 4314/2660/5227 4328/2658/5228 4344/2659/5228 4330/2661/5227
f 4322/2658/5229 4321/2660/5224 4337/2661/5224 4338/2659/5229
f 4315/2654/5230 4313/2656/5230 4329/2657/5230 4331/2655/5230
f 4323/2626/5231 4322/2658/5231 4338/2659/5231 4339/2627/5231
f 4316/2649/5232 4315/2654/5232 4331/2655/5232 4332/2650/5232
f 4359/2662/5233 4358/2663/5233 4374/2664/5233 4375/2665/5233
f 4338/2666/5234 4337/2667/5235 4353/2668/5235 4354/2669/5234
f 4331/2670/5236 4329/2671/5237 4345/2672/5237 4347/2673/5238
f 4339/2674/5239 4338/2666/5234 4354/2669/5234 4355/2675/5239
f 4332/2676/5240 4331/2670/5236 4347/2673/5238 4348/2677/5241
f 4340/2678/5242 4339/2674/5239 4355/2675/5239 4356/2679/5242
f 4333/2680/5243 4332/2676/5240 4348/2677/5241 4349/2681/5243
f 4341/2682/5244 4340/2678/5242 4356/2679/5242 4357/2683/5244
f 4334/2684/5245 4333/2680/5243 4349/2681/5243 4350/2685/5246
f 4342/2686/5247 4341/2687/5244 4357/2688/5244 4358/2663/5247
f 4335/2689/5248 4334/2684/5245 4350/2685/5246 4351/2690/5249
f 4343/2691/5250 4342/2686/5247 4358/2663/5247 4359/2662/5250
f 4336/2692/5251 4335/2689/5248 4351/2690/5249 4352/2693/5251
f 4344/2645/5213 4343/2691/5250 4359/2662/5250 4360/2646/5213
f 4337/2667/5235 4336/2692/5251 4352/2693/5251 4353/2668/5235
f 4329/2671/5237 4330/2644/5212 4346/2647/5212 4345/2672/5237
f 4365/2694/5252 4364/2695/5253 4380/2696/5253 4381/2697/5252
f 4352/2693/5233 4351/2690/5233 4367/2698/5233 4368/2699/5233
f 4360/2646/5233 4359/2662/5233 4375/2665/5233 4376/2700/5233
f 4353/2668/5233 4352/2693/5233 4368/2699/5233 4369/2701/5233
f 4345/2672/5233 4346/2647/5233 4362/2702/5233 4361/2703/5233
f 4346/2647/5233 4360/2646/5233 4376/2700/5233 4362/2702/5233
f 4354/2669/5233 4353/2668/5233 4369/2701/5233 4370/2704/5233
f 4347/2673/5233 4345/2672/5233 4361/2703/5233 4363/2705/5233
f 4355/2675/5233 4354/2669/5233 4370/2704/5233 4371/2706/5233
f 4348/2677/5233 4347/2673/5233 4363/2705/5233 4364/2695/5233
f 4356/2679/5233 4355/2675/5233 4371/2706/5233 4372/2707/5233
f 4349/2681/5233 4348/2677/5233 4364/2695/5233 4365/2694/5233
f 4357/2683/5233 4356/2679/5233 4372/2707/5233 4373/2708/5233
f 4350/2685/5233 4349/2681/5233 4365/2694/5233 4366/2709/5233
f 4358/2663/5233 4357/2688/5233 4373/2710/5233 4374/2664/5233
f 4351/2690/5233 4350/2685/5233 4366/2709/5233 4367/2698/5233
f 4373/2708/5254 4372/2707/5255 4388/2711/5255 4389/2712/5254
f 4366/2709/5256 4365/2694/5252 4381/2697/5252 4382/2713/5256
f 4374/2664/5257 4373/2710/5254 4389/2714/5254 4390/2715/5257
f 4367/2698/5258 4366/2709/5256 4382/2713/5256 4383/2716/5258
f 4375/2665/5259 4374/2664/5257 4390/2715/5257 4391/2717/5259
f 4368/2699/5260 4367/2698/5258 4383/2716/5258 4384/2718/5260
f 4376/2700/5261 4375/2665/5259 4391/2717/5259 4392/2719/5261
f 4369/2701/5262 4368/2699/5260 4384/2718/5260 4385/2720/5262
f 4361/2703/5263 4362/2702/5264 4378/2721/5264 4377/2722/5263
f 4362/2702/5264 4376/2700/5261 4392/2719/5261 4378/2721/5264
f 4370/2704/5265 4369/2701/5262 4385/2720/5262 4386/2723/5265
f 4363/2705/5266 4361/2703/5263 4377/2722/5263 4379/2724/5266
f 4371/2706/5267 4370/2704/5265 4386/2723/5265 4387/2725/5267
f 4364/2695/5253 4363/2705/5266 4379/2724/5266 4380/2696/5253
f 4372/2707/5255 4371/2706/5267 4387/2725/5267 4388/2711/5255
f 4310/2619/5268 4309/2623/5269 4408/2642/5269 4395/2639/5268
f 4302/2617/5270 4301/2621/5271 4407/2640/5271 4393/2638/5270
f 4309/2623/5269 4308/2619/5272 4406/2639/5272 4408/2642/5269
f 4301/2621/5271 4300/2617/5273 4405/2638/5273 4407/2640/5271
f 4308/2619/5274 4307/2615/5274 4404/2629/5204 4406/2639/5204
f 4300/2617/5275 4299/2613/5275 4403/2604/5202 4405/2638/5202
f 4307/2615/5276 4306/2611/5277 4402/2634/5198 4404/2629/5201
f 4299/2613/5278 4297/2598/5279 4401/2632/5194 4403/2604/5200
f 4306/2611/5277 4305/2610/5280 4399/2636/5192 4402/2634/5198
f 4298/2597/5281 4312/2608/5282 4398/2634/5189 4400/2636/5195
f 4297/2598/5279 4298/2597/5281 4400/2636/5195 4401/2632/5194
f 4305/2610/5280 4304/2598/5283 4397/2632/5186 4399/2636/5192
f 4312/2608/5282 4311/2624/5284 4396/2629/5190 4398/2634/5189
f 4311/2624/5285 4310/2619/5285 4395/2639/5286 4396/2629/5287
f 4303/2613/5288 4302/2617/5288 4393/2638/5289 4394/2604/5289
f 4303/2613/5290 4394/2604/5187 4397/2632/5186 4304/2598/5283
f 4324/2630/5291 4404/2629/5292 4323/2631/5293
f 4326/2630/5294 4396/2629/5287 4395/2639/5286
f 4313/2633/5295 4315/2606/5296 4403/2604/5296
f 4303/2613/5178 4286/2616/5133 4302/2617/5174
f 4299/2613/5166 4284/2616/5137 4283/2612/5165
f 4311/2624/5180 4294/2618/5175 4310/2619/5176
f 4316/2605/5297 4403/2604/5296 4315/2606/5296
f 4307/2615/5168 4292/2618/5170 4291/2614/5167
f 4318/2605/5298 4394/2604/5289 4393/2638/5289
f 4322/2635/5299 4323/2631/5293 4404/2629/5292
f 4328/2635/5300 4396/2629/5183 4327/2631/5185
f 4320/2633/5301 4394/2604/5159 4319/2606/5159
f 4378/2726/5233 4392/2727/5233 4412/2728/5233
f 4240/2729/5302 4409/2600/5154 4244/2730/5303 4242/2731/5304
f 4244/2730/5303 4409/2600/5154 4248/2599/5153 4246/2732/5305
f 4409/2600/5154 4240/2729/5302 4411/2601/5155
f 4256/2733/5306 4410/2734/5307 4260/2735/5308 4258/2736/5309
f 4260/2735/5308 4410/2734/5307 4264/2737/5310 4262/2738/5311
f 4240/2729/5302 4238/2739/5312 4411/2601/5155
f 4238/2739/5312 4236/2740/5313 4411/2601/5155
f 4236/2740/5313 4266/2741/5314 4411/2601/5155
f 4266/2741/5314 4264/2737/5310 4411/2601/5155
f 4264/2737/5310 4410/2734/5307 4411/2601/5155
f 4410/2734/5307 4256/2733/5306 4411/2601/5155
f 4256/2733/5306 4254/2742/5315 4411/2601/5155
f 4254/2742/5315 4252/2743/5316 4411/2601/5155
f 4252/2743/5316 4250/2744/5317 4411/2601/5155
f 4250/2744/5317 4248/2599/5153 4411/2601/5155
f 4392/2727/5233 4391/2745/5233 4412/2728/5233
f 4391/2745/5233 4390/2746/5233 4412/2728/5233
f 4390/2746/5233 4389/2747/5233 4412/2728/5233
f 4389/2747/5233 4388/2748/5233 4412/2728/5233
f 4388/2748/5233 4387/2749/5233 4412/2728/5233
f 4387/2749/5233 4386/2750/5233 4412/2728/5233
f 4386/2750/5233 4385/2751/5233 4412/2728/5233
f 4385/2751/5233 4384/2752/5233 4412/2728/5233
f 4384/2752/5233 4383/2753/5233 4412/2728/5233
f 4383/2753/5233 4382/2754/5233 4412/2728/5233
f 4382/2754/5233 4381/2755/5233 4412/2728/5233
f 4381/2755/5233 4380/2756/5233 4412/2728/5233
f 4380/2756/5233 4379/2757/5233 4412/2728/5233
f 4379/2757/5233 4377/2758/5233 4412/2728/5233
f 4377/2758/5233 4378/2726/5233 4412/2728/5233
f 4241/2571/5318 4240/2568/5318 4242/2578/5318
f 4257/2582/5319 4256/2590/5319 4258/2593/5319
f 4248/2568/5320 4245/2571/5320 4246/2578/5320
f 4264/2590/5321 4261/2582/5321 4262/2593/5321
